<record xmlns="http://www.openarchives.org/OAI/2.0/" xmlns:xsi="http://www.w3.org/2001/XMLSchema-instance"><header><identifier>oai:oai.datacite.org:1002091</identifier><datestamp>2015-08-20T19:14:55Z</datestamp><setSpec>CDL</setSpec><setSpec>CDL.DRYAD</setSpec></header><metadata><oai_datacite xmlns="http://schema.datacite.org/oai/oai-1.0/" xsi:schemaLocation="http://schema.datacite.org/oai/oai-1.0/ http://schema.datacite.org/oai/oai-1.0/oai.xsd"><isReferenceQuality>false</isReferenceQuality><schemaVersion>2.2</schemaVersion><datacentreSymbol>CDL.DRYAD</datacentreSymbol><payload><resource xmlns="http://datacite.org/schema/kernel-2.2" xmlns:dryad="http://purl.org/dryad/terms/" xmlns:dim="http://www.dspace.org/xmlns/dspace/dim" xmlns:dspace="http://www.dspace.org/xmlns/dspace/dim" xmlns:mets="http://www.loc.gov/METS/" xmlns:xsi="http://www.w3.org/2001/XMLSchema-instance" metadataVersionNumber="1" lastMetadataUpdate="2006-05-04" xsi:schemaLocation="http://datacite.org/schema/kernel-2.2 http://schema.datacite.org/meta/kernel-2.2/metadata.xsd">
  <identifier identifierType="DOI">10.5061/DRYAD.112DG</identifier>
  <creators>
      <creator>
         <creatorName>Dahdul, Wasila M.</creatorName>
      </creator>
      <creator>
         <creatorName>Lundberg, John G.</creatorName>
      </creator>
      <creator>
         <creatorName>Midford, Peter E.</creatorName>
      </creator>
      <creator>
         <creatorName>Balhoff, James P.</creatorName>
      </creator>
      <creator>
         <creatorName>Lapp, Hilmar</creatorName>
      </creator>
      <creator>
         <creatorName>Vision, Todd J.</creatorName>
      </creator>
      <creator>
         <creatorName>Haendel, Melissa A.</creatorName>
      </creator>
      <creator>
         <creatorName>Westerfield, Monte</creatorName>
      </creator>
      <creator>
         <creatorName>Mabee, Paula M.</creatorName>
      </creator>
  </creators>
  <titles>
      <title>Data from: The Teleost Anatomy Ontology: anatomical representation for the genomics age</title>
  </titles>
  <publisher>Dryad Digital Repository</publisher>
  <publicationYear>2015</publicationYear>
  <subjects>
      <subject>bioinformatics</subject>
      <subject>devo-evo</subject>
      <subject>fish</subject>
      <subject>morphology</subject>
      <subject>ontology</subject>
      <subject>Teleostei</subject>
  </subjects>
  <resourceType resourceTypeGeneral="Dataset">DataPackage</resourceType>
  <relatedIdentifiers>
      <relatedIdentifier relationType="HasPart" relatedIdentifierType="DOI">10.5061/DRYAD.112DG.2/1.1</relatedIdentifier>
      <relatedIdentifier relationType="HasPart" relatedIdentifierType="DOI">10.5061/DRYAD.112DG.2/2</relatedIdentifier>
      <relatedIdentifier relationType="IsReferencedBy" relatedIdentifierType="DOI">10.1093/SYSBIO/SYQ013</relatedIdentifier>
  </relatedIdentifiers>
  <rights>http://creativecommons.org/publicdomain/zero/1.0/</rights>
</resource></payload></oai_datacite></metadata></record>
