<record xmlns="http://www.openarchives.org/OAI/2.0/" xmlns:xsi="http://www.w3.org/2001/XMLSchema-instance"><header><identifier>oai:oai.datacite.org:1002160</identifier><datestamp>2015-10-22T17:54:39Z</datestamp><setSpec>CDL</setSpec><setSpec>CDL.DRYAD</setSpec></header><metadata><oai_datacite xmlns="http://schema.datacite.org/oai/oai-1.0/" xsi:schemaLocation="http://schema.datacite.org/oai/oai-1.0/ http://schema.datacite.org/oai/oai-1.0/oai.xsd"><isReferenceQuality>false</isReferenceQuality><schemaVersion>2.2</schemaVersion><datacentreSymbol>CDL.DRYAD</datacentreSymbol><payload><resource xmlns="http://datacite.org/schema/kernel-2.2" xmlns:dryad="http://purl.org/dryad/terms/" xmlns:dim="http://www.dspace.org/xmlns/dspace/dim" xmlns:dspace="http://www.dspace.org/xmlns/dspace/dim" xmlns:mets="http://www.loc.gov/METS/" xmlns:xsi="http://www.w3.org/2001/XMLSchema-instance" metadataVersionNumber="1" lastMetadataUpdate="2006-05-04" xsi:schemaLocation="http://datacite.org/schema/kernel-2.2 http://schema.datacite.org/meta/kernel-2.2/metadata.xsd">
  <identifier identifierType="DOI">10.5061/DRYAD.566N8</identifier>
  <creators>
      <creator>
         <creatorName>Gao, Jie</creatorName>
      </creator>
      <creator>
         <creatorName>Wang, Baosheng</creatorName>
      </creator>
      <creator>
         <creatorName>Mao, Jian-Feng</creatorName>
      </creator>
      <creator>
         <creatorName>Ingvarsson, P&#228;r</creatorName>
      </creator>
      <creator>
         <creatorName>Zeng, Qing-Ying</creatorName>
      </creator>
      <creator>
         <creatorName>Wang, Xiao-Ru</creatorName>
      </creator>
  </creators>
  <titles>
      <title>Data from: Demography and speciation history of the homoploid hybrid pine Pinus densata on the Tibetan Plateau</title>
  </titles>
  <publisher>Dryad Digital Repository</publisher>
  <publicationYear>2012</publicationYear>
  <subjects>
      <subject>Speciation</subject>
      <subject>Hybridization</subject>
      <subject>Population Dynamics</subject>
      <subject>Population Genetics - Empirical</subject>
      <subject>Tibetan Plateau</subject>
      <subject>Miocene</subject>
      <subject>Pliocene</subject>
      <subject>Pleistocene</subject>
      <subject>Pinus densata</subject>
      <subject>Pinus tabuliformis</subject>
      <subject>Pinus yunnanensis</subject>
  </subjects>
  <resourceType resourceTypeGeneral="Dataset">DataPackage</resourceType>
  <alternateIdentifiers>
      <alternateIdentifier alternateIdentifierType="citation">Gao J, Wang B, Mao J, Ingvarsson P, Zeng Q, Wang X (2012) Demography and speciation history of the homoploid hybrid pine Pinus densata on the Tibetan Plateau. Molecular Ecology: 21(19) 4811-4827.</alternateIdentifier>
  </alternateIdentifiers>
  <relatedIdentifiers>
      <relatedIdentifier relationType="HasPart" relatedIdentifierType="DOI">10.5061/DRYAD.566N8/2</relatedIdentifier>
      <relatedIdentifier relationType="HasPart" relatedIdentifierType="DOI">10.5061/DRYAD.566N8/4</relatedIdentifier>
      <relatedIdentifier relationType="HasPart" relatedIdentifierType="DOI">10.5061/DRYAD.566N8/5</relatedIdentifier>
      <relatedIdentifier relationType="HasPart" relatedIdentifierType="DOI">10.5061/DRYAD.566N8/6</relatedIdentifier>
      <relatedIdentifier relationType="HasPart" relatedIdentifierType="DOI">10.5061/DRYAD.566N8/7</relatedIdentifier>
      <relatedIdentifier relationType="IsReferencedBy" relatedIdentifierType="DOI">10.1111/J.1365-294X.2012.05712.X</relatedIdentifier>
      <relatedIdentifier relationType="IsReferencedBy" relatedIdentifierType="DOI"/>
  </relatedIdentifiers>
  <rights>http://creativecommons.org/publicdomain/zero/1.0/</rights>
</resource></payload></oai_datacite></metadata></record>
