<record xmlns="http://www.openarchives.org/OAI/2.0/" xmlns:xsi="http://www.w3.org/2001/XMLSchema-instance"><header><identifier>oai:oai.datacite.org:1002707</identifier><datestamp>2015-10-21T16:51:07Z</datestamp><setSpec>CDL</setSpec><setSpec>CDL.DRYAD</setSpec></header><metadata><oai_datacite xmlns="http://schema.datacite.org/oai/oai-1.0/" xsi:schemaLocation="http://schema.datacite.org/oai/oai-1.0/ http://schema.datacite.org/oai/oai-1.0/oai.xsd"><isReferenceQuality>false</isReferenceQuality><schemaVersion>2.2</schemaVersion><datacentreSymbol>CDL.DRYAD</datacentreSymbol><payload><resource xmlns="http://datacite.org/schema/kernel-2.2" xmlns:dryad="http://purl.org/dryad/terms/" xmlns:dim="http://www.dspace.org/xmlns/dspace/dim" xmlns:dspace="http://www.dspace.org/xmlns/dspace/dim" xmlns:mets="http://www.loc.gov/METS/" xmlns:xsi="http://www.w3.org/2001/XMLSchema-instance" metadataVersionNumber="1" lastMetadataUpdate="2006-05-04" xsi:schemaLocation="http://datacite.org/schema/kernel-2.2 http://schema.datacite.org/meta/kernel-2.2/metadata.xsd">
  <identifier identifierType="DOI">10.5061/DRYAD.36MD8</identifier>
  <creators>
      <creator>
         <creatorName>Runcie, Daniel E.</creatorName>
      </creator>
      <creator>
         <creatorName>Garfield, David A.</creatorName>
      </creator>
      <creator>
         <creatorName>Babbitt, Courtney C.</creatorName>
      </creator>
      <creator>
         <creatorName>Wygoda, Jennifer A.</creatorName>
      </creator>
      <creator>
         <creatorName>Wray, Gregory A.</creatorName>
      </creator>
      <creator>
         <creatorName>Mukherjee, Sayan</creatorName>
      </creator>
  </creators>
  <titles>
      <title>Data from: Genetics of gene expression responses to temperature stress in a sea urchin gene network</title>
  </titles>
  <publisher>Dryad Digital Repository</publisher>
  <publicationYear>2012</publicationYear>
  <subjects>
      <subject>Climate Change</subject>
      <subject>Echinoderms</subject>
      <subject>Phenotypic Plasticity</subject>
      <subject>Quantitative Genetics</subject>
      <subject>Transcriptomics</subject>
      <subject>Monterey</subject>
      <subject>California</subject>
      <subject>USA</subject>
      <subject>Strongylocentrotus purpuratus</subject>
  </subjects>
  <resourceType resourceTypeGeneral="Dataset">DataPackage</resourceType>
  <alternateIdentifiers>
      <alternateIdentifier alternateIdentifierType="citation">Runcie DE, Garfield DA, Babbitt CC, Wygoda JA, Wray GA, Mukherjee S (2012) Genetics of gene expression responses to temperature stress in a sea urchin gene network. Molecular Ecology 21(18): 4547&#8211;4562.</alternateIdentifier>
  </alternateIdentifiers>
  <relatedIdentifiers>
      <relatedIdentifier relationType="HasPart" relatedIdentifierType="DOI">10.5061/DRYAD.36MD8/1</relatedIdentifier>
      <relatedIdentifier relationType="IsReferencedBy" relatedIdentifierType="DOI">10.1111/J.1365-294X.2012.05717.X</relatedIdentifier>
      <relatedIdentifier relationType="IsReferencedBy" relatedIdentifierType="DOI"/>
  </relatedIdentifiers>
  <rights>http://creativecommons.org/publicdomain/zero/1.0/</rights>
</resource></payload></oai_datacite></metadata></record>
