<record xmlns="http://www.openarchives.org/OAI/2.0/" xmlns:xsi="http://www.w3.org/2001/XMLSchema-instance"><header><identifier>oai:oai.datacite.org:1002088</identifier><datestamp>2014-05-30T00:23:45Z</datestamp><setSpec>CDL</setSpec><setSpec>CDL.DRYAD</setSpec></header><metadata><oai_datacite xmlns="http://schema.datacite.org/oai/oai-1.0/" xsi:schemaLocation="http://schema.datacite.org/oai/oai-1.0/ http://schema.datacite.org/oai/oai-1.0/oai.xsd"><isReferenceQuality>false</isReferenceQuality><schemaVersion>2.2</schemaVersion><datacentreSymbol>CDL.DRYAD</datacentreSymbol><payload><resource xmlns="http://datacite.org/schema/kernel-2.2" xmlns:dryad="http://purl.org/dryad/terms/" xmlns:dim="http://www.dspace.org/xmlns/dspace/dim" xmlns:dspace="http://www.dspace.org/xmlns/dspace/dim" xmlns:mets="http://www.loc.gov/METS/" xmlns:xsi="http://www.w3.org/2001/XMLSchema-instance" metadataVersionNumber="1" lastMetadataUpdate="2006-05-04" xsi:schemaLocation="http://datacite.org/schema/kernel-2.2 http://schema.datacite.org/meta/kernel-2.2/metadata.xsd">
  <identifier identifierType="DOI">10.5061/DRYAD.17GK0</identifier>
  <creators>
      <creator>
         <creatorName>Mart&#237;nez, Amparo M.</creatorName>
      </creator>
      <creator>
         <creatorName>Gama, Luis T.</creatorName>
      </creator>
      <creator>
         <creatorName>Ca&#241;&#243;n, Javier</creatorName>
      </creator>
      <creator>
         <creatorName>Ginja, Catarina</creatorName>
      </creator>
      <creator>
         <creatorName>Delgado, Juan V.</creatorName>
      </creator>
      <creator>
         <creatorName>Dunner, Susana</creatorName>
      </creator>
      <creator>
         <creatorName>Landi, Vincenzo</creatorName>
      </creator>
      <creator>
         <creatorName>Mart&#237;n-Burriel, Inmaculada</creatorName>
      </creator>
      <creator>
         <creatorName>T. Penedo, M. Cecilia</creatorName>
      </creator>
      <creator>
         <creatorName>Rodellar, Clementina</creatorName>
      </creator>
      <creator>
         <creatorName>Vega-Pla, Jose Luis</creatorName>
      </creator>
      <creator>
         <creatorName>Acosta, Atzel</creatorName>
      </creator>
      <creator>
         <creatorName>&#193;lvarez, Luz &#193;ngela</creatorName>
      </creator>
      <creator>
         <creatorName>Camacho, Esperanza</creatorName>
      </creator>
      <creator>
         <creatorName>Cort&#233;s, &#211;scar</creatorName>
      </creator>
      <creator>
         <creatorName>Marques, Jos&#233; Ribamar</creatorName>
      </creator>
      <creator>
         <creatorName>Mart&#237;nez, &#211;scar Roberto</creatorName>
      </creator>
      <creator>
         <creatorName>Mart&#237;nez, Rub&#233;n Dar&#237;o</creatorName>
      </creator>
      <creator>
         <creatorName>Melucci, Lilia</creatorName>
      </creator>
      <creator>
         <creatorName>Mart&#237;nez-Vel&#225;zquez, Guillermo</creatorName>
      </creator>
      <creator>
         <creatorName>Mu&#241;oz, Jose Ernesto</creatorName>
      </creator>
      <creator>
         <creatorName>Postiglioni, Alicia</creatorName>
      </creator>
      <creator>
         <creatorName>Quiroz, Jorge</creatorName>
      </creator>
      <creator>
         <creatorName>Sponenberg, Philip</creatorName>
      </creator>
      <creator>
         <creatorName>Uffo, Odalys</creatorName>
      </creator>
      <creator>
         <creatorName>Villalobos, Axel</creatorName>
      </creator>
      <creator>
         <creatorName>Zambrano, Delsito</creatorName>
      </creator>
      <creator>
         <creatorName>Zaragoza, Pilar</creatorName>
      </creator>
  </creators>
  <titles>
      <title>Data from: Genetic footprints of Iberian cattle in America 500 years after the arrival of Columbus</title>
  </titles>
  <publisher>Dryad Digital Repository</publisher>
  <publicationYear>2013</publicationYear>
  <subjects>
      <subject>Creole Cattle</subject>
      <subject>domestic animal genetic resources</subject>
      <subject>conservation</subject>
      <subject>microsatellites</subject>
      <subject>population structure</subject>
      <subject>genetic relationships</subject>
      <subject>America</subject>
      <subject>Europe</subject>
      <subject>Bos taurus</subject>
      <subject>Bos indicus</subject>
  </subjects>
  <resourceType resourceTypeGeneral="Dataset">DataPackage</resourceType>
  <alternateIdentifiers>
      <alternateIdentifier alternateIdentifierType="citation">Mart&#237;nez AM, Gama LT, Ca&#241;&#243;n J, Ginja C, Delgado JV, Dunner S, Landi V, Mart&#237;n-Burriel I, T Penedo MC, Rodellar C, Vega-Pla JL, Acosta A, &#193;lvarez L&#193;, Camacho E, Cort&#233;s &#211;, Marques JR, Mart&#237;nez &#211;R, Mart&#237;nez RD, Melucci L, Mart&#237;nez-Vel&#225;zquez G, Mu&#241;oz JE, Postiglioni A, Quiroz J, Sponenberg P, Uffo O, Villalobos A, Zambrano D, Zaragoza P (2012) Genetic footprints of Iberian cattle in America 500 years after the arrival of Columbus. PLoS ONE 7(11): e49066.</alternateIdentifier>
  </alternateIdentifiers>
  <relatedIdentifiers>
      <relatedIdentifier relationType="HasPart" relatedIdentifierType="DOI">10.5061/DRYAD.17GK0/1</relatedIdentifier>
      <relatedIdentifier relationType="HasPart" relatedIdentifierType="DOI">10.5061/DRYAD.17GK0/2</relatedIdentifier>
      <relatedIdentifier relationType="IsReferencedBy" relatedIdentifierType="DOI">10.1371/JOURNAL.PONE.0049066</relatedIdentifier>
      <relatedIdentifier relationType="IsReferencedBy" relatedIdentifierType="DOI"/>
  </relatedIdentifiers>
  <rights>http://creativecommons.org/publicdomain/zero/1.0/</rights>
</resource></payload></oai_datacite></metadata></record>
