<record xmlns="http://www.openarchives.org/OAI/2.0/" xmlns:xsi="http://www.w3.org/2001/XMLSchema-instance"><header><identifier>oai:oai.datacite.org:1002159</identifier><datestamp>2014-05-29T21:25:06Z</datestamp><setSpec>CDL</setSpec><setSpec>CDL.DRYAD</setSpec></header><metadata><oai_datacite xmlns="http://schema.datacite.org/oai/oai-1.0/" xsi:schemaLocation="http://schema.datacite.org/oai/oai-1.0/ http://schema.datacite.org/oai/oai-1.0/oai.xsd"><isReferenceQuality>false</isReferenceQuality><schemaVersion>2.2</schemaVersion><datacentreSymbol>CDL.DRYAD</datacentreSymbol><payload><resource xmlns="http://datacite.org/schema/kernel-2.2" xmlns:dryad="http://purl.org/dryad/terms/" xmlns:dim="http://www.dspace.org/xmlns/dspace/dim" xmlns:dspace="http://www.dspace.org/xmlns/dspace/dim" xmlns:mets="http://www.loc.gov/METS/" xmlns:xsi="http://www.w3.org/2001/XMLSchema-instance" metadataVersionNumber="1" lastMetadataUpdate="2006-05-04" xsi:schemaLocation="http://datacite.org/schema/kernel-2.2 http://schema.datacite.org/meta/kernel-2.2/metadata.xsd">
  <identifier identifierType="DOI">10.5061/DRYAD.3NH92</identifier>
  <creators>
      <creator>
         <creatorName>Nichols, Ruth V.</creatorName>
      </creator>
      <creator>
         <creatorName>K&#246;nigsson, Helena</creatorName>
      </creator>
      <creator>
         <creatorName>Danell, Kjell</creatorName>
      </creator>
      <creator>
         <creatorName>Spong, G&#246;ran</creatorName>
      </creator>
  </creators>
  <titles>
      <title>Data from: Browsed twig environmental DNA: diagnostic PCR to identify ungulate species</title>
  </titles>
  <publisher>Dryad Digital Repository</publisher>
  <publicationYear>2012</publicationYear>
  <subjects>
      <subject>Ecological Genetics</subject>
      <subject>Mammals</subject>
      <subject>Species Interactions</subject>
      <subject>Wildlife Management</subject>
      <subject>Foraging Patterns</subject>
      <subject>Forest Ecosystems</subject>
      <subject>Sweden</subject>
      <subject>Alces alces</subject>
      <subject>Capreolus capreolus</subject>
      <subject>Cervus dama</subject>
      <subject>Cervus elaphus</subject>
      <subject>Cervidae</subject>
  </subjects>
  <resourceType resourceTypeGeneral="Dataset">DataPackage</resourceType>
  <alternateIdentifiers>
      <alternateIdentifier alternateIdentifierType="citation">Nichols RV, K&#246;nigsson H, Danell K, Spong G (2012) Browsed twig environmental DNA: diagnostic PCR to identify ungulate species. Molecular Ecology Resources 12(6): 983&#8211;98.</alternateIdentifier>
  </alternateIdentifiers>
  <relatedIdentifiers>
      <relatedIdentifier relationType="HasPart" relatedIdentifierType="DOI">10.5061/DRYAD.3NH92/1</relatedIdentifier>
      <relatedIdentifier relationType="IsReferencedBy" relatedIdentifierType="DOI">10.1111/J.1755-0998.2012.03172.X</relatedIdentifier>
      <relatedIdentifier relationType="IsReferencedBy" relatedIdentifierType="DOI"/>
  </relatedIdentifiers>
  <rights>http://creativecommons.org/publicdomain/zero/1.0/</rights>
</resource></payload></oai_datacite></metadata></record>
