<record xmlns="http://www.openarchives.org/OAI/2.0/" xmlns:xsi="http://www.w3.org/2001/XMLSchema-instance"><header><identifier>oai:oai.datacite.org:1002699</identifier><datestamp>2014-05-29T21:12:35Z</datestamp><setSpec>CDL</setSpec><setSpec>CDL.DRYAD</setSpec></header><metadata><oai_datacite xmlns="http://schema.datacite.org/oai/oai-1.0/" xsi:schemaLocation="http://schema.datacite.org/oai/oai-1.0/ http://schema.datacite.org/oai/oai-1.0/oai.xsd"><isReferenceQuality>false</isReferenceQuality><schemaVersion>2.2</schemaVersion><datacentreSymbol>CDL.DRYAD</datacentreSymbol><payload><resource xmlns="http://datacite.org/schema/kernel-2.2" xmlns:dryad="http://purl.org/dryad/terms/" xmlns:dim="http://www.dspace.org/xmlns/dspace/dim" xmlns:dspace="http://www.dspace.org/xmlns/dspace/dim" xmlns:mets="http://www.loc.gov/METS/" xmlns:xsi="http://www.w3.org/2001/XMLSchema-instance" metadataVersionNumber="1" lastMetadataUpdate="2006-05-04" xsi:schemaLocation="http://datacite.org/schema/kernel-2.2 http://schema.datacite.org/meta/kernel-2.2/metadata.xsd">
  <identifier identifierType="DOI">10.5061/DRYAD.QP6C3</identifier>
  <creators>
      <creator>
         <creatorName>de Boer, Jetske G.</creatorName>
      </creator>
      <creator>
         <creatorName>Kuijper, Bram</creatorName>
      </creator>
      <creator>
         <creatorName>Heimpel, George E.</creatorName>
      </creator>
      <creator>
         <creatorName>Beukeboom, Leo W.</creatorName>
      </creator>
  </creators>
  <titles>
      <title>Data from: Sex determination meltdown upon biological control introduction of the parasitoid Cotesia rubecula?</title>
  </titles>
  <publisher>Dryad Digital Repository</publisher>
  <publicationYear>2012</publicationYear>
  <subjects>
      <subject>Evolution of sex</subject>
      <subject>Biological Control</subject>
      <subject>Genetic load</subject>
      <subject>Inbreeding</subject>
      <subject>Europe</subject>
      <subject>North America</subject>
      <subject>Cotesia rubecula</subject>
      <subject>Pieris rapae</subject>
  </subjects>
  <resourceType resourceTypeGeneral="Dataset">DataPackage</resourceType>
  <alternateIdentifiers>
      <alternateIdentifier alternateIdentifierType="citation">de Boer JG, Kuijper B, Heimpel GE, Beukeboom LW (2012) Sex determination meltdown upon biological control introduction of the parasitoid Cotesia rubecula? Evolutionary Applications 5(5): 444-454.</alternateIdentifier>
  </alternateIdentifiers>
  <relatedIdentifiers>
      <relatedIdentifier relationType="HasPart" relatedIdentifierType="DOI">10.5061/DRYAD.QP6C3/1</relatedIdentifier>
      <relatedIdentifier relationType="IsReferencedBy" relatedIdentifierType="DOI">10.1111/J.1752-4571.2012.00270.X</relatedIdentifier>
      <relatedIdentifier relationType="IsReferencedBy" relatedIdentifierType="DOI"/>
  </relatedIdentifiers>
  <rights>http://creativecommons.org/publicdomain/zero/1.0/</rights>
</resource></payload></oai_datacite></metadata></record>
