<record xmlns="http://www.openarchives.org/OAI/2.0/" xmlns:xsi="http://www.w3.org/2001/XMLSchema-instance"><header><identifier>oai:oai.datacite.org:1002700</identifier><datestamp>2014-05-29T21:41:03Z</datestamp><setSpec>CDL</setSpec><setSpec>CDL.DRYAD</setSpec></header><metadata><oai_datacite xmlns="http://schema.datacite.org/oai/oai-1.0/" xsi:schemaLocation="http://schema.datacite.org/oai/oai-1.0/ http://schema.datacite.org/oai/oai-1.0/oai.xsd"><isReferenceQuality>false</isReferenceQuality><schemaVersion>2.2</schemaVersion><datacentreSymbol>CDL.DRYAD</datacentreSymbol><payload><resource xmlns="http://datacite.org/schema/kernel-2.2" xmlns:dryad="http://purl.org/dryad/terms/" xmlns:dim="http://www.dspace.org/xmlns/dspace/dim" xmlns:dspace="http://www.dspace.org/xmlns/dspace/dim" xmlns:mets="http://www.loc.gov/METS/" xmlns:xsi="http://www.w3.org/2001/XMLSchema-instance" metadataVersionNumber="1" lastMetadataUpdate="2006-05-04" xsi:schemaLocation="http://datacite.org/schema/kernel-2.2 http://schema.datacite.org/meta/kernel-2.2/metadata.xsd">
  <identifier identifierType="DOI">10.5061/DRYAD.N4S1R</identifier>
  <creators>
      <creator>
         <creatorName>Anderson, Joseph H.</creatorName>
      </creator>
      <creator>
         <creatorName>Faulds, Paul L.</creatorName>
      </creator>
      <creator>
         <creatorName>Atlas, William I.</creatorName>
      </creator>
      <creator>
         <creatorName>Quinn, Thomas P.</creatorName>
      </creator>
  </creators>
  <titles>
      <title>Data from: Reproductive success of captively bred and naturally spawned Chinook salmon colonizing newly accessible habitat</title>
  </titles>
  <publisher>Dryad Digital Repository</publisher>
  <publicationYear>2012</publicationYear>
  <subjects>
      <subject>Captive Populations</subject>
      <subject>Conservation Biology</subject>
      <subject>Natural Selection and Contemporary Evolution</subject>
      <subject>Fisheries Management</subject>
      <subject>Reintroduction</subject>
      <subject>Hatchery</subject>
      <subject>Dams</subject>
      <subject>Pedigree</subject>
      <subject>Cedar River</subject>
      <subject>Washington state</subject>
      <subject>USA</subject>
      <subject>Oncorhynchus tshawytscha</subject>
  </subjects>
  <resourceType resourceTypeGeneral="Dataset">DataPackage</resourceType>
  <alternateIdentifiers>
      <alternateIdentifier alternateIdentifierType="citation">Anderson JH, Faulds PL, Atlas WI, Quinn TP (2012) Reproductive success of captively bred and naturally spawned Chinook salmon colonizing newly accessible habitat. Evolutionary Applications 6(2): 165&#8211;179.</alternateIdentifier>
  </alternateIdentifiers>
  <relatedIdentifiers>
      <relatedIdentifier relationType="HasPart" relatedIdentifierType="DOI">10.5061/DRYAD.N4S1R/1</relatedIdentifier>
      <relatedIdentifier relationType="HasPart" relatedIdentifierType="DOI">10.5061/DRYAD.N4S1R/2</relatedIdentifier>
      <relatedIdentifier relationType="IsReferencedBy" relatedIdentifierType="DOI">10.1111/J.1752-4571.2012.00271.X</relatedIdentifier>
      <relatedIdentifier relationType="IsReferencedBy" relatedIdentifierType="DOI"/>
  </relatedIdentifiers>
  <rights>http://creativecommons.org/publicdomain/zero/1.0/</rights>
</resource></payload></oai_datacite></metadata></record>
