<record xmlns="http://www.openarchives.org/OAI/2.0/" xmlns:xsi="http://www.w3.org/2001/XMLSchema-instance"><header><identifier>oai:oai.datacite.org:1002702</identifier><datestamp>2014-05-29T21:10:35Z</datestamp><setSpec>CDL</setSpec><setSpec>CDL.DRYAD</setSpec></header><metadata><oai_datacite xmlns="http://schema.datacite.org/oai/oai-1.0/" xsi:schemaLocation="http://schema.datacite.org/oai/oai-1.0/ http://schema.datacite.org/oai/oai-1.0/oai.xsd"><isReferenceQuality>false</isReferenceQuality><schemaVersion>2.2</schemaVersion><datacentreSymbol>CDL.DRYAD</datacentreSymbol><payload><resource xmlns="http://datacite.org/schema/kernel-2.2" xmlns:dryad="http://purl.org/dryad/terms/" xmlns:dim="http://www.dspace.org/xmlns/dspace/dim" xmlns:dspace="http://www.dspace.org/xmlns/dspace/dim" xmlns:mets="http://www.loc.gov/METS/" xmlns:xsi="http://www.w3.org/2001/XMLSchema-instance" metadataVersionNumber="1" lastMetadataUpdate="2006-05-04" xsi:schemaLocation="http://datacite.org/schema/kernel-2.2 http://schema.datacite.org/meta/kernel-2.2/metadata.xsd">
  <identifier identifierType="DOI">10.5061/DRYAD.37R9P</identifier>
  <creators>
      <creator>
         <creatorName>Aerts, Raf</creatorName>
      </creator>
      <creator>
         <creatorName>Berecha, Gezahegn</creatorName>
      </creator>
      <creator>
         <creatorName>Gijbels, Pieter</creatorName>
      </creator>
      <creator>
         <creatorName>Hundera, Kitessa</creatorName>
      </creator>
      <creator>
         <creatorName>Van Glabeke, Sabine</creatorName>
      </creator>
      <creator>
         <creatorName>Vandepitte, Katrien</creatorName>
      </creator>
      <creator>
         <creatorName>Muys, Bart</creatorName>
      </creator>
      <creator>
         <creatorName>Rold&#225;n-Ruiz, Isabel</creatorName>
      </creator>
      <creator>
         <creatorName>Honnay, Olivier</creatorName>
      </creator>
  </creators>
  <titles>
      <title>Data from: Genetic variation and risks of introgression in the wild Coffea arabica gene pool in south-western Ethiopian montane rainforests</title>
  </titles>
  <publisher>Dryad Digital Repository</publisher>
  <publicationYear>2012</publicationYear>
  <subjects>
      <subject>Conservation Biology</subject>
      <subject>Conservation Genetics</subject>
      <subject>Contemporary Evolution</subject>
      <subject>Ecosystem Services</subject>
      <subject>Forest Management</subject>
      <subject>Habitat Degradation</subject>
      <subject>Population Genetics - Empirical</subject>
      <subject>Forest Ecology</subject>
      <subject>Introgression</subject>
      <subject>Jimma</subject>
      <subject>Oromiya</subject>
      <subject>Ethiopia</subject>
      <subject>Gera forest</subject>
      <subject>Garuke</subject>
      <subject>Holocene</subject>
      <subject>Coffea arabica</subject>
  </subjects>
  <resourceType resourceTypeGeneral="Dataset">DataPackage</resourceType>
  <alternateIdentifiers>
      <alternateIdentifier alternateIdentifierType="citation">Aerts R, Berecha G, Gijbels P, Hundera K, Van Glabeke S, Vandepitte K, Muys B, Rold&#225;n-Ruiz I, Honnay O (2012) Genetic variation and risks of introgression in the wild Coffea arabica gene pool in south-western Ethiopian montane rainforests. Evolutionary Applications 6(2): 243&#8211;252.</alternateIdentifier>
  </alternateIdentifiers>
  <relatedIdentifiers>
      <relatedIdentifier relationType="HasPart" relatedIdentifierType="DOI">10.5061/DRYAD.37R9P/1</relatedIdentifier>
      <relatedIdentifier relationType="IsReferencedBy" relatedIdentifierType="DOI">10.1111/J.1752-4571.2012.00285.X</relatedIdentifier>
      <relatedIdentifier relationType="IsReferencedBy" relatedIdentifierType="DOI"/>
  </relatedIdentifiers>
  <rights>http://creativecommons.org/publicdomain/zero/1.0/</rights>
</resource></payload></oai_datacite></metadata></record>
