<record xmlns="http://www.openarchives.org/OAI/2.0/" xmlns:xsi="http://www.w3.org/2001/XMLSchema-instance"><header><identifier>oai:oai.datacite.org:1004245</identifier><datestamp>2014-05-29T21:29:57Z</datestamp><setSpec>CDL</setSpec><setSpec>CDL.DRYAD</setSpec></header><metadata><oai_datacite xmlns="http://schema.datacite.org/oai/oai-1.0/" xsi:schemaLocation="http://schema.datacite.org/oai/oai-1.0/ http://schema.datacite.org/oai/oai-1.0/oai.xsd"><isReferenceQuality>false</isReferenceQuality><schemaVersion>2.2</schemaVersion><datacentreSymbol>CDL.DRYAD</datacentreSymbol><payload><resource xmlns="http://datacite.org/schema/kernel-2.2" xmlns:dryad="http://purl.org/dryad/terms/" xmlns:dim="http://www.dspace.org/xmlns/dspace/dim" xmlns:dspace="http://www.dspace.org/xmlns/dspace/dim" xmlns:mets="http://www.loc.gov/METS/" xmlns:xsi="http://www.w3.org/2001/XMLSchema-instance" metadataVersionNumber="1" lastMetadataUpdate="2006-05-04" xsi:schemaLocation="http://datacite.org/schema/kernel-2.2 http://schema.datacite.org/meta/kernel-2.2/metadata.xsd">
  <identifier identifierType="DOI">10.5061/DRYAD.SC947</identifier>
  <creators>
      <creator>
         <creatorName>Lemos, Frederico Gemesio</creatorName>
      </creator>
      <creator>
         <creatorName>Facure, K&#225;tia Gomes</creatorName>
      </creator>
  </creators>
  <titles>
      <title>Data from: Seasonal variation in foraging group size of crab-eating foxes and hoary foxes in the Cerrado biome, Central Brazil</title>
  </titles>
  <publisher>Dryad Digital Repository</publisher>
  <publicationYear>2012</publicationYear>
  <subjects>
      <subject>Crab-eating fox</subject>
      <subject>direct counts</subject>
      <subject>Hoary fox</subject>
      <subject>reproduction</subject>
      <subject>social behavior</subject>
      <subject>Limoeiro region</subject>
      <subject>municipality of Cumari</subject>
      <subject>Goi&#225;s state</subject>
      <subject>Brazil</subject>
      <subject>Present day</subject>
      <subject>Lycalopex vetulus</subject>
      <subject>Cerdocyon thous</subject>
  </subjects>
  <resourceType resourceTypeGeneral="Dataset">DataPackage</resourceType>
  <alternateIdentifiers>
      <alternateIdentifier alternateIdentifierType="citation">Lemos FG, Facure KG (2011) Seasonal variation in foraging group size of crab-eating foxes and hoary foxes in the Cerrado biome, Central Brazil. Mastozoolog&#237;a Neotropical 18(2): 239-245. http://www.sarem.org.ar</alternateIdentifier>
  </alternateIdentifiers>
  <relatedIdentifiers>
      <relatedIdentifier relationType="HasPart" relatedIdentifierType="DOI">10.5061/DRYAD.SC947/1</relatedIdentifier>
      <relatedIdentifier relationType="HasPart" relatedIdentifierType="DOI">10.5061/DRYAD.SC947/2</relatedIdentifier>
  </relatedIdentifiers>
  <rights>http://creativecommons.org/publicdomain/zero/1.0/</rights>
</resource></payload></oai_datacite></metadata></record>
