<record xmlns="http://www.openarchives.org/OAI/2.0/" xmlns:xsi="http://www.w3.org/2001/XMLSchema-instance"><header><identifier>oai:oai.datacite.org:1004483</identifier><datestamp>2014-05-29T22:14:57Z</datestamp><setSpec>CDL</setSpec><setSpec>CDL.DRYAD</setSpec></header><metadata><oai_datacite xmlns="http://schema.datacite.org/oai/oai-1.0/" xsi:schemaLocation="http://schema.datacite.org/oai/oai-1.0/ http://schema.datacite.org/oai/oai-1.0/oai.xsd"><isReferenceQuality>false</isReferenceQuality><schemaVersion>2.2</schemaVersion><datacentreSymbol>CDL.DRYAD</datacentreSymbol><payload><resource xmlns="http://datacite.org/schema/kernel-2.2" xmlns:dryad="http://purl.org/dryad/terms/" xmlns:dim="http://www.dspace.org/xmlns/dspace/dim" xmlns:dspace="http://www.dspace.org/xmlns/dspace/dim" xmlns:mets="http://www.loc.gov/METS/" xmlns:xsi="http://www.w3.org/2001/XMLSchema-instance" metadataVersionNumber="1" lastMetadataUpdate="2006-05-04" xsi:schemaLocation="http://datacite.org/schema/kernel-2.2 http://schema.datacite.org/meta/kernel-2.2/metadata.xsd">
  <identifier identifierType="DOI">10.5061/DRYAD.5P6B1</identifier>
  <creators>
      <creator>
         <creatorName>Pravosudov, Vladimir V.</creatorName>
      </creator>
      <creator>
         <creatorName>Roth II, Timothy C.</creatorName>
      </creator>
      <creator>
         <creatorName>Forister, Matthew L.</creatorName>
      </creator>
      <creator>
         <creatorName>LaDage, Lara D.</creatorName>
      </creator>
      <creator>
         <creatorName>Burg, Theresa M.</creatorName>
      </creator>
      <creator>
         <creatorName>Braun, Michael J.</creatorName>
      </creator>
      <creator>
         <creatorName>Davidson, Brian S.</creatorName>
      </creator>
  </creators>
  <titles>
      <title>Data from: Population genetic structure and its implications for adaptive variation in memory and the hippocampus on a continental scale in food-caching black-capped chickadees</title>
  </titles>
  <publisher>Dryad Digital Repository</publisher>
  <publicationYear>2012</publicationYear>
  <subjects>
      <subject>Adaptation</subject>
      <subject>Birds</subject>
      <subject>Comparative Physiology</subject>
      <subject>Natural Selection and Contemporary Evolution</subject>
      <subject>Phenotypic Plasticity</subject>
      <subject>Population Ecology</subject>
      <subject>North America</subject>
      <subject>Pleistocene - present</subject>
      <subject>Poecile atricapillus</subject>
  </subjects>
  <resourceType resourceTypeGeneral="Dataset">DataPackage</resourceType>
  <alternateIdentifiers>
      <alternateIdentifier alternateIdentifierType="citation">Pravosudov VV, Roth II TC, Forister ML, LaDage LD, Burg TM, Braun MJ, Davidson BS (2012) Population genetic structure and its implications for adaptive variation in memory and the hippocampus on a continental scale in food-caching black-capped chickadees. Molecular Ecology 21(18): 4486&#8211;4497.</alternateIdentifier>
  </alternateIdentifiers>
  <relatedIdentifiers>
      <relatedIdentifier relationType="HasPart" relatedIdentifierType="DOI">10.5061/DRYAD.5P6B1/1</relatedIdentifier>
      <relatedIdentifier relationType="IsReferencedBy" relatedIdentifierType="DOI">10.1111/J.1365-294X.2012.05721.X</relatedIdentifier>
      <relatedIdentifier relationType="IsReferencedBy" relatedIdentifierType="DOI"/>
  </relatedIdentifiers>
  <rights>http://creativecommons.org/publicdomain/zero/1.0/</rights>
</resource></payload></oai_datacite></metadata></record>
