<record xmlns="http://www.openarchives.org/OAI/2.0/" xmlns:xsi="http://www.w3.org/2001/XMLSchema-instance"><header><identifier>oai:oai.datacite.org:1004049</identifier><datestamp>2015-10-19T21:28:43Z</datestamp><setSpec>CDL</setSpec><setSpec>CDL.DRYAD</setSpec></header><metadata><oai_datacite xmlns="http://schema.datacite.org/oai/oai-1.0/" xsi:schemaLocation="http://schema.datacite.org/oai/oai-1.0/ http://schema.datacite.org/oai/oai-1.0/oai.xsd"><isReferenceQuality>false</isReferenceQuality><schemaVersion>2.2</schemaVersion><datacentreSymbol>CDL.DRYAD</datacentreSymbol><payload><resource xmlns="http://datacite.org/schema/kernel-2.2" xmlns:dryad="http://purl.org/dryad/terms/" xmlns:dim="http://www.dspace.org/xmlns/dspace/dim" xmlns:dspace="http://www.dspace.org/xmlns/dspace/dim" xmlns:mets="http://www.loc.gov/METS/" xmlns:xsi="http://www.w3.org/2001/XMLSchema-instance" metadataVersionNumber="1" lastMetadataUpdate="2006-05-04" xsi:schemaLocation="http://datacite.org/schema/kernel-2.2 http://schema.datacite.org/meta/kernel-2.2/metadata.xsd">
  <identifier identifierType="DOI">10.5061/DRYAD.F76F3</identifier>
  <creators>
      <creator>
         <creatorName>Hines, Heather M.</creatorName>
      </creator>
      <creator>
         <creatorName>Papa, Riccardo</creatorName>
      </creator>
      <creator>
         <creatorName>Ruiz, Mayte</creatorName>
      </creator>
      <creator>
         <creatorName>Papanicolaou, Alexie</creatorName>
      </creator>
      <creator>
         <creatorName>Wang, Charles</creatorName>
      </creator>
      <creator>
         <creatorName>Nijhout, H. Frederik</creatorName>
      </creator>
      <creator>
         <creatorName>McMillan, W. Owen</creatorName>
      </creator>
      <creator>
         <creatorName>Reed, Robert D.</creatorName>
      </creator>
  </creators>
  <titles>
      <title>Data from: Transcriptome analysis reveals novel patterning and pigmentation genes underlying Heliconius butterfly wing pattern variation</title>
  </titles>
  <publisher>Dryad Digital Repository</publisher>
  <publicationYear>2013</publicationYear>
  <subjects>
      <subject>adaptation</subject>
      <subject>pigmentation</subject>
      <subject>ommochrome</subject>
      <subject>melanin</subject>
      <subject>genomics</subject>
      <subject>evo-devo</subject>
      <subject>Neotropics</subject>
      <subject>South America</subject>
      <subject>Central America</subject>
      <subject>Miocene</subject>
      <subject>Pliocene</subject>
      <subject>Pleistocene</subject>
      <subject>Heliconius erato</subject>
      <subject>Heliconius melpomene</subject>
  </subjects>
  <resourceType resourceTypeGeneral="Dataset">DataPackage</resourceType>
  <alternateIdentifiers>
      <alternateIdentifier alternateIdentifierType="citation">Hines HM, Papa R, Ruiz M, Papanicolaou A, Wang C, Nijhout HF, McMillan WO, Reed RD (2012) Transcriptome analysis reveals novel patterning and pigmentation genes underlying Heliconius butterfly wing pattern variation. BMC Genomics 13: 288.</alternateIdentifier>
  </alternateIdentifiers>
  <relatedIdentifiers>
      <relatedIdentifier relationType="HasPart" relatedIdentifierType="DOI">10.5061/DRYAD.F76F3/1</relatedIdentifier>
      <relatedIdentifier relationType="IsReferencedBy" relatedIdentifierType="DOI">10.1186/1471-2164-13-288</relatedIdentifier>
      <relatedIdentifier relationType="IsReferencedBy" relatedIdentifierType="DOI"/>
  </relatedIdentifiers>
  <rights>http://creativecommons.org/publicdomain/zero/1.0/</rights>
</resource></payload></oai_datacite></metadata></record>
