<record xmlns="http://www.openarchives.org/OAI/2.0/" xmlns:xsi="http://www.w3.org/2001/XMLSchema-instance"><header><identifier>oai:oai.datacite.org:1004035</identifier><datestamp>2014-05-29T21:31:46Z</datestamp><setSpec>CDL</setSpec><setSpec>CDL.DRYAD</setSpec></header><metadata><oai_datacite xmlns="http://schema.datacite.org/oai/oai-1.0/" xsi:schemaLocation="http://schema.datacite.org/oai/oai-1.0/ http://schema.datacite.org/oai/oai-1.0/oai.xsd"><isReferenceQuality>false</isReferenceQuality><schemaVersion>2.2</schemaVersion><datacentreSymbol>CDL.DRYAD</datacentreSymbol><payload><resource xmlns="http://datacite.org/schema/kernel-2.2" xmlns:dryad="http://purl.org/dryad/terms/" xmlns:dim="http://www.dspace.org/xmlns/dspace/dim" xmlns:dspace="http://www.dspace.org/xmlns/dspace/dim" xmlns:mets="http://www.loc.gov/METS/" xmlns:xsi="http://www.w3.org/2001/XMLSchema-instance" metadataVersionNumber="1" lastMetadataUpdate="2006-05-04" xsi:schemaLocation="http://datacite.org/schema/kernel-2.2 http://schema.datacite.org/meta/kernel-2.2/metadata.xsd">
  <identifier identifierType="DOI">10.5061/DRYAD.8P6F2</identifier>
  <creators>
      <creator>
         <creatorName>Khokhlova, Irina S.</creatorName>
      </creator>
      <creator>
         <creatorName>Fielden, Laura J.</creatorName>
      </creator>
      <creator>
         <creatorName>Degen, Allan A.</creatorName>
      </creator>
      <creator>
         <creatorName>Krasnov, Boris R.</creatorName>
      </creator>
  </creators>
  <titles>
      <title>Data from: Ectoparasite fitness in auxiliary hosts: Phylogenetic distance from a principal host matters</title>
  </titles>
  <publisher>Dryad Digital Repository</publisher>
  <publicationYear>2012</publicationYear>
  <subjects>
      <subject>Host-parasite interaction</subject>
      <subject>Mammals</subject>
      <subject>Fitness</subject>
      <subject>Auxiliary hosts</subject>
      <subject>Principal host</subject>
      <subject>Parapulex chephrenis</subject>
      <subject>Xenopsylla ramesis</subject>
  </subjects>
  <resourceType resourceTypeGeneral="Dataset">DataPackage</resourceType>
  <alternateIdentifiers>
      <alternateIdentifier alternateIdentifierType="citation">Khokhlova IS, Fielden LJ, Degen AA, Krasnov BR (2012) Ectoparasite fitness in auxiliary hosts: Phylogenetic distance from a principal host matters. Journal of Evolutionary Biology, 25(10): 2005-2013.</alternateIdentifier>
  </alternateIdentifiers>
  <relatedIdentifiers>
      <relatedIdentifier relationType="HasPart" relatedIdentifierType="DOI">10.5061/DRYAD.8P6F2/1</relatedIdentifier>
      <relatedIdentifier relationType="HasPart" relatedIdentifierType="DOI">10.5061/DRYAD.8P6F2/2</relatedIdentifier>
      <relatedIdentifier relationType="IsReferencedBy" relatedIdentifierType="DOI">10.1111/J.1420-9101.2012.02577.X</relatedIdentifier>
      <relatedIdentifier relationType="IsReferencedBy" relatedIdentifierType="DOI"/>
  </relatedIdentifiers>
  <rights>http://creativecommons.org/publicdomain/zero/1.0/</rights>
</resource></payload></oai_datacite></metadata></record>
