<record xmlns="http://www.openarchives.org/OAI/2.0/" xmlns:xsi="http://www.w3.org/2001/XMLSchema-instance"><header><identifier>oai:oai.datacite.org:1004199</identifier><datestamp>2014-05-29T19:56:38Z</datestamp><setSpec>CDL</setSpec><setSpec>CDL.DRYAD</setSpec></header><metadata><oai_datacite xmlns="http://schema.datacite.org/oai/oai-1.0/" xsi:schemaLocation="http://schema.datacite.org/oai/oai-1.0/ http://schema.datacite.org/oai/oai-1.0/oai.xsd"><isReferenceQuality>false</isReferenceQuality><schemaVersion>2.2</schemaVersion><datacentreSymbol>CDL.DRYAD</datacentreSymbol><payload><resource xmlns="http://datacite.org/schema/kernel-2.2" xmlns:dryad="http://purl.org/dryad/terms/" xmlns:dim="http://www.dspace.org/xmlns/dspace/dim" xmlns:dspace="http://www.dspace.org/xmlns/dspace/dim" xmlns:mets="http://www.loc.gov/METS/" xmlns:xsi="http://www.w3.org/2001/XMLSchema-instance" metadataVersionNumber="1" lastMetadataUpdate="2006-05-04" xsi:schemaLocation="http://datacite.org/schema/kernel-2.2 http://schema.datacite.org/meta/kernel-2.2/metadata.xsd">
  <identifier identifierType="DOI">10.5061/DRYAD.K9B14</identifier>
  <creators>
      <creator>
         <creatorName>De Baets, Kenneth</creatorName>
      </creator>
      <creator>
         <creatorName>Klug, Christian</creatorName>
      </creator>
      <creator>
         <creatorName>Monnet, Claude</creatorName>
      </creator>
  </creators>
  <titles>
      <title>Data from: Intraspecific variability through ontogeny in early ammonoids</title>
  </titles>
  <publisher>Dryad Digital Repository</publisher>
  <publicationYear>2012</publicationYear>
  <subjects>
      <subject>intraspecific variability</subject>
      <subject>ontogeny</subject>
      <subject>ammonoids</subject>
      <subject>morphometry</subject>
      <subject>Morocco</subject>
      <subject>Eastern Anti-Atlas</subject>
      <subject>Czech Republic</subject>
      <subject>Russia</subject>
      <subject>China</subject>
      <subject>France</subject>
      <subject>Germany</subject>
      <subject>Achguig East</subject>
      <subject>Bou Tchrafine</subject>
      <subject>Ouidane Chebbi East</subject>
      <subject>Gara Mdaoura</subject>
      <subject>Hassi Tachbit</subject>
      <subject>Turkey</subject>
      <subject>Oued Chebbi East</subject>
      <subject>Gart El Anz</subject>
      <subject>El Kahla</subject>
      <subject>Guangxi</subject>
      <subject>Bohemia</subject>
      <subject>Bithynia</subject>
      <subject>Urals</subject>
      <subject>Paleozoic</subject>
      <subject>Devonian</subject>
      <subject>Emsian</subject>
      <subject>Erbenoceras Beds</subject>
      <subject>Erbenoceras</subject>
      <subject>Anetoceras</subject>
      <subject>Anetoceratinae</subject>
      <subject>Mimosphinctidae</subject>
      <subject>Mimosphinctaceae</subject>
      <subject>Agoniatitida</subject>
      <subject>Agoniatitina</subject>
      <subject>Erbenoceras advolvens</subject>
      <subject>Anetoceras arduennense</subject>
      <subject>Erbenoceras solitarium</subject>
      <subject>Anetoceras luofense</subject>
      <subject>Erbenoceras sabolotnense</subject>
      <subject>Anetoceras obliquecostatum</subject>
      <subject>Anetoceras serpentinum</subject>
      <subject>Anetoceras subtile</subject>
      <subject>Erbenoceras fritschi</subject>
  </subjects>
  <resourceType resourceTypeGeneral="Dataset">DataPackage</resourceType>
  <alternateIdentifiers>
      <alternateIdentifier alternateIdentifierType="citation">De Baets K, Klug C, Monnet C (2013) Intraspecific variability through ontogeny in early ammonoids. Paleobiology 39(1): 75-94.</alternateIdentifier>
  </alternateIdentifiers>
  <relatedIdentifiers>
      <relatedIdentifier relationType="HasPart" relatedIdentifierType="DOI">10.5061/DRYAD.K9B14/1</relatedIdentifier>
      <relatedIdentifier relationType="HasPart" relatedIdentifierType="DOI">10.5061/DRYAD.K9B14/2</relatedIdentifier>
      <relatedIdentifier relationType="HasPart" relatedIdentifierType="DOI">10.5061/DRYAD.K9B14/3</relatedIdentifier>
      <relatedIdentifier relationType="HasPart" relatedIdentifierType="DOI">10.5061/DRYAD.K9B14/4</relatedIdentifier>
      <relatedIdentifier relationType="HasPart" relatedIdentifierType="DOI">10.5061/DRYAD.K9B14/5</relatedIdentifier>
      <relatedIdentifier relationType="HasPart" relatedIdentifierType="DOI">10.5061/DRYAD.K9B14/6</relatedIdentifier>
      <relatedIdentifier relationType="HasPart" relatedIdentifierType="DOI">10.5061/DRYAD.K9B14/7</relatedIdentifier>
      <relatedIdentifier relationType="IsReferencedBy" relatedIdentifierType="DOI">10.1666/0094-8373-39.1.75</relatedIdentifier>
  </relatedIdentifiers>
  <rights>http://creativecommons.org/publicdomain/zero/1.0/</rights>
</resource></payload></oai_datacite></metadata></record>
