<record xmlns="http://www.openarchives.org/OAI/2.0/" xmlns:xsi="http://www.w3.org/2001/XMLSchema-instance"><header><identifier>oai:oai.datacite.org:1004532</identifier><datestamp>2014-05-29T21:28:39Z</datestamp><setSpec>CDL</setSpec><setSpec>CDL.DRYAD</setSpec></header><metadata><oai_datacite xmlns="http://schema.datacite.org/oai/oai-1.0/" xsi:schemaLocation="http://schema.datacite.org/oai/oai-1.0/ http://schema.datacite.org/oai/oai-1.0/oai.xsd"><isReferenceQuality>false</isReferenceQuality><schemaVersion>2.2</schemaVersion><datacentreSymbol>CDL.DRYAD</datacentreSymbol><payload><resource xmlns="http://datacite.org/schema/kernel-2.2" xmlns:dryad="http://purl.org/dryad/terms/" xmlns:dim="http://www.dspace.org/xmlns/dspace/dim" xmlns:dspace="http://www.dspace.org/xmlns/dspace/dim" xmlns:mets="http://www.loc.gov/METS/" xmlns:xsi="http://www.w3.org/2001/XMLSchema-instance" metadataVersionNumber="1" lastMetadataUpdate="2006-05-04" xsi:schemaLocation="http://datacite.org/schema/kernel-2.2 http://schema.datacite.org/meta/kernel-2.2/metadata.xsd">
  <identifier identifierType="DOI">10.5061/DRYAD.D15D4</identifier>
  <creators>
      <creator>
         <creatorName>Deitz, Kevin C.</creatorName>
      </creator>
      <creator>
         <creatorName>Athrey, Giridhar</creatorName>
      </creator>
      <creator>
         <creatorName>Reddy, Michael R.</creatorName>
      </creator>
      <creator>
         <creatorName>Overgaard, Hans J.</creatorName>
      </creator>
      <creator>
         <creatorName>Matias, Abrahan</creatorName>
      </creator>
      <creator>
         <creatorName>Musa, Jawara</creatorName>
      </creator>
      <creator>
         <creatorName>della Torre, Alessandra</creatorName>
      </creator>
      <creator>
         <creatorName>Petrarca, Vincenzo</creatorName>
      </creator>
      <creator>
         <creatorName>Pinto, Joao</creatorName>
      </creator>
      <creator>
         <creatorName>Kiszewski, Anthony E.</creatorName>
      </creator>
      <creator>
         <creatorName>Kengne, Pierre</creatorName>
      </creator>
      <creator>
         <creatorName>Costantini, Carlo</creatorName>
      </creator>
      <creator>
         <creatorName>Caccone, Adalgisa</creatorName>
      </creator>
      <creator>
         <creatorName>Slotman, Michel A.</creatorName>
      </creator>
  </creators>
  <titles>
      <title>Data from: Genetic isolation within the malaria mosquito Anopheles melas</title>
  </titles>
  <publisher>Dryad Digital Repository</publisher>
  <publicationYear>2012</publicationYear>
  <subjects>
      <subject>malaria</subject>
      <subject>migration</subject>
      <subject>population genetics</subject>
      <subject>incipient speciation</subject>
      <subject>Equatorial Guinea</subject>
      <subject>Cameroon</subject>
      <subject>The Gambia</subject>
      <subject>Guinea Bissau</subject>
      <subject>Gabon</subject>
      <subject>Angola</subject>
      <subject>Ghana</subject>
      <subject>Anopheles melas</subject>
      <subject>Anopheles gambiae</subject>
  </subjects>
  <resourceType resourceTypeGeneral="Dataset">DataPackage</resourceType>
  <alternateIdentifiers>
      <alternateIdentifier alternateIdentifierType="citation">Deitz KC, Athrey G, Reddy MR, Overgaard HJ, Matias A, Musa J, della Torre A, Petrarca V, Pinto J, Kiszewski AE, Kengne P, Costantini C, Caccone A, Slotman MA (2012) Genetic isolation within the malaria mosquito Anopheles melas. Molecular Ecology 21(18): 4498-4513</alternateIdentifier>
  </alternateIdentifiers>
  <relatedIdentifiers>
      <relatedIdentifier relationType="HasPart" relatedIdentifierType="DOI">10.5061/DRYAD.D15D4/1</relatedIdentifier>
      <relatedIdentifier relationType="IsReferencedBy" relatedIdentifierType="DOI">10.1111/J.1365-294X.2012.05724.X</relatedIdentifier>
      <relatedIdentifier relationType="IsReferencedBy" relatedIdentifierType="DOI"/>
  </relatedIdentifiers>
  <rights>http://creativecommons.org/publicdomain/zero/1.0/</rights>
</resource></payload></oai_datacite></metadata></record>
