<record xmlns="http://www.openarchives.org/OAI/2.0/" xmlns:xsi="http://www.w3.org/2001/XMLSchema-instance"><header><identifier>oai:oai.datacite.org:1008610</identifier><datestamp>2014-05-29T21:36:09Z</datestamp><setSpec>CDL</setSpec><setSpec>CDL.DRYAD</setSpec></header><metadata><oai_datacite xmlns="http://schema.datacite.org/oai/oai-1.0/" xsi:schemaLocation="http://schema.datacite.org/oai/oai-1.0/ http://schema.datacite.org/oai/oai-1.0/oai.xsd"><isReferenceQuality>false</isReferenceQuality><schemaVersion>2.2</schemaVersion><datacentreSymbol>CDL.DRYAD</datacentreSymbol><payload><resource xmlns="http://datacite.org/schema/kernel-2.2" xmlns:dryad="http://purl.org/dryad/terms/" xmlns:dim="http://www.dspace.org/xmlns/dspace/dim" xmlns:dspace="http://www.dspace.org/xmlns/dspace/dim" xmlns:mets="http://www.loc.gov/METS/" xmlns:xsi="http://www.w3.org/2001/XMLSchema-instance" metadataVersionNumber="1" lastMetadataUpdate="2006-05-04" xsi:schemaLocation="http://datacite.org/schema/kernel-2.2 http://schema.datacite.org/meta/kernel-2.2/metadata.xsd">
  <identifier identifierType="DOI">10.5061/DRYAD.733D9</identifier>
  <creators>
      <creator>
         <creatorName>Phillimore, Albert B.</creatorName>
      </creator>
      <creator>
         <creatorName>St&#229;lhandske, Sandra</creatorName>
      </creator>
      <creator>
         <creatorName>Smithers, Richard J.</creatorName>
      </creator>
      <creator>
         <creatorName>Rodolphe, Bernard</creatorName>
      </creator>
  </creators>
  <titles>
      <title>Data from: Dissecting the contributions of plasticity and local adaptation to the phenology of a butterfly and its host plants</title>
  </titles>
  <publisher>Dryad Digital Repository</publisher>
  <publicationYear>2012</publicationYear>
  <subjects>
      <subject>Adaptation</subject>
      <subject>Biogeography</subject>
      <subject>Climate change</subject>
      <subject>Ecology: spatial</subject>
      <subject>Macroecology</subject>
      <subject>Phenotypic plasticity</subject>
      <subject>Britain</subject>
      <subject>Holocene</subject>
      <subject>Anthocharis cardamines</subject>
      <subject>Cardamine pratensis</subject>
      <subject>Alliaria petiolata</subject>
  </subjects>
  <resourceType resourceTypeGeneral="Dataset">DataPackage</resourceType>
  <alternateIdentifiers>
      <alternateIdentifier alternateIdentifierType="citation">Phillimore AB, St&#229;lhandske S, Smithers RJ, Rodolphe B (2012)  Dissecting the contributions of plasticity and local adaptation to the phenology of a butterfly and its host plants. AMerican Naturalist 180(5): 655-670.</alternateIdentifier>
  </alternateIdentifiers>
  <relatedIdentifiers>
      <relatedIdentifier relationType="HasPart" relatedIdentifierType="DOI">10.5061/DRYAD.733D9/1</relatedIdentifier>
      <relatedIdentifier relationType="IsReferencedBy" relatedIdentifierType="DOI">10.1086/667893</relatedIdentifier>
      <relatedIdentifier relationType="IsReferencedBy" relatedIdentifierType="DOI"/>
  </relatedIdentifiers>
  <rights>http://creativecommons.org/publicdomain/zero/1.0/</rights>
</resource></payload></oai_datacite></metadata></record>
