<record xmlns="http://www.openarchives.org/OAI/2.0/" xmlns:xsi="http://www.w3.org/2001/XMLSchema-instance"><header><identifier>oai:oai.datacite.org:1008606</identifier><datestamp>2014-05-29T21:39:00Z</datestamp><setSpec>CDL</setSpec><setSpec>CDL.DRYAD</setSpec></header><metadata><oai_datacite xmlns="http://schema.datacite.org/oai/oai-1.0/" xsi:schemaLocation="http://schema.datacite.org/oai/oai-1.0/ http://schema.datacite.org/oai/oai-1.0/oai.xsd"><isReferenceQuality>false</isReferenceQuality><schemaVersion>2.2</schemaVersion><datacentreSymbol>CDL.DRYAD</datacentreSymbol><payload><resource xmlns="http://datacite.org/schema/kernel-2.2" xmlns:dryad="http://purl.org/dryad/terms/" xmlns:dim="http://www.dspace.org/xmlns/dspace/dim" xmlns:dspace="http://www.dspace.org/xmlns/dspace/dim" xmlns:mets="http://www.loc.gov/METS/" xmlns:xsi="http://www.w3.org/2001/XMLSchema-instance" metadataVersionNumber="1" lastMetadataUpdate="2006-05-04" xsi:schemaLocation="http://datacite.org/schema/kernel-2.2 http://schema.datacite.org/meta/kernel-2.2/metadata.xsd">
  <identifier identifierType="DOI">10.5061/DRYAD.67JG8</identifier>
  <creators>
      <creator>
         <creatorName>Balint-Kurti, Peter</creatorName>
      </creator>
      <creator>
         <creatorName>Simmons, Susan J.</creatorName>
      </creator>
      <creator>
         <creatorName>Blum, James E.</creatorName>
      </creator>
      <creator>
         <creatorName>Ballar&#233;, Carlos L.</creatorName>
      </creator>
      <creator>
         <creatorName>Stapleton, Ann E.</creatorName>
      </creator>
  </creators>
  <titles>
      <title>Data from: Maize leaf epiphytic bacteria diversity patterns are genetically correlated with resistance to fungal pathogen infection</title>
  </titles>
  <publisher>Dryad Digital Repository</publisher>
  <publicationYear>2012</publicationYear>
  <subjects>
      <subject>UV-B</subject>
      <subject>bacteria</subject>
      <subject>phyllosphere</subject>
      <subject>GABA pathway</subject>
      <subject>gamma-aminobutyric acid</subject>
      <subject>southern leaf blight</subject>
      <subject>genetics</subject>
      <subject>microbial epiphytes</subject>
      <subject>ribsomal DNA</subject>
      <subject>Zea mays L.</subject>
  </subjects>
  <resourceType resourceTypeGeneral="Dataset">DataPackage</resourceType>
  <alternateIdentifiers>
      <alternateIdentifier alternateIdentifierType="citation">Balint-Kurti P, Simmons SJ, Blum JE, Ballar&#233; CL, Stapleton AE (2010) Maize leaf epiphytic bacteria diversity patterns are genetically correlated with resistance to fungal pathogen infection. Molecular Plant-Microbe Interactions 23(4): 473-484.</alternateIdentifier>
  </alternateIdentifiers>
  <relatedIdentifiers>
      <relatedIdentifier relationType="HasPart" relatedIdentifierType="DOI">10.5061/DRYAD.67JG8/1</relatedIdentifier>
      <relatedIdentifier relationType="HasPart" relatedIdentifierType="DOI">10.5061/DRYAD.67JG8/2</relatedIdentifier>
      <relatedIdentifier relationType="HasPart" relatedIdentifierType="DOI">10.5061/DRYAD.67JG8/3</relatedIdentifier>
      <relatedIdentifier relationType="HasPart" relatedIdentifierType="DOI">10.5061/DRYAD.67JG8/4</relatedIdentifier>
      <relatedIdentifier relationType="IsReferencedBy" relatedIdentifierType="DOI">10.1094/MPMI-23-4-0473</relatedIdentifier>
      <relatedIdentifier relationType="IsReferencedBy" relatedIdentifierType="DOI"/>
  </relatedIdentifiers>
  <rights>http://creativecommons.org/publicdomain/zero/1.0/</rights>
</resource></payload></oai_datacite></metadata></record>
