<record xmlns="http://www.openarchives.org/OAI/2.0/" xmlns:xsi="http://www.w3.org/2001/XMLSchema-instance"><header><identifier>oai:oai.datacite.org:1008710</identifier><datestamp>2015-10-05T18:18:57Z</datestamp><setSpec>CDL</setSpec><setSpec>CDL.DRYAD</setSpec></header><metadata><oai_datacite xmlns="http://schema.datacite.org/oai/oai-1.0/" xsi:schemaLocation="http://schema.datacite.org/oai/oai-1.0/ http://schema.datacite.org/oai/oai-1.0/oai.xsd"><isReferenceQuality>false</isReferenceQuality><schemaVersion>2.2</schemaVersion><datacentreSymbol>CDL.DRYAD</datacentreSymbol><payload><resource xmlns="http://datacite.org/schema/kernel-2.2" xmlns:dryad="http://purl.org/dryad/terms/" xmlns:dim="http://www.dspace.org/xmlns/dspace/dim" xmlns:dspace="http://www.dspace.org/xmlns/dspace/dim" xmlns:mets="http://www.loc.gov/METS/" xmlns:xsi="http://www.w3.org/2001/XMLSchema-instance" metadataVersionNumber="1" lastMetadataUpdate="2006-05-04" xsi:schemaLocation="http://datacite.org/schema/kernel-2.2 http://schema.datacite.org/meta/kernel-2.2/metadata.xsd">
  <identifier identifierType="DOI">10.5061/DRYAD.R5RH1</identifier>
  <creators>
      <creator>
         <creatorName>Addison, Owen</creatorName>
      </creator>
      <creator>
         <creatorName>Davenport, Alison J.</creatorName>
      </creator>
      <creator>
         <creatorName>Newport, Robert J.</creatorName>
      </creator>
      <creator>
         <creatorName>Kalra, Sonam</creatorName>
      </creator>
      <creator>
         <creatorName>Monir, Mehdi</creatorName>
      </creator>
      <creator>
         <creatorName>Mosselmans, Frederick J. F. W.</creatorName>
      </creator>
      <creator>
         <creatorName>Proops, David</creatorName>
      </creator>
      <creator>
         <creatorName>Martin, Richard A.</creatorName>
      </creator>
  </creators>
  <titles>
      <title>Data from: Do &#8216;passive&#8217; medical titanium surfaces deteriorate in service in the absence of wear?</title>
  </titles>
  <publisher>Dryad Digital Repository</publisher>
  <publicationYear>2012</publicationYear>
  <subjects>
      <subject>Titanium</subject>
      <subject>crevice corrosion</subject>
      <subject>microfocus spectroscopy</subject>
  </subjects>
  <resourceType resourceTypeGeneral="Dataset">DataPackage</resourceType>
  <alternateIdentifiers>
      <alternateIdentifier alternateIdentifierType="citation">Addison O, Davenport AJ, Newport RJ, Kalra S, Monir M, Mosselmans FJFW, Proops D, Martin RA (2012) Do &#8216;passive&#8217; medical titanium surfaces deteriorate in service in the absence of wear? Journal of the Royal Society Interface 9(76): 3161-3164.</alternateIdentifier>
  </alternateIdentifiers>
  <relatedIdentifiers>
      <relatedIdentifier relationType="HasPart" relatedIdentifierType="DOI">10.5061/DRYAD.R5RH1/1</relatedIdentifier>
      <relatedIdentifier relationType="HasPart" relatedIdentifierType="DOI">10.5061/DRYAD.R5RH1/2</relatedIdentifier>
      <relatedIdentifier relationType="HasPart" relatedIdentifierType="DOI">10.5061/DRYAD.R5RH1/3</relatedIdentifier>
      <relatedIdentifier relationType="IsReferencedBy" relatedIdentifierType="DOI">10.1098/RSIF.2012.0438</relatedIdentifier>
      <relatedIdentifier relationType="IsReferencedBy" relatedIdentifierType="DOI"/>
  </relatedIdentifiers>
  <rights>http://creativecommons.org/publicdomain/zero/1.0/</rights>
</resource></payload></oai_datacite></metadata></record>
