<record xmlns="http://www.openarchives.org/OAI/2.0/" xmlns:xsi="http://www.w3.org/2001/XMLSchema-instance"><header><identifier>oai:oai.datacite.org:1008711</identifier><datestamp>2015-10-02T18:14:01Z</datestamp><setSpec>CDL</setSpec><setSpec>CDL.DRYAD</setSpec></header><metadata><oai_datacite xmlns="http://schema.datacite.org/oai/oai-1.0/" xsi:schemaLocation="http://schema.datacite.org/oai/oai-1.0/ http://schema.datacite.org/oai/oai-1.0/oai.xsd"><isReferenceQuality>false</isReferenceQuality><schemaVersion>2.2</schemaVersion><datacentreSymbol>CDL.DRYAD</datacentreSymbol><payload><resource xmlns="http://datacite.org/schema/kernel-2.2" xmlns:dryad="http://purl.org/dryad/terms/" xmlns:dim="http://www.dspace.org/xmlns/dspace/dim" xmlns:dspace="http://www.dspace.org/xmlns/dspace/dim" xmlns:mets="http://www.loc.gov/METS/" xmlns:xsi="http://www.w3.org/2001/XMLSchema-instance" metadataVersionNumber="1" lastMetadataUpdate="2006-05-04" xsi:schemaLocation="http://datacite.org/schema/kernel-2.2 http://schema.datacite.org/meta/kernel-2.2/metadata.xsd">
  <identifier identifierType="DOI">10.5061/DRYAD.V3P3J</identifier>
  <creators>
      <creator>
         <creatorName>Paps, Jordi</creatorName>
      </creator>
      <creator>
         <creatorName>Medina-Chac&#243;n, Luis A.</creatorName>
      </creator>
      <creator>
         <creatorName>Marshall, Wyth</creatorName>
      </creator>
      <creator>
         <creatorName>Suga, Hiroshi</creatorName>
      </creator>
      <creator>
         <creatorName>Ruiz-Trillo, I&#241;aki</creatorName>
      </creator>
  </creators>
  <titles>
      <title>Data from: Molecular phylogeny of unikonts: new insights into the position of apusomonads and ancyromonads and the internal relationships of Opisthokonts&#237;</title>
  </titles>
  <publisher>Dryad Digital Repository</publisher>
  <publicationYear>2012</publicationYear>
  <subjects>
      <subject>cilia</subject>
      <subject>opisthokonts</subject>
      <subject>eukaryotes</subject>
      <subject>Eukaryota</subject>
      <subject>Filasterea</subject>
      <subject>Corallochytrea</subject>
      <subject>Opisthokonta</subject>
      <subject>Unikonta</subject>
  </subjects>
  <resourceType resourceTypeGeneral="Dataset">DataPackage</resourceType>
  <alternateIdentifiers>
      <alternateIdentifier alternateIdentifierType="citation">Paps J, Medina-Chac&#243;n LA, Marshall W, Suga H, Ruiz-Trillo I (2012) Molecular phylogeny of unikonts: new insights into the position of apusomonads and ancyromonads and the internal relationships of Opisthokonts&#237;. Protist 164(1): 2&#8211;12.</alternateIdentifier>
  </alternateIdentifiers>
  <relatedIdentifiers>
      <relatedIdentifier relationType="HasPart" relatedIdentifierType="DOI">10.5061/DRYAD.V3P3J/1</relatedIdentifier>
      <relatedIdentifier relationType="IsReferencedBy" relatedIdentifierType="DOI">10.1016/J.PROTIS.2012.09.002</relatedIdentifier>
      <relatedIdentifier relationType="IsReferencedBy" relatedIdentifierType="DOI"/>
  </relatedIdentifiers>
  <rights>http://creativecommons.org/publicdomain/zero/1.0/</rights>
</resource></payload></oai_datacite></metadata></record>
