<record xmlns="http://www.openarchives.org/OAI/2.0/" xmlns:xsi="http://www.w3.org/2001/XMLSchema-instance"><header><identifier>oai:oai.datacite.org:1008650</identifier><datestamp>2014-05-29T21:32:26Z</datestamp><setSpec>CDL</setSpec><setSpec>CDL.DRYAD</setSpec></header><metadata><oai_datacite xmlns="http://schema.datacite.org/oai/oai-1.0/" xsi:schemaLocation="http://schema.datacite.org/oai/oai-1.0/ http://schema.datacite.org/oai/oai-1.0/oai.xsd"><isReferenceQuality>false</isReferenceQuality><schemaVersion>2.2</schemaVersion><datacentreSymbol>CDL.DRYAD</datacentreSymbol><payload><resource xmlns="http://datacite.org/schema/kernel-2.2" xmlns:dryad="http://purl.org/dryad/terms/" xmlns:dim="http://www.dspace.org/xmlns/dspace/dim" xmlns:dspace="http://www.dspace.org/xmlns/dspace/dim" xmlns:mets="http://www.loc.gov/METS/" xmlns:xsi="http://www.w3.org/2001/XMLSchema-instance" metadataVersionNumber="1" lastMetadataUpdate="2006-05-04" xsi:schemaLocation="http://datacite.org/schema/kernel-2.2 http://schema.datacite.org/meta/kernel-2.2/metadata.xsd">
  <identifier identifierType="DOI">10.5061/DRYAD.QT3J5</identifier>
  <creators>
      <creator>
         <creatorName>Skrbin&#353;ek, Toma&#382;</creatorName>
      </creator>
      <creator>
         <creatorName>Jelen&#269;i&#269;, Maja</creatorName>
      </creator>
      <creator>
         <creatorName>Waits, Lisette P.</creatorName>
      </creator>
      <creator>
         <creatorName>Poto&#269;nik, Hubert</creatorName>
      </creator>
      <creator>
         <creatorName>Trontelj, Peter</creatorName>
      </creator>
  </creators>
  <titles>
      <title>Data from: Using a reference population yardstick to calibrate and compare genetic diversity reported in different studies: an example from the brown bear.</title>
  </titles>
  <publisher>Dryad Digital Repository</publisher>
  <publicationYear>2012</publicationYear>
  <subjects>
      <subject>genetic diversity</subject>
      <subject>reference population approach</subject>
      <subject>brown bear</subject>
      <subject>species distribution</subject>
      <subject>R package</subject>
      <subject>Slovenia</subject>
      <subject>45&#176;29'N - 46&#176;32'N; 13&#176;44'E - 15&#176;25'E</subject>
      <subject>Northern hemisphere</subject>
      <subject>Ursus arctos</subject>
  </subjects>
  <resourceType resourceTypeGeneral="Dataset">DataPackage</resourceType>
  <alternateIdentifiers>
      <alternateIdentifier alternateIdentifierType="citation">Skrbin&#353;ek T, Jelen&#269;i&#269; M, Waits LP, Poto&#269;nik H, Trontelj P (2012) Using a reference population yardstick to calibrate and compare genetic diversity reported in different studies: an example from the brown bear. Heredity 109: 299-305.</alternateIdentifier>
  </alternateIdentifiers>
  <relatedIdentifiers>
      <relatedIdentifier relationType="HasPart" relatedIdentifierType="DOI">10.5061/DRYAD.QT3J5/1</relatedIdentifier>
      <relatedIdentifier relationType="HasPart" relatedIdentifierType="DOI">10.5061/DRYAD.QT3J5/2</relatedIdentifier>
      <relatedIdentifier relationType="HasPart" relatedIdentifierType="DOI">10.5061/DRYAD.QT3J5/3</relatedIdentifier>
      <relatedIdentifier relationType="HasPart" relatedIdentifierType="DOI">10.5061/DRYAD.QT3J5/4</relatedIdentifier>
      <relatedIdentifier relationType="IsReferencedBy" relatedIdentifierType="DOI">10.1038/HDY.2012.42</relatedIdentifier>
      <relatedIdentifier relationType="IsReferencedBy" relatedIdentifierType="DOI"/>
  </relatedIdentifiers>
  <rights>http://creativecommons.org/publicdomain/zero/1.0/</rights>
</resource></payload></oai_datacite></metadata></record>
