<record xmlns="http://www.openarchives.org/OAI/2.0/" xmlns:xsi="http://www.w3.org/2001/XMLSchema-instance"><header><identifier>oai:oai.datacite.org:1008652</identifier><datestamp>2015-10-19T21:32:06Z</datestamp><setSpec>CDL</setSpec><setSpec>CDL.DRYAD</setSpec></header><metadata><oai_datacite xmlns="http://schema.datacite.org/oai/oai-1.0/" xsi:schemaLocation="http://schema.datacite.org/oai/oai-1.0/ http://schema.datacite.org/oai/oai-1.0/oai.xsd"><isReferenceQuality>false</isReferenceQuality><schemaVersion>2.2</schemaVersion><datacentreSymbol>CDL.DRYAD</datacentreSymbol><payload><resource xmlns="http://datacite.org/schema/kernel-2.2" xmlns:dryad="http://purl.org/dryad/terms/" xmlns:dim="http://www.dspace.org/xmlns/dspace/dim" xmlns:dspace="http://www.dspace.org/xmlns/dspace/dim" xmlns:mets="http://www.loc.gov/METS/" xmlns:xsi="http://www.w3.org/2001/XMLSchema-instance" metadataVersionNumber="1" lastMetadataUpdate="2006-05-04" xsi:schemaLocation="http://datacite.org/schema/kernel-2.2 http://schema.datacite.org/meta/kernel-2.2/metadata.xsd">
  <identifier identifierType="DOI">10.5061/DRYAD.F36H3</identifier>
  <creators>
      <creator>
         <creatorName>Dennehy, John J.</creatorName>
      </creator>
      <creator>
         <creatorName>Ching, Jane</creatorName>
      </creator>
      <creator>
         <creatorName>Mucheyev, Svetlana A.</creatorName>
      </creator>
      <creator>
         <creatorName>Chowdhury, Dipabali</creatorName>
      </creator>
      <creator>
         <creatorName>Kim, Julie A.</creatorName>
      </creator>
      <creator>
         <creatorName>Choi, Yoon</creatorName>
      </creator>
  </creators>
  <titles>
      <title>Data from: Migration enhances adaptation in bacteriophage populations evolving in ecological sinks</title>
  </titles>
  <publisher>Dryad Digital Repository</publisher>
  <publicationYear>2012</publicationYear>
  <subjects>
      <subject>adaptation</subject>
      <subject>migration</subject>
      <subject>dispersal</subject>
      <subject>experimental evolution</subject>
      <subject>gene flow</subject>
      <subject>Pseudomonas phaseolicola</subject>
      <subject>Pseudomonas pseudoalcaligenes</subject>
      <subject>Phi 6</subject>
  </subjects>
  <resourceType resourceTypeGeneral="Dataset">DataPackage</resourceType>
  <alternateIdentifiers>
      <alternateIdentifier alternateIdentifierType="citation">Dennehy JJ, Ching J, Mucheyev SA, Chowdhury D, Kim JA, Choi Y (2012) Migration enhances adaptation in bacteriophage populations evolving in ecological sinks. Evolution 67(1): 10-17.</alternateIdentifier>
  </alternateIdentifiers>
  <relatedIdentifiers>
      <relatedIdentifier relationType="HasPart" relatedIdentifierType="DOI">10.5061/DRYAD.F36H3/1</relatedIdentifier>
      <relatedIdentifier relationType="IsReferencedBy" relatedIdentifierType="DOI">10.1111/J.1558-5646.2012.01742.X</relatedIdentifier>
      <relatedIdentifier relationType="IsReferencedBy" relatedIdentifierType="DOI"/>
  </relatedIdentifiers>
  <rights>http://creativecommons.org/publicdomain/zero/1.0/</rights>
</resource></payload></oai_datacite></metadata></record>
