<record xmlns="http://www.openarchives.org/OAI/2.0/" xmlns:xsi="http://www.w3.org/2001/XMLSchema-instance"><header><identifier>oai:oai.datacite.org:1008597</identifier><datestamp>2014-05-29T21:38:18Z</datestamp><setSpec>CDL</setSpec><setSpec>CDL.DRYAD</setSpec></header><metadata><oai_datacite xmlns="http://schema.datacite.org/oai/oai-1.0/" xsi:schemaLocation="http://schema.datacite.org/oai/oai-1.0/ http://schema.datacite.org/oai/oai-1.0/oai.xsd"><isReferenceQuality>false</isReferenceQuality><schemaVersion>2.2</schemaVersion><datacentreSymbol>CDL.DRYAD</datacentreSymbol><payload><resource xmlns="http://datacite.org/schema/kernel-2.2" xmlns:dryad="http://purl.org/dryad/terms/" xmlns:dim="http://www.dspace.org/xmlns/dspace/dim" xmlns:dspace="http://www.dspace.org/xmlns/dspace/dim" xmlns:mets="http://www.loc.gov/METS/" xmlns:xsi="http://www.w3.org/2001/XMLSchema-instance" metadataVersionNumber="1" lastMetadataUpdate="2006-05-04" xsi:schemaLocation="http://datacite.org/schema/kernel-2.2 http://schema.datacite.org/meta/kernel-2.2/metadata.xsd">
  <identifier identifierType="DOI">10.5061/DRYAD.7Q341</identifier>
  <creators>
      <creator>
         <creatorName>Benkman, Craig W.</creatorName>
      </creator>
      <creator>
         <creatorName>Smith, Julie W.</creatorName>
      </creator>
      <creator>
         <creatorName>Maier, Monika</creatorName>
      </creator>
      <creator>
         <creatorName>Hansen, Leif</creatorName>
      </creator>
      <creator>
         <creatorName>Talluto, Matt V.</creatorName>
      </creator>
  </creators>
  <titles>
      <title>Data from: Consistency and variation in phenotypic selection exerted by a community of seed predators</title>
  </titles>
  <publisher>Dryad Digital Repository</publisher>
  <publicationYear>2012</publicationYear>
  <subjects>
      <subject>Coevolution</subject>
      <subject>Selection - Natural</subject>
      <subject>Herbivory</subject>
      <subject>Idaho</subject>
      <subject>South Hills</subject>
      <subject>Cassia County</subject>
      <subject>Montana</subject>
      <subject>47.563197N 108.310376W</subject>
      <subject>Little Rocky Mountains</subject>
      <subject>Northern Rocky Mountains</subject>
      <subject>Alberta</subject>
      <subject>Holocene</subject>
      <subject>Loxia curvirostra</subject>
      <subject>Picoides villosus</subject>
      <subject>Eucosma recissoriana</subject>
      <subject>Pinus contorta latifolia</subject>
      <subject>Tamiasciurus hudsonicus</subject>
  </subjects>
  <resourceType resourceTypeGeneral="Dataset">DataPackage</resourceType>
  <alternateIdentifiers>
      <alternateIdentifier alternateIdentifierType="citation">Benkman CW, Smith JW, Maier M, Hansen L, Talluto MV (2012) Consistency and variation in phenotypic selection exerted by a community of seed predators. Evolution 67(1): 157-169.</alternateIdentifier>
  </alternateIdentifiers>
  <relatedIdentifiers>
      <relatedIdentifier relationType="HasPart" relatedIdentifierType="DOI">10.5061/DRYAD.7Q341/1</relatedIdentifier>
      <relatedIdentifier relationType="HasPart" relatedIdentifierType="DOI">10.5061/DRYAD.7Q341/2</relatedIdentifier>
      <relatedIdentifier relationType="HasPart" relatedIdentifierType="DOI">10.5061/DRYAD.7Q341/3</relatedIdentifier>
      <relatedIdentifier relationType="IsReferencedBy" relatedIdentifierType="DOI">10.1111/J.1558-5646.2012.01736.X</relatedIdentifier>
      <relatedIdentifier relationType="IsReferencedBy" relatedIdentifierType="DOI"/>
  </relatedIdentifiers>
  <rights>http://creativecommons.org/publicdomain/zero/1.0/</rights>
</resource></payload></oai_datacite></metadata></record>
