<record xmlns="http://www.openarchives.org/OAI/2.0/" xmlns:xsi="http://www.w3.org/2001/XMLSchema-instance"><header><identifier>oai:oai.datacite.org:1008705</identifier><datestamp>2014-05-30T02:42:24Z</datestamp><setSpec>CDL</setSpec><setSpec>CDL.DRYAD</setSpec></header><metadata><oai_datacite xmlns="http://schema.datacite.org/oai/oai-1.0/" xsi:schemaLocation="http://schema.datacite.org/oai/oai-1.0/ http://schema.datacite.org/oai/oai-1.0/oai.xsd"><isReferenceQuality>false</isReferenceQuality><schemaVersion>2.2</schemaVersion><datacentreSymbol>CDL.DRYAD</datacentreSymbol><payload><resource xmlns="http://datacite.org/schema/kernel-2.2" xmlns:dryad="http://purl.org/dryad/terms/" xmlns:dim="http://www.dspace.org/xmlns/dspace/dim" xmlns:dspace="http://www.dspace.org/xmlns/dspace/dim" xmlns:mets="http://www.loc.gov/METS/" xmlns:xsi="http://www.w3.org/2001/XMLSchema-instance" metadataVersionNumber="1" lastMetadataUpdate="2006-05-04" xsi:schemaLocation="http://datacite.org/schema/kernel-2.2 http://schema.datacite.org/meta/kernel-2.2/metadata.xsd">
  <identifier identifierType="DOI">10.5061/DRYAD.271CS</identifier>
  <creators>
      <creator>
         <creatorName>Wheelwright, Nathaniel T.</creatorName>
      </creator>
      <creator>
         <creatorName>Sinclair, Jordan</creatorName>
      </creator>
      <creator>
         <creatorName>Hochwender, Cris</creatorName>
      </creator>
      <creator>
         <creatorName>Janzen, Frederic</creatorName>
      </creator>
  </creators>
  <titles>
      <title>Data from: Leaf size in three generations of a dioecious tropical tree, Ocotea tenera (Lauraceae): sexual dimorphism and changes with age</title>
  </titles>
  <publisher>Dryad Digital Repository</publisher>
  <publicationYear>2013</publicationYear>
  <subjects>
      <subject>sexual dimorphism</subject>
      <subject>leaf size and shape</subject>
      <subject>heritability</subject>
      <subject>Costa Rica</subject>
      <subject>Monteverde</subject>
      <subject>lower montane forest</subject>
      <subject>Central America</subject>
      <subject>Holocene</subject>
      <subject>Ocotea tenera</subject>
      <subject>Lauraceae</subject>
  </subjects>
  <resourceType resourceTypeGeneral="Dataset">DataPackage</resourceType>
  <alternateIdentifiers>
      <alternateIdentifier alternateIdentifierType="citation">Wheelwright NT, Sinclair J, Hochwender C, Janzen F (2012) Ocotea tenera (Lauraceae) leaf dimensions. American Journal of Botany 99(8): 1350-1355.</alternateIdentifier>
  </alternateIdentifiers>
  <relatedIdentifiers>
      <relatedIdentifier relationType="HasPart" relatedIdentifierType="DOI">10.5061/DRYAD.271CS/1</relatedIdentifier>
      <relatedIdentifier relationType="IsReferencedBy" relatedIdentifierType="DOI">10.3732/AJB.1200182</relatedIdentifier>
      <relatedIdentifier relationType="IsReferencedBy" relatedIdentifierType="DOI"/>
  </relatedIdentifiers>
  <rights>http://creativecommons.org/publicdomain/zero/1.0/</rights>
</resource></payload></oai_datacite></metadata></record>
