<record xmlns="http://www.openarchives.org/OAI/2.0/" xmlns:xsi="http://www.w3.org/2001/XMLSchema-instance"><header><identifier>oai:oai.datacite.org:1009687</identifier><datestamp>2014-05-29T21:39:49Z</datestamp><setSpec>CDL</setSpec><setSpec>CDL.DRYAD</setSpec></header><metadata><oai_datacite xmlns="http://schema.datacite.org/oai/oai-1.0/" xsi:schemaLocation="http://schema.datacite.org/oai/oai-1.0/ http://schema.datacite.org/oai/oai-1.0/oai.xsd"><isReferenceQuality>false</isReferenceQuality><schemaVersion>2.2</schemaVersion><datacentreSymbol>CDL.DRYAD</datacentreSymbol><payload><resource xmlns="http://datacite.org/schema/kernel-2.2" xmlns:dryad="http://purl.org/dryad/terms/" xmlns:dim="http://www.dspace.org/xmlns/dspace/dim" xmlns:dspace="http://www.dspace.org/xmlns/dspace/dim" xmlns:mets="http://www.loc.gov/METS/" xmlns:xsi="http://www.w3.org/2001/XMLSchema-instance" metadataVersionNumber="1" lastMetadataUpdate="2006-05-04" xsi:schemaLocation="http://datacite.org/schema/kernel-2.2 http://schema.datacite.org/meta/kernel-2.2/metadata.xsd">
  <identifier identifierType="DOI">10.5061/DRYAD.8J1HB</identifier>
  <creators>
      <creator>
         <creatorName>Touchon, Justin C.</creatorName>
      </creator>
  </creators>
  <titles>
      <title>Data from: A treefrog with reproductive mode plasticity reveals a changing balance of selection for non-aquatic egg-laying</title>
  </titles>
  <publisher>Dryad Digital Repository</publisher>
  <publicationYear>2012</publicationYear>
  <subjects>
      <subject>Behavior: evolution</subject>
      <subject>Behavior: reproductive</subject>
      <subject>Ecology: behavioral</subject>
      <subject>Ecology: evolutionary</subject>
      <subject>Life history: evolution</subject>
      <subject>Phenotypic plasticity</subject>
      <subject>Reproduction: strategies</subject>
      <subject>Selection: natural</subject>
      <subject>Anurans (frogs and toads)</subject>
      <subject>Vertebrates</subject>
      <subject>Gamboa</subject>
      <subject>Panama</subject>
      <subject>Central America</subject>
      <subject>Dendropsophus ebraccatus</subject>
      <subject>Anura</subject>
      <subject>Amphibia</subject>
      <subject>Vertebrata</subject>
  </subjects>
  <resourceType resourceTypeGeneral="Dataset">DataPackage</resourceType>
  <alternateIdentifiers>
      <alternateIdentifier alternateIdentifierType="citation">Touchon JC (2012) A treefrog with reproductive mode plasticity reveals a changing balance of selection for non-aquatic egg-laying. American Naturalist 180(6): 733-743.</alternateIdentifier>
  </alternateIdentifiers>
  <relatedIdentifiers>
      <relatedIdentifier relationType="HasPart" relatedIdentifierType="DOI">10.5061/DRYAD.8J1HB/1</relatedIdentifier>
      <relatedIdentifier relationType="HasPart" relatedIdentifierType="DOI">10.5061/DRYAD.8J1HB/2</relatedIdentifier>
      <relatedIdentifier relationType="HasPart" relatedIdentifierType="DOI">10.5061/DRYAD.8J1HB/3</relatedIdentifier>
      <relatedIdentifier relationType="IsReferencedBy" relatedIdentifierType="DOI">10.1086/668079</relatedIdentifier>
      <relatedIdentifier relationType="IsReferencedBy" relatedIdentifierType="DOI"/>
  </relatedIdentifiers>
  <rights>http://creativecommons.org/publicdomain/zero/1.0/</rights>
</resource></payload></oai_datacite></metadata></record>
