<record xmlns="http://www.openarchives.org/OAI/2.0/" xmlns:xsi="http://www.w3.org/2001/XMLSchema-instance"><header><identifier>oai:oai.datacite.org:1009691</identifier><datestamp>2014-05-29T22:06:30Z</datestamp><setSpec>CDL</setSpec><setSpec>CDL.DRYAD</setSpec></header><metadata><oai_datacite xmlns="http://schema.datacite.org/oai/oai-1.0/" xsi:schemaLocation="http://schema.datacite.org/oai/oai-1.0/ http://schema.datacite.org/oai/oai-1.0/oai.xsd"><isReferenceQuality>false</isReferenceQuality><schemaVersion>2.2</schemaVersion><datacentreSymbol>CDL.DRYAD</datacentreSymbol><payload><resource xmlns="http://datacite.org/schema/kernel-2.2" xmlns:dryad="http://purl.org/dryad/terms/" xmlns:dim="http://www.dspace.org/xmlns/dspace/dim" xmlns:dspace="http://www.dspace.org/xmlns/dspace/dim" xmlns:mets="http://www.loc.gov/METS/" xmlns:xsi="http://www.w3.org/2001/XMLSchema-instance" metadataVersionNumber="1" lastMetadataUpdate="2006-05-04" xsi:schemaLocation="http://datacite.org/schema/kernel-2.2 http://schema.datacite.org/meta/kernel-2.2/metadata.xsd">
  <identifier identifierType="DOI">10.5061/DRYAD.5H6N5</identifier>
  <creators>
      <creator>
         <creatorName>Knox, Matthew</creatorName>
      </creator>
      <creator>
         <creatorName>Hogg, Ian</creatorName>
      </creator>
      <creator>
         <creatorName>Pilditch, Conrad</creatorName>
      </creator>
      <creator>
         <creatorName>L&#246;rz, Anne-Nina</creatorName>
      </creator>
      <creator>
         <creatorName>Hebert, Paul</creatorName>
      </creator>
      <creator>
         <creatorName>Steinke, Dirk</creatorName>
      </creator>
  </creators>
  <titles>
      <title>Data from: Mitochondrial DNA (COI) analyses reveal that amphipod diversity is associated with environmental heterogeneity in deep-sea habitats</title>
  </titles>
  <publisher>Dryad Digital Repository</publisher>
  <publicationYear>2012</publicationYear>
  <subjects>
      <subject>Bioinfomatics/Phyloinfomatics</subject>
      <subject>Community Ecology</subject>
      <subject>Crustaceans</subject>
      <subject>DNA Barcoding</subject>
      <subject>Ecological Genetics</subject>
      <subject>Chatham Rise New Zealand</subject>
      <subject>Challenger Plateau New Zealand</subject>
      <subject>Amphipoda</subject>
      <subject>Phoxocephalidae</subject>
  </subjects>
  <resourceType resourceTypeGeneral="Dataset">DataPackage</resourceType>
  <alternateIdentifiers>
      <alternateIdentifier alternateIdentifierType="citation">Knox M, Hogg I, Pilditch C, L&#246;rz A, Hebert P, Steinke D (2012) Mitochondrial DNA (COI) analyses reveal that amphipod diversity is associated with environmental heterogeneity in deep-sea habitats. Molecular Ecology 21(19): 4885-4897.</alternateIdentifier>
  </alternateIdentifiers>
  <relatedIdentifiers>
      <relatedIdentifier relationType="HasPart" relatedIdentifierType="DOI">10.5061/DRYAD.5H6N5/1</relatedIdentifier>
      <relatedIdentifier relationType="IsReferencedBy" relatedIdentifierType="DOI">10.1111/J.1365-294X.2012.05729.X</relatedIdentifier>
      <relatedIdentifier relationType="IsReferencedBy" relatedIdentifierType="DOI"/>
  </relatedIdentifiers>
  <rights>http://creativecommons.org/publicdomain/zero/1.0/</rights>
</resource></payload></oai_datacite></metadata></record>
