<record xmlns="http://www.openarchives.org/OAI/2.0/" xmlns:xsi="http://www.w3.org/2001/XMLSchema-instance"><header><identifier>oai:oai.datacite.org:1009053</identifier><datestamp>2015-09-25T16:22:49Z</datestamp><setSpec>CDL</setSpec><setSpec>CDL.DRYAD</setSpec></header><metadata><oai_datacite xmlns="http://schema.datacite.org/oai/oai-1.0/" xsi:schemaLocation="http://schema.datacite.org/oai/oai-1.0/ http://schema.datacite.org/oai/oai-1.0/oai.xsd"><isReferenceQuality>false</isReferenceQuality><schemaVersion>2.2</schemaVersion><datacentreSymbol>CDL.DRYAD</datacentreSymbol><payload><resource xmlns="http://datacite.org/schema/kernel-2.2" xmlns:dryad="http://purl.org/dryad/terms/" xmlns:dim="http://www.dspace.org/xmlns/dspace/dim" xmlns:dspace="http://www.dspace.org/xmlns/dspace/dim" xmlns:mets="http://www.loc.gov/METS/" xmlns:xsi="http://www.w3.org/2001/XMLSchema-instance" metadataVersionNumber="1" lastMetadataUpdate="2006-05-04" xsi:schemaLocation="http://datacite.org/schema/kernel-2.2 http://schema.datacite.org/meta/kernel-2.2/metadata.xsd">
  <identifier identifierType="DOI">10.5061/DRYAD.M78FK</identifier>
  <creators>
      <creator>
         <creatorName>Bourtzis, Kostas</creatorName>
      </creator>
      <creator>
         <creatorName>Veneti, Zoe</creatorName>
      </creator>
      <creator>
         <creatorName>Zabalou, Sofia</creatorName>
      </creator>
      <creator>
         <creatorName>Papafotiou, George</creatorName>
      </creator>
      <creator>
         <creatorName>Paraskevopoulos, Charalampos</creatorName>
      </creator>
      <creator>
         <creatorName>Pattas, Savvas</creatorName>
      </creator>
      <creator>
         <creatorName>Livadaras, Ioannis</creatorName>
      </creator>
      <creator>
         <creatorName>Markakis, George</creatorName>
      </creator>
      <creator>
         <creatorName>Herren, Jeremy</creatorName>
      </creator>
      <creator>
         <creatorName>Jaenike, John</creatorName>
      </creator>
  </creators>
  <titles>
      <title>Data from: Loss of reproductive parasitism following transfer of male-killing Wolbachia to Drosophila melanogaster and Drosophila simulans</title>
  </titles>
  <publisher>Dryad Digital Repository</publisher>
  <publicationYear>2012</publicationYear>
  <subjects>
      <subject>cytoplasmic incompatibility</subject>
      <subject>male killing</subject>
      <subject>Wolbachia</subject>
      <subject>Drosophila</subject>
  </subjects>
  <resourceType resourceTypeGeneral="Dataset">DataPackage</resourceType>
  <alternateIdentifiers>
      <alternateIdentifier alternateIdentifierType="citation">Bourtzis K, Veneti Z, Zabalou S, Papafotiou G, Paraskevopoulos C, Pattas S, Livadaras I, Markakis G, Herren J, Jaenike J (2012) Loss of reproductive parasitism following transfer of male-killing Wolbachia to Drosophila melanogaster and Drosophila simulans. Heredity 109: 306-312.</alternateIdentifier>
  </alternateIdentifiers>
  <relatedIdentifiers>
      <relatedIdentifier relationType="HasPart" relatedIdentifierType="DOI">10.5061/DRYAD.M78FK/1</relatedIdentifier>
      <relatedIdentifier relationType="IsReferencedBy" relatedIdentifierType="DOI">10.1038/HDY.2012.43</relatedIdentifier>
      <relatedIdentifier relationType="IsReferencedBy" relatedIdentifierType="DOI"/>
  </relatedIdentifiers>
  <rights>http://creativecommons.org/publicdomain/zero/1.0/</rights>
</resource></payload></oai_datacite></metadata></record>
