<record xmlns="http://www.openarchives.org/OAI/2.0/" xmlns:xsi="http://www.w3.org/2001/XMLSchema-instance"><header><identifier>oai:oai.datacite.org:1009696</identifier><datestamp>2014-05-30T00:57:30Z</datestamp><setSpec>CDL</setSpec><setSpec>CDL.DRYAD</setSpec></header><metadata><oai_datacite xmlns="http://schema.datacite.org/oai/oai-1.0/" xsi:schemaLocation="http://schema.datacite.org/oai/oai-1.0/ http://schema.datacite.org/oai/oai-1.0/oai.xsd"><isReferenceQuality>false</isReferenceQuality><schemaVersion>2.2</schemaVersion><datacentreSymbol>CDL.DRYAD</datacentreSymbol><payload><resource xmlns="http://datacite.org/schema/kernel-2.2" xmlns:dryad="http://purl.org/dryad/terms/" xmlns:dim="http://www.dspace.org/xmlns/dspace/dim" xmlns:dspace="http://www.dspace.org/xmlns/dspace/dim" xmlns:mets="http://www.loc.gov/METS/" xmlns:xsi="http://www.w3.org/2001/XMLSchema-instance" metadataVersionNumber="1" lastMetadataUpdate="2006-05-04" xsi:schemaLocation="http://datacite.org/schema/kernel-2.2 http://schema.datacite.org/meta/kernel-2.2/metadata.xsd">
  <identifier identifierType="DOI">10.5061/DRYAD.MM54F</identifier>
  <creators>
      <creator>
         <creatorName>D'Hont, Angelique</creatorName>
      </creator>
      <creator>
         <creatorName>Denoeud, France</creatorName>
      </creator>
      <creator>
         <creatorName>Aury, Jean-Marc</creatorName>
      </creator>
      <creator>
         <creatorName>Baurens, Franc-Christophe</creatorName>
      </creator>
      <creator>
         <creatorName>Carreel, Fran&#231;oise</creatorName>
      </creator>
      <creator>
         <creatorName>Garsmeur, Olivier</creatorName>
      </creator>
      <creator>
         <creatorName>Noel, Benjamin</creatorName>
      </creator>
      <creator>
         <creatorName>Bocs, St&#233;phanie</creatorName>
      </creator>
      <creator>
         <creatorName>Droc, Ga&#235;tan</creatorName>
      </creator>
      <creator>
         <creatorName>Rouard, Mathieu</creatorName>
      </creator>
      <creator>
         <creatorName>Da Silva, Corinne</creatorName>
      </creator>
      <creator>
         <creatorName>Kamel, Jabbari</creatorName>
      </creator>
      <creator>
         <creatorName>Cardi, C&#233;line</creatorName>
      </creator>
      <creator>
         <creatorName>Poulain, Julie</creatorName>
      </creator>
      <creator>
         <creatorName>Souquet, Marl&#232;ne</creatorName>
      </creator>
      <creator>
         <creatorName>Labadie, Karine</creatorName>
      </creator>
      <creator>
         <creatorName>Jourda, Cyril</creatorName>
      </creator>
      <creator>
         <creatorName>Lengell&#233;, Juliette</creatorName>
      </creator>
      <creator>
         <creatorName>Rodier-Goud, Marguerite</creatorName>
      </creator>
      <creator>
         <creatorName>Alberti, Adriana</creatorName>
      </creator>
      <creator>
         <creatorName>Bernard, Maria</creatorName>
      </creator>
      <creator>
         <creatorName>Correa, Margot</creatorName>
      </creator>
      <creator>
         <creatorName>Ayyampalayam, Saravanaraj</creatorName>
      </creator>
      <creator>
         <creatorName>McKain, Michael R.</creatorName>
      </creator>
      <creator>
         <creatorName>Leebens-Mack, Jim</creatorName>
      </creator>
      <creator>
         <creatorName>Burgess, Diane</creatorName>
      </creator>
      <creator>
         <creatorName>Freeling, Mike</creatorName>
      </creator>
      <creator>
         <creatorName>Mb&#233;gui&#233;- A-Mb&#233;gui&#233;, Didier</creatorName>
      </creator>
      <creator>
         <creatorName>Chabannes, Matthieu</creatorName>
      </creator>
      <creator>
         <creatorName>Wicker, Thomas</creatorName>
      </creator>
      <creator>
         <creatorName>Panaud, Olivier</creatorName>
      </creator>
      <creator>
         <creatorName>Barbosa, Jose</creatorName>
      </creator>
      <creator>
         <creatorName>Hribova, Eva</creatorName>
      </creator>
      <creator>
         <creatorName>Heslop-Harrison, Pat</creatorName>
      </creator>
      <creator>
         <creatorName>Habas, R&#233;my</creatorName>
      </creator>
      <creator>
         <creatorName>Rivallan, Ronan</creatorName>
      </creator>
      <creator>
         <creatorName>Francois, Philippe</creatorName>
      </creator>
      <creator>
         <creatorName>Poiron, Claire</creatorName>
      </creator>
      <creator>
         <creatorName>Kilian, Andrzej</creatorName>
      </creator>
      <creator>
         <creatorName>Burthia, Dheema</creatorName>
      </creator>
      <creator>
         <creatorName>Jenny, Christophe</creatorName>
      </creator>
      <creator>
         <creatorName>Bakry, Fr&#233;d&#233;ric</creatorName>
      </creator>
      <creator>
         <creatorName>Brown, Spencer</creatorName>
      </creator>
      <creator>
         <creatorName>Guignon, Valentin</creatorName>
      </creator>
      <creator>
         <creatorName>Kema, Gert</creatorName>
      </creator>
      <creator>
         <creatorName>Dita, Miguel</creatorName>
      </creator>
      <creator>
         <creatorName>Waalwijk, Cees</creatorName>
      </creator>
      <creator>
         <creatorName>Joseph, Steeve</creatorName>
      </creator>
      <creator>
         <creatorName>Dievart, Anne</creatorName>
      </creator>
      <creator>
         <creatorName>Jaillon, Olivier</creatorName>
      </creator>
      <creator>
         <creatorName>Leclercq, Julie</creatorName>
      </creator>
      <creator>
         <creatorName>Argout, Xavier</creatorName>
      </creator>
      <creator>
         <creatorName>Lyons, Eric</creatorName>
      </creator>
      <creator>
         <creatorName>Almeida, Ana</creatorName>
      </creator>
      <creator>
         <creatorName>Jeridi, Mouna</creatorName>
      </creator>
      <creator>
         <creatorName>Dolezel, Jaroslav</creatorName>
      </creator>
      <creator>
         <creatorName>Roux, Nicolas</creatorName>
      </creator>
      <creator>
         <creatorName>Risterucci, Ange-Marie</creatorName>
      </creator>
      <creator>
         <creatorName>Weissenbach, Jean</creatorName>
      </creator>
      <creator>
         <creatorName>Ruiz, Manuel</creatorName>
      </creator>
      <creator>
         <creatorName>Glaszmann, Jean-Christophe</creatorName>
      </creator>
      <creator>
         <creatorName>Qu&#233;tier, Francis</creatorName>
      </creator>
      <creator>
         <creatorName>Yahiaoui, Nabila</creatorName>
      </creator>
      <creator>
         <creatorName>Wincker, Patrick</creatorName>
      </creator>
  </creators>
  <titles>
      <title>Data from: The banana (Musa acuminata) genome and the evolution of monocotyledonous plants</title>
  </titles>
  <publisher>Dryad Digital Repository</publisher>
  <publicationYear>2013</publicationYear>
  <subjects>
      <subject>banana</subject>
      <subject>genome</subject>
      <subject>polyploidy</subject>
      <subject>Musa acuminata</subject>
  </subjects>
  <resourceType resourceTypeGeneral="Dataset">DataPackage</resourceType>
  <alternateIdentifiers>
      <alternateIdentifier alternateIdentifierType="citation">D'Hont A, Denoeud F, Aury J, Baurens F, Carreel F, Garsmeur O, Noel B, Bocs S, Droc G, Rouard M, Da Silva C, Kamel J, Cardi C, Poulain J, Souquet M, Labadie K, Jourda C, Lengell&#233; J, Rodier-Goud M, Alberti A, Bernard M, Correa M, Ayyampalayam S, McKain MR, Leebens-Mack J, Burgess D, Freeling M, Mb&#233;gui&#233;- A-Mb&#233;gui&#233; D, Chabannes M, Wicker T, Panaud O, Barbosa J, Hribova E, Heslop-Harrison P, Habas R, Rivallan R, Francois P, Poiron C, Kilian A, Burthia D, Jenny C, Bakry F, Brown S, Guignon V, Kema G, Dita M, Waalwijk C, Joseph S, Dievart A, Jaillon O, Leclercq J, Argout X, Lyons E, Almeida A, Jeridi M, Dolezel J, Roux N, Risterucci A, Weissenbach J, Ruiz M, Glaszmann J, Qu&#233;tier F, Yahiaoui N, Wincker P (2012) The banana (Musa acuminata) genome and the evolution of monocotyledonous plants. Nature 488(7410): 213&#8211;217.</alternateIdentifier>
  </alternateIdentifiers>
  <relatedIdentifiers>
      <relatedIdentifier relationType="HasPart" relatedIdentifierType="DOI">10.5061/DRYAD.MM54F/1</relatedIdentifier>
      <relatedIdentifier relationType="IsReferencedBy" relatedIdentifierType="DOI">10.1038/NATURE11241</relatedIdentifier>
      <relatedIdentifier relationType="IsReferencedBy" relatedIdentifierType="DOI"/>
  </relatedIdentifiers>
  <rights>http://creativecommons.org/publicdomain/zero/1.0/</rights>
</resource></payload></oai_datacite></metadata></record>
