<record xmlns="http://www.openarchives.org/OAI/2.0/" xmlns:xsi="http://www.w3.org/2001/XMLSchema-instance"><header><identifier>oai:oai.datacite.org:1009060</identifier><datestamp>2015-10-26T20:32:20Z</datestamp><setSpec>CDL</setSpec><setSpec>CDL.DRYAD</setSpec></header><metadata><oai_datacite xmlns="http://schema.datacite.org/oai/oai-1.0/" xsi:schemaLocation="http://schema.datacite.org/oai/oai-1.0/ http://schema.datacite.org/oai/oai-1.0/oai.xsd"><isReferenceQuality>false</isReferenceQuality><schemaVersion>2.2</schemaVersion><datacentreSymbol>CDL.DRYAD</datacentreSymbol><payload><resource xmlns="http://datacite.org/schema/kernel-2.2" xmlns:dryad="http://purl.org/dryad/terms/" xmlns:dim="http://www.dspace.org/xmlns/dspace/dim" xmlns:dspace="http://www.dspace.org/xmlns/dspace/dim" xmlns:mets="http://www.loc.gov/METS/" xmlns:xsi="http://www.w3.org/2001/XMLSchema-instance" metadataVersionNumber="1" lastMetadataUpdate="2006-05-04" xsi:schemaLocation="http://datacite.org/schema/kernel-2.2 http://schema.datacite.org/meta/kernel-2.2/metadata.xsd">
  <identifier identifierType="DOI">10.5061/DRYAD.7GP1F</identifier>
  <creators>
      <creator>
         <creatorName>Baums, Iliana B.</creatorName>
      </creator>
      <creator>
         <creatorName>Boulay, Jennifer N.</creatorName>
      </creator>
      <creator>
         <creatorName>Polato, Nicholas R.</creatorName>
      </creator>
      <creator>
         <creatorName>Hellberg, Michael E.</creatorName>
      </creator>
  </creators>
  <titles>
      <title>Data from: No gene flow across the Eastern Pacific Barrier in the reef-building coral Porites lobata</title>
  </titles>
  <publisher>Dryad Digital Repository</publisher>
  <publicationYear>2012</publicationYear>
  <subjects>
      <subject>Climate Change</subject>
      <subject>Cnidarians</subject>
      <subject>Population Genetics - Empirical</subject>
      <subject>Conservation Genetics</subject>
      <subject>Tropical Eastern Pacific</subject>
      <subject>Indonesia</subject>
      <subject>Marshalls</subject>
      <subject>Fiji</subject>
      <subject>Samoa</subject>
      <subject>Phoenix Islands</subject>
      <subject>Hawaii</subject>
      <subject>Johnston Atoll</subject>
      <subject>Line Islands</subject>
      <subject>Moorea</subject>
      <subject>Marquesas</subject>
      <subject>Galapagos</subject>
      <subject>Costa Rica</subject>
      <subject>Panama</subject>
      <subject>Ecuador</subject>
      <subject>Clipperton Atoll</subject>
      <subject>Holocene</subject>
      <subject>Porites lobata</subject>
  </subjects>
  <resourceType resourceTypeGeneral="Dataset">DataPackage</resourceType>
  <alternateIdentifiers>
      <alternateIdentifier alternateIdentifierType="citation">Baums IB, Boulay JN, Polato NR, Hellberg ME (2012) No gene flow across the Eastern Pacific Barrier in the reef-building coral Porites lobata. Molecular Ecology 21(22): 5418&#8211;5433.</alternateIdentifier>
  </alternateIdentifiers>
  <relatedIdentifiers>
      <relatedIdentifier relationType="HasPart" relatedIdentifierType="DOI">10.5061/DRYAD.7GP1F/1</relatedIdentifier>
      <relatedIdentifier relationType="HasPart" relatedIdentifierType="DOI">10.5061/DRYAD.7GP1F/5</relatedIdentifier>
      <relatedIdentifier relationType="HasPart" relatedIdentifierType="DOI">10.5061/DRYAD.7GP1F/6</relatedIdentifier>
      <relatedIdentifier relationType="IsReferencedBy" relatedIdentifierType="DOI">10.1111/J.1365-294X.2012.05733.X</relatedIdentifier>
      <relatedIdentifier relationType="IsReferencedBy" relatedIdentifierType="DOI"/>
  </relatedIdentifiers>
  <rights>http://creativecommons.org/publicdomain/zero/1.0/</rights>
</resource></payload></oai_datacite></metadata></record>
