<record xmlns="http://www.openarchives.org/OAI/2.0/" xmlns:xsi="http://www.w3.org/2001/XMLSchema-instance"><header><identifier>oai:oai.datacite.org:1009697</identifier><datestamp>2015-10-13T17:50:37Z</datestamp><setSpec>CDL</setSpec><setSpec>CDL.DRYAD</setSpec></header><metadata><oai_datacite xmlns="http://schema.datacite.org/oai/oai-1.0/" xsi:schemaLocation="http://schema.datacite.org/oai/oai-1.0/ http://schema.datacite.org/oai/oai-1.0/oai.xsd"><isReferenceQuality>false</isReferenceQuality><schemaVersion>2.2</schemaVersion><datacentreSymbol>CDL.DRYAD</datacentreSymbol><payload><resource xmlns="http://datacite.org/schema/kernel-2.2" xmlns:dryad="http://purl.org/dryad/terms/" xmlns:dim="http://www.dspace.org/xmlns/dspace/dim" xmlns:dspace="http://www.dspace.org/xmlns/dspace/dim" xmlns:mets="http://www.loc.gov/METS/" xmlns:xsi="http://www.w3.org/2001/XMLSchema-instance" metadataVersionNumber="1" lastMetadataUpdate="2006-05-04" xsi:schemaLocation="http://datacite.org/schema/kernel-2.2 http://schema.datacite.org/meta/kernel-2.2/metadata.xsd">
  <identifier identifierType="DOI">10.5061/DRYAD.K2V04</identifier>
  <creators>
      <creator>
         <creatorName>Drew, Joshua A.</creatorName>
      </creator>
      <creator>
         <creatorName>Buxman, Charlene L.</creatorName>
      </creator>
      <creator>
         <creatorName>Holmes, Darcae D.</creatorName>
      </creator>
      <creator>
         <creatorName>Mandecki, Joanna L.</creatorName>
      </creator>
      <creator>
         <creatorName>Mungkaje, Augustine J.</creatorName>
      </creator>
      <creator>
         <creatorName>Richardson, Amber C.</creatorName>
      </creator>
      <creator>
         <creatorName>Westneat, Mark W.</creatorName>
      </creator>
  </creators>
  <titles>
      <title>Data from: Biodiversity inventories and conservation of the marine fishes of Bootless Bay, Papua New Guinea</title>
  </titles>
  <publisher>Dryad Digital Repository</publisher>
  <publicationYear>2013</publicationYear>
  <subjects>
      <subject>biodiversity</subject>
      <subject>coral reef</subject>
      <subject>museum collections</subject>
      <subject>Papua New Guinea</subject>
  </subjects>
  <resourceType resourceTypeGeneral="Dataset">DataPackage</resourceType>
  <alternateIdentifiers>
      <alternateIdentifier alternateIdentifierType="citation">Drew JA, Buxman CL, Holmes DD, Mandecki JL, Mungkaje AJ, Richardson AC, Westneat MW (2012) Biodiversity inventories and conservation of the marine fishes of Bootless Bay, Papua New Guinea. BMC Ecology 12: 15.</alternateIdentifier>
  </alternateIdentifiers>
  <relatedIdentifiers>
      <relatedIdentifier relationType="HasPart" relatedIdentifierType="DOI">10.5061/DRYAD.K2V04/1</relatedIdentifier>
      <relatedIdentifier relationType="IsReferencedBy" relatedIdentifierType="DOI">10.1186/1472-6785-12-15</relatedIdentifier>
      <relatedIdentifier relationType="IsReferencedBy" relatedIdentifierType="DOI"/>
  </relatedIdentifiers>
  <rights>http://creativecommons.org/publicdomain/zero/1.0/</rights>
</resource></payload></oai_datacite></metadata></record>
