<record xmlns="http://www.openarchives.org/OAI/2.0/" xmlns:xsi="http://www.w3.org/2001/XMLSchema-instance"><header><identifier>oai:oai.datacite.org:1017988</identifier><datestamp>2015-10-07T15:14:45Z</datestamp><setSpec>CDL</setSpec><setSpec>CDL.DRYAD</setSpec></header><metadata><oai_datacite xmlns="http://schema.datacite.org/oai/oai-1.0/" xsi:schemaLocation="http://schema.datacite.org/oai/oai-1.0/ http://schema.datacite.org/oai/oai-1.0/oai.xsd"><isReferenceQuality>false</isReferenceQuality><schemaVersion>2.2</schemaVersion><datacentreSymbol>CDL.DRYAD</datacentreSymbol><payload><resource xmlns="http://datacite.org/schema/kernel-2.2" xmlns:dryad="http://purl.org/dryad/terms/" xmlns:dim="http://www.dspace.org/xmlns/dspace/dim" xmlns:dspace="http://www.dspace.org/xmlns/dspace/dim" xmlns:mets="http://www.loc.gov/METS/" xmlns:xsi="http://www.w3.org/2001/XMLSchema-instance" metadataVersionNumber="1" lastMetadataUpdate="2006-05-04" xsi:schemaLocation="http://datacite.org/schema/kernel-2.2 http://schema.datacite.org/meta/kernel-2.2/metadata.xsd">
  <identifier identifierType="DOI">10.5061/DRYAD.PF2R0</identifier>
  <creators>
      <creator>
         <creatorName>Passmore, Heather A.</creatorName>
      </creator>
      <creator>
         <creatorName>Bruna, Emilio M.</creatorName>
      </creator>
      <creator>
         <creatorName>Heredia, Sylvia M.</creatorName>
      </creator>
      <creator>
         <creatorName>Vasconcelos, Heraldo L.</creatorName>
      </creator>
  </creators>
  <titles>
      <title>Data from: Resilient networks of ant-plant mutualists in Amazonian forest fragments</title>
  </titles>
  <publisher>Dryad Digital Repository</publisher>
  <publicationYear>2012</publicationYear>
  <subjects>
      <subject>ant-plant interactions</subject>
      <subject>connectance</subject>
      <subject>habitat fragmentation</subject>
      <subject>mutualistic networks</subject>
      <subject>nestedness</subject>
      <subject>network structure</subject>
      <subject>quantitative metrics</subject>
      <subject>robustness</subject>
      <subject>Biological Dynamics of Forest Fragments Project</subject>
      <subject>Manaus</subject>
      <subject>Amazonas</subject>
      <subject>Brazil</subject>
      <subject>Allomerus decemarticulatus</subject>
      <subject>Allomerus octoarticulatus</subject>
      <subject>Allomerus septemarticulatus</subject>
      <subject>Azteca spp.</subject>
      <subject>Camponotus balzani</subject>
      <subject>Crematogaster laevis</subject>
      <subject>Myrcidris epicharis</subject>
      <subject>Pseudomyrmex concolor</subject>
      <subject>Pseudomyrmex nigrescens</subject>
      <subject>Pheidole minutula</subject>
      <subject>Cecropia purpurascens</subject>
      <subject>Cordia nodosa</subject>
      <subject>Duroia saccifera</subject>
      <subject>Hirtella myrmecophila</subject>
      <subject>Hirtella physophora</subject>
      <subject>Maieta guianensis</subject>
      <subject>Myrcia madida</subject>
      <subject>Porouma spp.</subject>
      <subject>Tachigali myrmecophila</subject>
      <subject>Tachigali pumblea</subject>
      <subject>Tachigali venusta</subject>
      <subject>Tococa bullifera</subject>
  </subjects>
  <resourceType resourceTypeGeneral="Dataset">DataPackage</resourceType>
  <alternateIdentifiers>
      <alternateIdentifier alternateIdentifierType="citation">Passmore HA, Bruna EM, Heredia SM, Vasconcelos HL (2012) Resilient networks of ant-plant mutualists in Amazonian forest fragments. PLoS ONE 7(8): e40803.</alternateIdentifier>
  </alternateIdentifiers>
  <relatedIdentifiers>
      <relatedIdentifier relationType="HasPart" relatedIdentifierType="DOI">10.5061/DRYAD.PF2R0/1</relatedIdentifier>
      <relatedIdentifier relationType="IsReferencedBy" relatedIdentifierType="DOI">10.1371/JOURNAL.PONE.0040803</relatedIdentifier>
      <relatedIdentifier relationType="IsReferencedBy" relatedIdentifierType="DOI"/>
  </relatedIdentifiers>
  <rights>http://creativecommons.org/publicdomain/zero/1.0/</rights>
</resource></payload></oai_datacite></metadata></record>
