<record xmlns="http://www.openarchives.org/OAI/2.0/" xmlns:xsi="http://www.w3.org/2001/XMLSchema-instance"><header><identifier>oai:oai.datacite.org:1018548</identifier><datestamp>2015-08-20T21:13:47Z</datestamp><setSpec>CDL</setSpec><setSpec>CDL.DRYAD</setSpec></header><metadata><oai_datacite xmlns="http://schema.datacite.org/oai/oai-1.0/" xsi:schemaLocation="http://schema.datacite.org/oai/oai-1.0/ http://schema.datacite.org/oai/oai-1.0/oai.xsd"><isReferenceQuality>false</isReferenceQuality><schemaVersion>2.2</schemaVersion><datacentreSymbol>CDL.DRYAD</datacentreSymbol><payload><resource xmlns="http://datacite.org/schema/kernel-2.2" xmlns:dryad="http://purl.org/dryad/terms/" xmlns:dim="http://www.dspace.org/xmlns/dspace/dim" xmlns:dspace="http://www.dspace.org/xmlns/dspace/dim" xmlns:mets="http://www.loc.gov/METS/" xmlns:xsi="http://www.w3.org/2001/XMLSchema-instance" metadataVersionNumber="1" lastMetadataUpdate="2006-05-04" xsi:schemaLocation="http://datacite.org/schema/kernel-2.2 http://schema.datacite.org/meta/kernel-2.2/metadata.xsd">
  <identifier identifierType="DOI">10.5061/DRYAD.6354B</identifier>
  <creators>
      <creator>
         <creatorName>Andrade, Victor P.</creatorName>
      </creator>
      <creator>
         <creatorName>Ostrovnaya, Irina</creatorName>
      </creator>
      <creator>
         <creatorName>Seshan, Venkatraman E.</creatorName>
      </creator>
      <creator>
         <creatorName>Morrogh, Mary</creatorName>
      </creator>
      <creator>
         <creatorName>Giri, Dilip</creatorName>
      </creator>
      <creator>
         <creatorName>Olvera, Narciso</creatorName>
      </creator>
      <creator>
         <creatorName>De Brot, Marina</creatorName>
      </creator>
      <creator>
         <creatorName>Morrow, Monica</creatorName>
      </creator>
      <creator>
         <creatorName>Begg, Colin B.</creatorName>
      </creator>
      <creator>
         <creatorName>King, Tari A.</creatorName>
      </creator>
  </creators>
  <titles>
      <title>Data from: Clonal relatedness between lobular carcinoma in situ and synchronous malignant lesions</title>
  </titles>
  <publisher>Dryad Digital Repository</publisher>
  <publicationYear>2015</publicationYear>
  <resourceType resourceTypeGeneral="Dataset">DataPackage</resourceType>
  <alternateIdentifiers>
      <alternateIdentifier alternateIdentifierType="citation">Andrade VP, Ostrovnaya I, Seshan VE, Morrogh M, Giri D, Olvera N, De Brot M, Morrow M, Begg C, King T (2012) Clonal relatedness between lobular carcinoma in situ and synchronous malignant lesions. Breast Cancer Research 14: R103.</alternateIdentifier>
  </alternateIdentifiers>
  <relatedIdentifiers>
      <relatedIdentifier relationType="HasPart" relatedIdentifierType="DOI">10.5061/DRYAD.6354B.2/1.2</relatedIdentifier>
      <relatedIdentifier relationType="HasPart" relatedIdentifierType="DOI">10.5061/DRYAD.6354B.2/3.2</relatedIdentifier>
      <relatedIdentifier relationType="IsReferencedBy" relatedIdentifierType="DOI">10.1186/BCR3222</relatedIdentifier>
      <relatedIdentifier relationType="IsReferencedBy" relatedIdentifierType="DOI"/>
  </relatedIdentifiers>
  <rights>http://creativecommons.org/publicdomain/zero/1.0/</rights>
</resource></payload></oai_datacite></metadata></record>
