<record xmlns="http://www.openarchives.org/OAI/2.0/" xmlns:xsi="http://www.w3.org/2001/XMLSchema-instance"><header><identifier>oai:oai.datacite.org:1018706</identifier><datestamp>2014-05-29T21:43:23Z</datestamp><setSpec>CDL</setSpec><setSpec>CDL.DRYAD</setSpec></header><metadata><oai_datacite xmlns="http://schema.datacite.org/oai/oai-1.0/" xsi:schemaLocation="http://schema.datacite.org/oai/oai-1.0/ http://schema.datacite.org/oai/oai-1.0/oai.xsd"><isReferenceQuality>false</isReferenceQuality><schemaVersion>2.2</schemaVersion><datacentreSymbol>CDL.DRYAD</datacentreSymbol><payload><resource xmlns="http://datacite.org/schema/kernel-2.2" xmlns:dryad="http://purl.org/dryad/terms/" xmlns:dim="http://www.dspace.org/xmlns/dspace/dim" xmlns:dspace="http://www.dspace.org/xmlns/dspace/dim" xmlns:mets="http://www.loc.gov/METS/" xmlns:xsi="http://www.w3.org/2001/XMLSchema-instance" metadataVersionNumber="1" lastMetadataUpdate="2006-05-04" xsi:schemaLocation="http://datacite.org/schema/kernel-2.2 http://schema.datacite.org/meta/kernel-2.2/metadata.xsd">
  <identifier identifierType="DOI">10.5061/DRYAD.H53V8</identifier>
  <creators>
      <creator>
         <creatorName>Weerakoon, Ajith P.</creatorName>
      </creator>
      <creator>
         <creatorName>Fairley, Christopher K.</creatorName>
      </creator>
      <creator>
         <creatorName>Read, Tim R. H.</creatorName>
      </creator>
      <creator>
         <creatorName>Bradshaw, Catriona</creatorName>
      </creator>
      <creator>
         <creatorName>Forrester, Catherine</creatorName>
      </creator>
      <creator>
         <creatorName>Bissessor, Melanie</creatorName>
      </creator>
      <creator>
         <creatorName>Denham, Ian</creatorName>
      </creator>
      <creator>
         <creatorName>Chen, Marcus, Y.</creatorName>
      </creator>
  </creators>
  <titles>
      <title>Data from: Syphilis infection among homosexual men reporting contact with syphilis: a case control study</title>
  </titles>
  <publisher>Dryad Digital Repository</publisher>
  <publicationYear>2012</publicationYear>
  <subjects>
      <subject>men who have sex with men</subject>
      <subject>partner notification</subject>
      <subject>contact tracing</subject>
      <subject>epidemiology - syphilis</subject>
      <subject>Melbourne</subject>
      <subject>Treponema pallidum</subject>
  </subjects>
  <resourceType resourceTypeGeneral="Dataset">DataPackage</resourceType>
  <alternateIdentifiers>
      <alternateIdentifier alternateIdentifierType="citation">Weerakoon AP, Fairley CK, Read TRH, Bradshaw C, Forrester C, Bissessor M, Denham I, Chen M (2012) Syphilis infection among homosexual men reporting contact with syphilis: a case control study. BMJ Open 2(4): e001339.</alternateIdentifier>
  </alternateIdentifiers>
  <relatedIdentifiers>
      <relatedIdentifier relationType="HasPart" relatedIdentifierType="DOI">10.5061/DRYAD.H53V8/1</relatedIdentifier>
      <relatedIdentifier relationType="IsReferencedBy" relatedIdentifierType="DOI">10.1136/BMJOPEN-2012-001339</relatedIdentifier>
      <relatedIdentifier relationType="IsReferencedBy" relatedIdentifierType="DOI"/>
  </relatedIdentifiers>
  <rights>http://creativecommons.org/publicdomain/zero/1.0/</rights>
</resource></payload></oai_datacite></metadata></record>
