<record xmlns="http://www.openarchives.org/OAI/2.0/" xmlns:xsi="http://www.w3.org/2001/XMLSchema-instance"><header><identifier>oai:oai.datacite.org:1018546</identifier><datestamp>2015-10-08T14:48:48Z</datestamp><setSpec>CDL</setSpec><setSpec>CDL.DRYAD</setSpec></header><metadata><oai_datacite xmlns="http://schema.datacite.org/oai/oai-1.0/" xsi:schemaLocation="http://schema.datacite.org/oai/oai-1.0/ http://schema.datacite.org/oai/oai-1.0/oai.xsd"><isReferenceQuality>false</isReferenceQuality><schemaVersion>2.2</schemaVersion><datacentreSymbol>CDL.DRYAD</datacentreSymbol><payload><resource xmlns="http://datacite.org/schema/kernel-2.2" xmlns:dryad="http://purl.org/dryad/terms/" xmlns:dim="http://www.dspace.org/xmlns/dspace/dim" xmlns:dspace="http://www.dspace.org/xmlns/dspace/dim" xmlns:mets="http://www.loc.gov/METS/" xmlns:xsi="http://www.w3.org/2001/XMLSchema-instance" metadataVersionNumber="1" lastMetadataUpdate="2006-05-04" xsi:schemaLocation="http://datacite.org/schema/kernel-2.2 http://schema.datacite.org/meta/kernel-2.2/metadata.xsd">
  <identifier identifierType="DOI">10.5061/DRYAD.P22P4</identifier>
  <creators>
      <creator>
         <creatorName>Moro&#324;, Dawid</creatorName>
      </creator>
      <creator>
         <creatorName>Lenda, Magdalena</creatorName>
      </creator>
      <creator>
         <creatorName>Sk&#243;rka, Piotr</creatorName>
      </creator>
      <creator>
         <creatorName>Woyciechowski, Micha&#322;</creatorName>
      </creator>
  </creators>
  <titles>
      <title>Data from: Short-lived ants take greater risks during food collection</title>
  </titles>
  <publisher>Dryad Digital Repository</publisher>
  <publicationYear>2012</publicationYear>
  <subjects>
      <subject>Behavior: social</subject>
      <subject>Ecology: behavioral</subject>
      <subject>Foraging: behavior</subject>
      <subject>Foraging: social</subject>
      <subject>Life history: ecology</subject>
      <subject>Social structure</subject>
      <subject>ants</subject>
      <subject>Krak&#243;w</subject>
      <subject>Poland</subject>
      <subject>Myrmica scabrinodis</subject>
  </subjects>
  <resourceType resourceTypeGeneral="Dataset">DataPackage</resourceType>
  <alternateIdentifiers>
      <alternateIdentifier alternateIdentifierType="citation">Moro&#324; D, Lenda M, Sk&#243;rka P, Woyciechowski M (2012) Short-lived ants take greater risks during food collection. American Naturalist 180(6): 744-750.</alternateIdentifier>
  </alternateIdentifiers>
  <relatedIdentifiers>
      <relatedIdentifier relationType="HasPart" relatedIdentifierType="DOI">10.5061/DRYAD.P22P4/1</relatedIdentifier>
      <relatedIdentifier relationType="IsReferencedBy" relatedIdentifierType="DOI">10.1086/668009</relatedIdentifier>
      <relatedIdentifier relationType="IsReferencedBy" relatedIdentifierType="DOI"/>
  </relatedIdentifiers>
  <rights>http://creativecommons.org/publicdomain/zero/1.0/</rights>
</resource></payload></oai_datacite></metadata></record>
