<record xmlns="http://www.openarchives.org/OAI/2.0/" xmlns:xsi="http://www.w3.org/2001/XMLSchema-instance"><header><identifier>oai:oai.datacite.org:1018709</identifier><datestamp>2014-05-30T00:54:30Z</datestamp><setSpec>CDL</setSpec><setSpec>CDL.DRYAD</setSpec></header><metadata><oai_datacite xmlns="http://schema.datacite.org/oai/oai-1.0/" xsi:schemaLocation="http://schema.datacite.org/oai/oai-1.0/ http://schema.datacite.org/oai/oai-1.0/oai.xsd"><isReferenceQuality>false</isReferenceQuality><schemaVersion>2.2</schemaVersion><datacentreSymbol>CDL.DRYAD</datacentreSymbol><payload><resource xmlns="http://datacite.org/schema/kernel-2.2" xmlns:dryad="http://purl.org/dryad/terms/" xmlns:dim="http://www.dspace.org/xmlns/dspace/dim" xmlns:dspace="http://www.dspace.org/xmlns/dspace/dim" xmlns:mets="http://www.loc.gov/METS/" xmlns:xsi="http://www.w3.org/2001/XMLSchema-instance" metadataVersionNumber="1" lastMetadataUpdate="2006-05-04" xsi:schemaLocation="http://datacite.org/schema/kernel-2.2 http://schema.datacite.org/meta/kernel-2.2/metadata.xsd">
  <identifier identifierType="DOI">10.5061/DRYAD.R0T1Q</identifier>
  <creators>
      <creator>
         <creatorName>Williford, Anna</creatorName>
      </creator>
      <creator>
         <creatorName>Demuth, Jeffery P.</creatorName>
      </creator>
  </creators>
  <titles>
      <title>Data from: Gene expression levels are correlated with synonymous codon usage, amino acid composition and gene architecture in the red flour beetle, Tribolium castaneum</title>
  </titles>
  <publisher>Dryad Digital Repository</publisher>
  <publicationYear>2013</publicationYear>
  <subjects>
      <subject>translational selection</subject>
      <subject>size/complexity score</subject>
      <subject>tRNA abundance</subject>
      <subject>gene structure</subject>
      <subject>Tribolium castaneum</subject>
  </subjects>
  <resourceType resourceTypeGeneral="Dataset">DataPackage</resourceType>
  <alternateIdentifiers>
      <alternateIdentifier alternateIdentifierType="citation">Williford A, Demuth JP (2012) Gene expression levels are correlated with synonymous codon usage, amino acid composition and gene architecture in the red flour beetle, Tribolium castaneum. Molecular Biology and Evolution 29(12): 3755-3766.</alternateIdentifier>
  </alternateIdentifiers>
  <relatedIdentifiers>
      <relatedIdentifier relationType="HasPart" relatedIdentifierType="DOI">10.5061/DRYAD.R0T1Q/1</relatedIdentifier>
      <relatedIdentifier relationType="IsReferencedBy" relatedIdentifierType="DOI">10.1093/MOLBEV/MSS184</relatedIdentifier>
      <relatedIdentifier relationType="IsReferencedBy" relatedIdentifierType="DOI"/>
  </relatedIdentifiers>
  <rights>http://creativecommons.org/publicdomain/zero/1.0/</rights>
</resource></payload></oai_datacite></metadata></record>
