<record xmlns="http://www.openarchives.org/OAI/2.0/" xmlns:xsi="http://www.w3.org/2001/XMLSchema-instance"><header><identifier>oai:oai.datacite.org:1019071</identifier><datestamp>2014-05-29T23:40:40Z</datestamp><setSpec>CDL</setSpec><setSpec>CDL.DRYAD</setSpec></header><metadata><oai_datacite xmlns="http://schema.datacite.org/oai/oai-1.0/" xsi:schemaLocation="http://schema.datacite.org/oai/oai-1.0/ http://schema.datacite.org/oai/oai-1.0/oai.xsd"><isReferenceQuality>false</isReferenceQuality><schemaVersion>2.2</schemaVersion><datacentreSymbol>CDL.DRYAD</datacentreSymbol><payload><resource xmlns="http://datacite.org/schema/kernel-2.2" xmlns:dryad="http://purl.org/dryad/terms/" xmlns:dim="http://www.dspace.org/xmlns/dspace/dim" xmlns:dspace="http://www.dspace.org/xmlns/dspace/dim" xmlns:mets="http://www.loc.gov/METS/" xmlns:xsi="http://www.w3.org/2001/XMLSchema-instance" metadataVersionNumber="1" lastMetadataUpdate="2006-05-04" xsi:schemaLocation="http://datacite.org/schema/kernel-2.2 http://schema.datacite.org/meta/kernel-2.2/metadata.xsd">
  <identifier identifierType="DOI">10.5061/DRYAD.K4M8T</identifier>
  <creators>
      <creator>
         <creatorName>Grande, Terry</creatorName>
      </creator>
      <creator>
         <creatorName>Borden, W. Calvin</creatorName>
      </creator>
      <creator>
         <creatorName>Smith, William Leo</creatorName>
      </creator>
  </creators>
  <titles>
      <title>Data from: Limits and relationships of Paracanthopterygii: a molecular framework for evaluating past morphological hypotheses</title>
  </titles>
  <publisher>Dryad Digital Repository</publisher>
  <publicationYear>2013</publicationYear>
  <subjects>
      <subject>Mesozoic</subject>
      <subject>Paracanthopterygii</subject>
      <subject>Acanthomorpha</subject>
      <subject>Gadiformes</subject>
      <subject>Zeiformes</subject>
      <subject>Percopsiformes</subject>
      <subject>Stylephoriformes</subject>
      <subject>Polymixiiformes</subject>
  </subjects>
  <resourceType resourceTypeGeneral="Dataset">DataPackage</resourceType>
  <alternateIdentifiers>
      <alternateIdentifier alternateIdentifierType="citation">Grande T, Borden WC, Smith WL (2013) Limits and relationships of Paracanthopterygii: A molecular framework for evaluating past morphological hypotheses. Mesozoic Fishes 5: 385-418.</alternateIdentifier>
  </alternateIdentifiers>
  <relatedIdentifiers>
      <relatedIdentifier relationType="HasPart" relatedIdentifierType="DOI">10.5061/DRYAD.K4M8T/1</relatedIdentifier>
      <relatedIdentifier relationType="IsReferencedBy" relatedIdentifierType="DOI"/>
  </relatedIdentifiers>
  <rights>http://creativecommons.org/publicdomain/zero/1.0/</rights>
</resource></payload></oai_datacite></metadata></record>
