<record xmlns="http://www.openarchives.org/OAI/2.0/" xmlns:xsi="http://www.w3.org/2001/XMLSchema-instance"><header><identifier>oai:oai.datacite.org:1019192</identifier><datestamp>2014-05-30T00:54:41Z</datestamp><setSpec>CDL</setSpec><setSpec>CDL.DRYAD</setSpec></header><metadata><oai_datacite xmlns="http://schema.datacite.org/oai/oai-1.0/" xsi:schemaLocation="http://schema.datacite.org/oai/oai-1.0/ http://schema.datacite.org/oai/oai-1.0/oai.xsd"><isReferenceQuality>false</isReferenceQuality><schemaVersion>2.2</schemaVersion><datacentreSymbol>CDL.DRYAD</datacentreSymbol><payload><resource xmlns="http://datacite.org/schema/kernel-2.2" xmlns:dryad="http://purl.org/dryad/terms/" xmlns:dim="http://www.dspace.org/xmlns/dspace/dim" xmlns:dspace="http://www.dspace.org/xmlns/dspace/dim" xmlns:mets="http://www.loc.gov/METS/" xmlns:xsi="http://www.w3.org/2001/XMLSchema-instance" metadataVersionNumber="1" lastMetadataUpdate="2006-05-04" xsi:schemaLocation="http://datacite.org/schema/kernel-2.2 http://schema.datacite.org/meta/kernel-2.2/metadata.xsd">
  <identifier identifierType="DOI">10.5061/DRYAD.GT0P4</identifier>
  <creators>
      <creator>
         <creatorName>Popovici, Ovidiu Alin</creatorName>
      </creator>
      <creator>
         <creatorName>Masner, Lubomir</creatorName>
      </creator>
      <creator>
         <creatorName>Notton, David G.</creatorName>
      </creator>
      <creator>
         <creatorName>Popovici, Mariana</creatorName>
      </creator>
  </creators>
  <titles>
      <title>Data from: A review of Western Amblyscelio and Baryconus (Hymenoptera: Platygastroidea, Platygastridae)</title>
  </titles>
  <publisher>Dryad Digital Repository</publisher>
  <publicationYear>2013</publicationYear>
  <subjects>
      <subject>microhymenoptera</subject>
      <subject>egg parasitoids</subject>
      <subject>intraspecific variability</subject>
      <subject>multivariate statistical methods</subject>
      <subject>Europe</subject>
      <subject>Holocene</subject>
      <subject>Hymenoptera</subject>
      <subject>Platygastroidea</subject>
  </subjects>
  <resourceType resourceTypeGeneral="Dataset">DataPackage</resourceType>
  <alternateIdentifiers>
      <alternateIdentifier alternateIdentifierType="citation">Popovici OA, Masner L, Notton DG, Popovici M (2013) A review of Western Amblyscelio and Baryconus (Hymenoptera: Platygastroidea, Platygastridae). Zootaxa 3599 (4): 325&#8211;342.</alternateIdentifier>
  </alternateIdentifiers>
  <relatedIdentifiers>
      <relatedIdentifier relationType="HasPart" relatedIdentifierType="DOI">10.5061/DRYAD.GT0P4/1</relatedIdentifier>
      <relatedIdentifier relationType="IsReferencedBy" relatedIdentifierType="DOI">10.11646/ZOOTAXA.3599.4.2</relatedIdentifier>
      <relatedIdentifier relationType="IsReferencedBy" relatedIdentifierType="DOI"/>
  </relatedIdentifiers>
  <rights>http://creativecommons.org/publicdomain/zero/1.0/</rights>
</resource></payload></oai_datacite></metadata></record>
