<record xmlns="http://www.openarchives.org/OAI/2.0/" xmlns:xsi="http://www.w3.org/2001/XMLSchema-instance"><header><identifier>oai:oai.datacite.org:1020670</identifier><datestamp>2015-08-20T18:20:29Z</datestamp><setSpec>CDL</setSpec><setSpec>CDL.DRYAD</setSpec></header><metadata><oai_datacite xmlns="http://schema.datacite.org/oai/oai-1.0/" xsi:schemaLocation="http://schema.datacite.org/oai/oai-1.0/ http://schema.datacite.org/oai/oai-1.0/oai.xsd"><isReferenceQuality>false</isReferenceQuality><schemaVersion>2.2</schemaVersion><datacentreSymbol>CDL.DRYAD</datacentreSymbol><payload><resource xmlns="http://datacite.org/schema/kernel-2.2" xmlns:dryad="http://purl.org/dryad/terms/" xmlns:dim="http://www.dspace.org/xmlns/dspace/dim" xmlns:dspace="http://www.dspace.org/xmlns/dspace/dim" xmlns:mets="http://www.loc.gov/METS/" xmlns:xsi="http://www.w3.org/2001/XMLSchema-instance" metadataVersionNumber="1" lastMetadataUpdate="2006-05-04" xsi:schemaLocation="http://datacite.org/schema/kernel-2.2 http://schema.datacite.org/meta/kernel-2.2/metadata.xsd">
  <identifier identifierType="DOI">10.5061/DRYAD.40KQ7</identifier>
  <creators>
      <creator>
         <creatorName>Scofield, Douglas G.</creatorName>
      </creator>
      <creator>
         <creatorName>Smouse, Peter E.</creatorName>
      </creator>
      <creator>
         <creatorName>Karubian, Jordan</creatorName>
      </creator>
      <creator>
         <creatorName>Sork, Victoria L.</creatorName>
      </creator>
  </creators>
  <titles>
      <title>Data from: Use of alpha, beta, and gamma diversity measures to characterize seed dispersal by animals</title>
  </titles>
  <publisher>Dryad Digital Repository</publisher>
  <publicationYear>2015</publicationYear>
  <subjects>
      <subject>Conservation genetics</subject>
      <subject>Dispersal</subject>
      <subject>Foraging: behavior</subject>
      <subject>Foraging: ecology</subject>
      <subject>Genetics: population</subject>
      <subject>Species diversity</subject>
      <subject>Sedgwick Reserve</subject>
      <subject>Santa Barbara County</subject>
      <subject>California</subject>
      <subject>2006</subject>
      <subject>Quercus agrifolia</subject>
  </subjects>
  <resourceType resourceTypeGeneral="Dataset">DataPackage</resourceType>
  <alternateIdentifiers>
      <alternateIdentifier alternateIdentifierType="citation">Scofield DG, Smouse PE, Karubian J, Sork VL (2012) Use of alpha, beta, and gamma diversity measures to characterize seed dispersal by animals. The American Naturalist 180(6): 719-732.</alternateIdentifier>
  </alternateIdentifiers>
  <relatedIdentifiers>
      <relatedIdentifier relationType="HasPart" relatedIdentifierType="DOI">10.5061/DRYAD.40KQ7.2/1.2</relatedIdentifier>
      <relatedIdentifier relationType="HasPart" relatedIdentifierType="DOI">10.5061/DRYAD.40KQ7.2/2.2</relatedIdentifier>
      <relatedIdentifier relationType="HasPart" relatedIdentifierType="DOI">10.5061/DRYAD.40KQ7.2/3.2</relatedIdentifier>
      <relatedIdentifier relationType="IsReferencedBy" relatedIdentifierType="DOI">10.1086/668202</relatedIdentifier>
      <relatedIdentifier relationType="IsReferencedBy" relatedIdentifierType="DOI"/>
  </relatedIdentifiers>
  <rights>http://creativecommons.org/publicdomain/zero/1.0/</rights>
</resource></payload></oai_datacite></metadata></record>
