<record xmlns="http://www.openarchives.org/OAI/2.0/" xmlns:xsi="http://www.w3.org/2001/XMLSchema-instance"><header><identifier>oai:oai.datacite.org:1020495</identifier><datestamp>2015-10-13T18:17:22Z</datestamp><setSpec>CDL</setSpec><setSpec>CDL.DRYAD</setSpec></header><metadata><oai_datacite xmlns="http://schema.datacite.org/oai/oai-1.0/" xsi:schemaLocation="http://schema.datacite.org/oai/oai-1.0/ http://schema.datacite.org/oai/oai-1.0/oai.xsd"><isReferenceQuality>false</isReferenceQuality><schemaVersion>2.2</schemaVersion><datacentreSymbol>CDL.DRYAD</datacentreSymbol><payload><resource xmlns="http://datacite.org/schema/kernel-2.2" xmlns:dryad="http://purl.org/dryad/terms/" xmlns:dim="http://www.dspace.org/xmlns/dspace/dim" xmlns:dspace="http://www.dspace.org/xmlns/dspace/dim" xmlns:mets="http://www.loc.gov/METS/" xmlns:xsi="http://www.w3.org/2001/XMLSchema-instance" metadataVersionNumber="1" lastMetadataUpdate="2006-05-04" xsi:schemaLocation="http://datacite.org/schema/kernel-2.2 http://schema.datacite.org/meta/kernel-2.2/metadata.xsd">
  <identifier identifierType="DOI">10.5061/DRYAD.R43K1</identifier>
  <creators>
      <creator>
         <creatorName>Pitchers, William R.</creatorName>
      </creator>
      <creator>
         <creatorName>Pool, John E.</creatorName>
      </creator>
      <creator>
         <creatorName>Dworkin, Ian</creatorName>
      </creator>
  </creators>
  <titles>
      <title>Data from: Altitudinal clinal variation in wing form in African Drosophila melanogaster: one cline or many?</title>
  </titles>
  <publisher>Dryad Digital Repository</publisher>
  <publicationYear>2015</publicationYear>
  <subjects>
      <subject>Morphological Evolution</subject>
      <subject>Adaptation</subject>
      <subject>Variation</subject>
      <subject>Selection - Natural</subject>
      <subject>Allometry</subject>
      <subject>Cameroon</subject>
      <subject>Ethiopia</subject>
      <subject>Rwanda</subject>
      <subject>Kenya</subject>
      <subject>Gabon</subject>
      <subject>Nigeria</subject>
      <subject>Malawi</subject>
      <subject>Sub-Saharan Africa</subject>
      <subject>Holocene</subject>
  </subjects>
  <resourceType resourceTypeGeneral="Dataset">DataPackage</resourceType>
  <alternateIdentifiers>
      <alternateIdentifier alternateIdentifierType="citation">Pitchers WR, Pool JE, Dworkin I (2012) Altitudinal clinal variation in wing form in African Drosophila melanogaster: one cline or many? Evolution 67(2): 438-452.</alternateIdentifier>
  </alternateIdentifiers>
  <relatedIdentifiers>
      <relatedIdentifier relationType="HasPart" relatedIdentifierType="DOI">10.5061/DRYAD.R43K1.2/1.2</relatedIdentifier>
      <relatedIdentifier relationType="HasPart" relatedIdentifierType="DOI">10.5061/DRYAD.R43K1.2/2.2</relatedIdentifier>
      <relatedIdentifier relationType="IsReferencedBy" relatedIdentifierType="DOI">10.1111/J.1558-5646.2012.01774.X</relatedIdentifier>
      <relatedIdentifier relationType="IsReferencedBy" relatedIdentifierType="DOI"/>
  </relatedIdentifiers>
  <rights>http://creativecommons.org/publicdomain/zero/1.0/</rights>
</resource></payload></oai_datacite></metadata></record>
