<record xmlns="http://www.openarchives.org/OAI/2.0/" xmlns:xsi="http://www.w3.org/2001/XMLSchema-instance"><header><identifier>oai:oai.datacite.org:1020659</identifier><datestamp>2014-05-29T21:31:37Z</datestamp><setSpec>CDL</setSpec><setSpec>CDL.DRYAD</setSpec></header><metadata><oai_datacite xmlns="http://schema.datacite.org/oai/oai-1.0/" xsi:schemaLocation="http://schema.datacite.org/oai/oai-1.0/ http://schema.datacite.org/oai/oai-1.0/oai.xsd"><isReferenceQuality>false</isReferenceQuality><schemaVersion>2.2</schemaVersion><datacentreSymbol>CDL.DRYAD</datacentreSymbol><payload><resource xmlns="http://datacite.org/schema/kernel-2.2" xmlns:dryad="http://purl.org/dryad/terms/" xmlns:dim="http://www.dspace.org/xmlns/dspace/dim" xmlns:dspace="http://www.dspace.org/xmlns/dspace/dim" xmlns:mets="http://www.loc.gov/METS/" xmlns:xsi="http://www.w3.org/2001/XMLSchema-instance" metadataVersionNumber="1" lastMetadataUpdate="2006-05-04" xsi:schemaLocation="http://datacite.org/schema/kernel-2.2 http://schema.datacite.org/meta/kernel-2.2/metadata.xsd">
  <identifier identifierType="DOI">10.5061/DRYAD.CK461</identifier>
  <creators>
      <creator>
         <creatorName>Ikediashi, Charles I.</creatorName>
      </creator>
      <creator>
         <creatorName>Billington, Sam</creatorName>
      </creator>
      <creator>
         <creatorName>Stevens, Jamie R.</creatorName>
      </creator>
  </creators>
  <titles>
      <title>Data from: The origins of Atlantic salmon (Salmo salar L.) re-colonizing the River Mersey in northwest England</title>
  </titles>
  <publisher>Dryad Digital Repository</publisher>
  <publicationYear>2013</publicationYear>
  <subjects>
      <subject>Atlantic salmon</subject>
      <subject>microsatellite</subject>
      <subject>Mersey</subject>
      <subject>SALSEA database</subject>
      <subject>colonisation</subject>
      <subject>recolonisation</subject>
      <subject>Merseyside</subject>
      <subject>Northwest England</subject>
      <subject>Irish Sea</subject>
      <subject>Solway</subject>
      <subject>Ireland</subject>
      <subject>Northern Ireland</subject>
      <subject>Scotland</subject>
      <subject>Wales</subject>
      <subject>2001 &#8211; 2011</subject>
      <subject>Salmo salar</subject>
  </subjects>
  <resourceType resourceTypeGeneral="Dataset">DataPackage</resourceType>
  <alternateIdentifiers>
      <alternateIdentifier alternateIdentifierType="citation">kediashi CI, Billington S, Stevens JR (2012) The origins of Atlantic salmon (Salmo salar L.) re-colonizing the River Mersey in northwest England. Ecology and Evolution 2(10): 2537-2538.</alternateIdentifier>
  </alternateIdentifiers>
  <relatedIdentifiers>
      <relatedIdentifier relationType="HasPart" relatedIdentifierType="DOI">10.5061/DRYAD.CK461/1</relatedIdentifier>
      <relatedIdentifier relationType="IsReferencedBy" relatedIdentifierType="DOI">10.1002/ECE3.353</relatedIdentifier>
      <relatedIdentifier relationType="IsReferencedBy" relatedIdentifierType="DOI"/>
  </relatedIdentifiers>
  <rights>http://creativecommons.org/publicdomain/zero/1.0/</rights>
</resource></payload></oai_datacite></metadata></record>
