<record xmlns="http://www.openarchives.org/OAI/2.0/" xmlns:xsi="http://www.w3.org/2001/XMLSchema-instance"><header><identifier>oai:oai.datacite.org:1020491</identifier><datestamp>2014-05-29T23:07:22Z</datestamp><setSpec>CDL</setSpec><setSpec>CDL.DRYAD</setSpec></header><metadata><oai_datacite xmlns="http://schema.datacite.org/oai/oai-1.0/" xsi:schemaLocation="http://schema.datacite.org/oai/oai-1.0/ http://schema.datacite.org/oai/oai-1.0/oai.xsd"><isReferenceQuality>false</isReferenceQuality><schemaVersion>2.2</schemaVersion><datacentreSymbol>CDL.DRYAD</datacentreSymbol><payload><resource xmlns="http://datacite.org/schema/kernel-2.2" xmlns:dryad="http://purl.org/dryad/terms/" xmlns:dim="http://www.dspace.org/xmlns/dspace/dim" xmlns:dspace="http://www.dspace.org/xmlns/dspace/dim" xmlns:mets="http://www.loc.gov/METS/" xmlns:xsi="http://www.w3.org/2001/XMLSchema-instance" metadataVersionNumber="1" lastMetadataUpdate="2006-05-04" xsi:schemaLocation="http://datacite.org/schema/kernel-2.2 http://schema.datacite.org/meta/kernel-2.2/metadata.xsd">
  <identifier identifierType="DOI">10.5061/DRYAD.GT178</identifier>
  <creators>
      <creator>
         <creatorName>Tsumura, Yoshihiko</creatorName>
      </creator>
      <creator>
         <creatorName>Uchiyama, Kentaro</creatorName>
      </creator>
      <creator>
         <creatorName>Moriguchi, Yoshinari</creatorName>
      </creator>
      <creator>
         <creatorName>Ueno, Saneyoshi</creatorName>
      </creator>
      <creator>
         <creatorName>Ujino-Ihara, Tokuko</creatorName>
      </creator>
  </creators>
  <titles>
      <title>Data from: Genome scanning for detecting adaptive genes along environmental gradients in the Japanese conifer, Cryptomeria japonica</title>
  </titles>
  <publisher>Dryad Digital Repository</publisher>
  <publicationYear>2012</publicationYear>
  <subjects>
      <subject>adaptation</subject>
      <subject>conifer</subject>
      <subject>environment</subject>
      <subject>linkage map</subject>
      <subject>selection</subject>
      <subject>Japan</subject>
      <subject>40&#176; 42' N-30&#176; 15' N</subject>
      <subject>Cryptomeria japonica</subject>
  </subjects>
  <resourceType resourceTypeGeneral="Dataset">DataPackage</resourceType>
  <alternateIdentifiers>
      <alternateIdentifier alternateIdentifierType="citation">Tsumura Y, Uchiyama K, Moriguchi Y, Ueno S, Ujino-Ihara T (2012)  Genome scanning for detecting adaptive genes along environmental gradients in the Japanese conifer, Cryptomeria japonica. Heredity 109: 349-360.</alternateIdentifier>
  </alternateIdentifiers>
  <relatedIdentifiers>
      <relatedIdentifier relationType="HasPart" relatedIdentifierType="DOI">10.5061/DRYAD.GT178/1</relatedIdentifier>
      <relatedIdentifier relationType="IsReferencedBy" relatedIdentifierType="DOI">10.1038/HDY.2012.50</relatedIdentifier>
      <relatedIdentifier relationType="IsReferencedBy" relatedIdentifierType="DOI"/>
  </relatedIdentifiers>
  <rights>http://creativecommons.org/publicdomain/zero/1.0/</rights>
</resource></payload></oai_datacite></metadata></record>
