<record xmlns="http://www.openarchives.org/OAI/2.0/" xmlns:xsi="http://www.w3.org/2001/XMLSchema-instance"><header><identifier>oai:oai.datacite.org:1020190</identifier><datestamp>2014-05-29T23:10:03Z</datestamp><setSpec>CDL</setSpec><setSpec>CDL.DRYAD</setSpec></header><metadata><oai_datacite xmlns="http://schema.datacite.org/oai/oai-1.0/" xsi:schemaLocation="http://schema.datacite.org/oai/oai-1.0/ http://schema.datacite.org/oai/oai-1.0/oai.xsd"><isReferenceQuality>false</isReferenceQuality><schemaVersion>2.2</schemaVersion><datacentreSymbol>CDL.DRYAD</datacentreSymbol><payload><resource xmlns="http://datacite.org/schema/kernel-2.2" xmlns:dryad="http://purl.org/dryad/terms/" xmlns:dim="http://www.dspace.org/xmlns/dspace/dim" xmlns:dspace="http://www.dspace.org/xmlns/dspace/dim" xmlns:mets="http://www.loc.gov/METS/" xmlns:xsi="http://www.w3.org/2001/XMLSchema-instance" metadataVersionNumber="1" lastMetadataUpdate="2006-05-04" xsi:schemaLocation="http://datacite.org/schema/kernel-2.2 http://schema.datacite.org/meta/kernel-2.2/metadata.xsd">
  <identifier identifierType="DOI">10.5061/DRYAD.CR17V</identifier>
  <creators>
      <creator>
         <creatorName>Arias, Carlos F.</creatorName>
      </creator>
      <creator>
         <creatorName>Rosales, Claudia</creatorName>
      </creator>
      <creator>
         <creatorName>Salazar, Camilo</creatorName>
      </creator>
      <creator>
         <creatorName>Castano, Jully</creatorName>
      </creator>
      <creator>
         <creatorName>Bermingham, Eldredge</creatorName>
      </creator>
      <creator>
         <creatorName>Linares, Mauricio</creatorName>
      </creator>
      <creator>
         <creatorName>McMillan, W. Owen</creatorName>
      </creator>
  </creators>
  <titles>
      <title>Data from: Sharp genetic discontinuity across a unimodal Heliconius hybrid zone</title>
  </titles>
  <publisher>Dryad Digital Repository</publisher>
  <publicationYear>2012</publicationYear>
  <subjects>
      <subject>Hybrid zone</subject>
      <subject>Color pattern</subject>
      <subject>Secondary contact</subject>
      <subject>Speciation</subject>
      <subject>Cauca Valley</subject>
      <subject>Colombia</subject>
      <subject>Heliconius cydno</subject>
  </subjects>
  <resourceType resourceTypeGeneral="Dataset">DataPackage</resourceType>
  <alternateIdentifiers>
      <alternateIdentifier alternateIdentifierType="citation">Arias CF, Rosales C, Salazar C, Castano J, Bermingham E, Linares M, McMillan WO (2012) Sharp genetic discontinuity across a unimodal Heliconius hybrid zone. Mo;ecular Ecology 21(23): 5778&#8211;5794.</alternateIdentifier>
  </alternateIdentifiers>
  <relatedIdentifiers>
      <relatedIdentifier relationType="HasPart" relatedIdentifierType="DOI">10.5061/DRYAD.CR17V/1</relatedIdentifier>
      <relatedIdentifier relationType="HasPart" relatedIdentifierType="DOI">10.5061/DRYAD.CR17V/2</relatedIdentifier>
      <relatedIdentifier relationType="IsReferencedBy" relatedIdentifierType="DOI">10.1111/J.1365-294X.2012.05746.X</relatedIdentifier>
      <relatedIdentifier relationType="IsReferencedBy" relatedIdentifierType="DOI"/>
  </relatedIdentifiers>
  <rights>http://creativecommons.org/publicdomain/zero/1.0/</rights>
</resource></payload></oai_datacite></metadata></record>
