<record xmlns="http://www.openarchives.org/OAI/2.0/" xmlns:xsi="http://www.w3.org/2001/XMLSchema-instance"><header><identifier>oai:oai.datacite.org:1020198</identifier><datestamp>2015-10-22T18:04:00Z</datestamp><setSpec>CDL</setSpec><setSpec>CDL.DRYAD</setSpec></header><metadata><oai_datacite xmlns="http://schema.datacite.org/oai/oai-1.0/" xsi:schemaLocation="http://schema.datacite.org/oai/oai-1.0/ http://schema.datacite.org/oai/oai-1.0/oai.xsd"><isReferenceQuality>false</isReferenceQuality><schemaVersion>2.2</schemaVersion><datacentreSymbol>CDL.DRYAD</datacentreSymbol><payload><resource xmlns="http://datacite.org/schema/kernel-2.2" xmlns:dryad="http://purl.org/dryad/terms/" xmlns:dim="http://www.dspace.org/xmlns/dspace/dim" xmlns:dspace="http://www.dspace.org/xmlns/dspace/dim" xmlns:mets="http://www.loc.gov/METS/" xmlns:xsi="http://www.w3.org/2001/XMLSchema-instance" metadataVersionNumber="1" lastMetadataUpdate="2006-05-04" xsi:schemaLocation="http://datacite.org/schema/kernel-2.2 http://schema.datacite.org/meta/kernel-2.2/metadata.xsd">
  <identifier identifierType="DOI">10.5061/DRYAD.5BD5R</identifier>
  <creators>
      <creator>
         <creatorName>Porlier, Melody</creatorName>
      </creator>
      <creator>
         <creatorName>Garant, Dany</creatorName>
      </creator>
      <creator>
         <creatorName>Perret, Philippe</creatorName>
      </creator>
      <creator>
         <creatorName>Charmantier, Anne</creatorName>
      </creator>
  </creators>
  <titles>
      <title>Data from: Habitat-linked population genetic differentiation in the Blue tit Cyanistes caeruleus</title>
  </titles>
  <publisher>Dryad Digital Repository</publisher>
  <publicationYear>2012</publicationYear>
  <subjects>
      <subject>Landscape genetics</subject>
      <subject>Environmental heterogeneity</subject>
      <subject>Dispersal</subject>
      <subject>Gene flow</subject>
      <subject>Microsatellites</subject>
      <subject>Population structure</subject>
      <subject>France</subject>
      <subject>Corsica</subject>
      <subject>Cyanistes caeruleus</subject>
  </subjects>
  <resourceType resourceTypeGeneral="Dataset">DataPackage</resourceType>
  <alternateIdentifiers>
      <alternateIdentifier alternateIdentifierType="citation">Porlier M, Garant D, Perret P, Charmantier A (2012) Habitat-linked population genetic differentiation in the Blue tit Cyanistes caeruleus. Journal of Heredity 103(6): 781-791.</alternateIdentifier>
  </alternateIdentifiers>
  <relatedIdentifiers>
      <relatedIdentifier relationType="HasPart" relatedIdentifierType="DOI">10.5061/DRYAD.5BD5R/1</relatedIdentifier>
      <relatedIdentifier relationType="HasPart" relatedIdentifierType="DOI">10.5061/DRYAD.5BD5R/2</relatedIdentifier>
      <relatedIdentifier relationType="IsReferencedBy" relatedIdentifierType="DOI">10.1093/JHERED/ESS064</relatedIdentifier>
      <relatedIdentifier relationType="IsReferencedBy" relatedIdentifierType="DOI"/>
  </relatedIdentifiers>
  <rights>http://creativecommons.org/publicdomain/zero/1.0/</rights>
</resource></payload></oai_datacite></metadata></record>
