<record xmlns="http://www.openarchives.org/OAI/2.0/" xmlns:xsi="http://www.w3.org/2001/XMLSchema-instance"><header><identifier>oai:oai.datacite.org:1020493</identifier><datestamp>2015-08-21T03:55:55Z</datestamp><setSpec>CDL</setSpec><setSpec>CDL.DRYAD</setSpec></header><metadata><oai_datacite xmlns="http://schema.datacite.org/oai/oai-1.0/" xsi:schemaLocation="http://schema.datacite.org/oai/oai-1.0/ http://schema.datacite.org/oai/oai-1.0/oai.xsd"><isReferenceQuality>false</isReferenceQuality><schemaVersion>2.2</schemaVersion><datacentreSymbol>CDL.DRYAD</datacentreSymbol><payload><resource xmlns="http://datacite.org/schema/kernel-2.2" xmlns:dryad="http://purl.org/dryad/terms/" xmlns:dim="http://www.dspace.org/xmlns/dspace/dim" xmlns:dspace="http://www.dspace.org/xmlns/dspace/dim" xmlns:mets="http://www.loc.gov/METS/" xmlns:xsi="http://www.w3.org/2001/XMLSchema-instance" metadataVersionNumber="1" lastMetadataUpdate="2006-05-04" xsi:schemaLocation="http://datacite.org/schema/kernel-2.2 http://schema.datacite.org/meta/kernel-2.2/metadata.xsd">
  <identifier identifierType="DOI">10.5061/DRYAD.86P42</identifier>
  <creators>
      <creator>
         <creatorName>Romano, Andrea</creatorName>
      </creator>
      <creator>
         <creatorName>Caprioli, Manuela</creatorName>
      </creator>
      <creator>
         <creatorName>Boncoraglio, Giuseppe</creatorName>
      </creator>
      <creator>
         <creatorName>Saino, Nicola</creatorName>
      </creator>
      <creator>
         <creatorName>Rubolini, Diego</creatorName>
      </creator>
      <creator>
         <creatorName>Romano, Andrea</creatorName>
      </creator>
      <creator>
         <creatorName>Caprioli, Manuela</creatorName>
      </creator>
      <creator>
         <creatorName>Boncoraglio, Giuseppe</creatorName>
      </creator>
      <creator>
         <creatorName>Saino, Nicola</creatorName>
      </creator>
      <creator>
         <creatorName>Rubolini, Diego</creatorName>
      </creator>
  </creators>
  <titles>
      <title>Data from: With a little help from my kin: barn swallow nestlings modulate solicitation of parental care according to nestmates&#8217; need</title>
  </titles>
  <publisher>Dryad Digital Repository</publisher>
  <publicationYear>2012</publicationYear>
  <subjects>
      <subject>Kin selection</subject>
      <subject>Evolution of co-operation</subject>
      <subject>Begging behaviour</subject>
      <subject>Birds</subject>
      <subject>Sibling interactions</subject>
      <subject>Hirundo rustica</subject>
  </subjects>
  <resourceType resourceTypeGeneral="Dataset">DataPackage</resourceType>
  <alternateIdentifiers>
      <alternateIdentifier alternateIdentifierType="citation">Romano A, Caprioli M, Boncoraglio G, Saino N, Rubolini D (2012) With a little help from my kin: barn swallow nestlings modulate solicitation of parental care according to nestmates&#8217; need. Journal of Evolutionary Biology, 25(9): 1703&#8211;1710.</alternateIdentifier>
  </alternateIdentifiers>
  <relatedIdentifiers>
      <relatedIdentifier relationType="HasPart" relatedIdentifierType="DOI">10.5061/DRYAD.86P42/1</relatedIdentifier>
      <relatedIdentifier relationType="IsReferencedBy" relatedIdentifierType="DOI">10.1111/J.1420-9101.2012.02571.X</relatedIdentifier>
      <relatedIdentifier relationType="IsReferencedBy" relatedIdentifierType="DOI"/>
  </relatedIdentifiers>
  <rights>http://creativecommons.org/publicdomain/zero/1.0/</rights>
</resource></payload></oai_datacite></metadata></record>
