<record xmlns="http://www.openarchives.org/OAI/2.0/" xmlns:xsi="http://www.w3.org/2001/XMLSchema-instance"><header><identifier>oai:oai.datacite.org:1020197</identifier><datestamp>2014-05-29T21:42:11Z</datestamp><setSpec>CDL</setSpec><setSpec>CDL.DRYAD</setSpec></header><metadata><oai_datacite xmlns="http://schema.datacite.org/oai/oai-1.0/" xsi:schemaLocation="http://schema.datacite.org/oai/oai-1.0/ http://schema.datacite.org/oai/oai-1.0/oai.xsd"><isReferenceQuality>false</isReferenceQuality><schemaVersion>2.2</schemaVersion><datacentreSymbol>CDL.DRYAD</datacentreSymbol><payload><resource xmlns="http://datacite.org/schema/kernel-2.2" xmlns:dryad="http://purl.org/dryad/terms/" xmlns:dim="http://www.dspace.org/xmlns/dspace/dim" xmlns:dspace="http://www.dspace.org/xmlns/dspace/dim" xmlns:mets="http://www.loc.gov/METS/" xmlns:xsi="http://www.w3.org/2001/XMLSchema-instance" metadataVersionNumber="1" lastMetadataUpdate="2006-05-04" xsi:schemaLocation="http://datacite.org/schema/kernel-2.2 http://schema.datacite.org/meta/kernel-2.2/metadata.xsd">
  <identifier identifierType="DOI">10.5061/DRYAD.7TH86</identifier>
  <creators>
      <creator>
         <creatorName>Guerrero, Rafael F.</creatorName>
      </creator>
      <creator>
         <creatorName>Kirkpatrick, Mark</creatorName>
      </creator>
      <creator>
         <creatorName>Perrin, Nicolas</creatorName>
      </creator>
  </creators>
  <titles>
      <title>Data from: Cryptic recombination in the ever-young sex chromosomes of Hylid frogs</title>
  </titles>
  <publisher>Dryad Digital Repository</publisher>
  <publicationYear>2012</publicationYear>
  <subjects>
      <subject>Amphibians</subject>
      <subject>Sex chromosomes</subject>
      <subject>Population genetics</subject>
      <subject>Recombination suppression</subject>
      <subject>Approximate Bayesian Computation</subject>
      <subject>Switzerland</subject>
      <subject>Spain</subject>
      <subject>Neogene</subject>
      <subject>Hyla arborea</subject>
      <subject>Hyla molleri</subject>
      <subject>Hyla intermedia</subject>
  </subjects>
  <resourceType resourceTypeGeneral="Dataset">DataPackage</resourceType>
  <alternateIdentifiers>
      <alternateIdentifier alternateIdentifierType="citation">Guerrero RF, Kirkpatrick M, Perrin N (2012) Cryptic recombination in the ever-young sex chromosomes of Hylid frogs. Journal of Evolutionary Biology 25(10): 1947-1954.</alternateIdentifier>
  </alternateIdentifiers>
  <relatedIdentifiers>
      <relatedIdentifier relationType="HasPart" relatedIdentifierType="DOI">10.5061/DRYAD.7TH86/1</relatedIdentifier>
      <relatedIdentifier relationType="IsReferencedBy" relatedIdentifierType="DOI">10.1111/J.1420-9101.2012.02591.X</relatedIdentifier>
      <relatedIdentifier relationType="IsReferencedBy" relatedIdentifierType="DOI"/>
  </relatedIdentifiers>
  <rights>http://creativecommons.org/publicdomain/zero/1.0/</rights>
</resource></payload></oai_datacite></metadata></record>
