<record xmlns="http://www.openarchives.org/OAI/2.0/" xmlns:xsi="http://www.w3.org/2001/XMLSchema-instance"><header><identifier>oai:oai.datacite.org:1020196</identifier><datestamp>2015-10-02T19:43:33Z</datestamp><setSpec>CDL</setSpec><setSpec>CDL.DRYAD</setSpec></header><metadata><oai_datacite xmlns="http://schema.datacite.org/oai/oai-1.0/" xsi:schemaLocation="http://schema.datacite.org/oai/oai-1.0/ http://schema.datacite.org/oai/oai-1.0/oai.xsd"><isReferenceQuality>false</isReferenceQuality><schemaVersion>2.2</schemaVersion><datacentreSymbol>CDL.DRYAD</datacentreSymbol><payload><resource xmlns="http://datacite.org/schema/kernel-2.2" xmlns:dryad="http://purl.org/dryad/terms/" xmlns:dim="http://www.dspace.org/xmlns/dspace/dim" xmlns:dspace="http://www.dspace.org/xmlns/dspace/dim" xmlns:mets="http://www.loc.gov/METS/" xmlns:xsi="http://www.w3.org/2001/XMLSchema-instance" metadataVersionNumber="1" lastMetadataUpdate="2006-05-04" xsi:schemaLocation="http://datacite.org/schema/kernel-2.2 http://schema.datacite.org/meta/kernel-2.2/metadata.xsd">
  <identifier identifierType="DOI">10.5061/DRYAD.TT0TQ</identifier>
  <creators>
      <creator>
         <creatorName>Dikow, Torsten</creatorName>
      </creator>
  </creators>
  <titles>
      <title>Data from: Review of Namibimydas Hesse, 1972 and Nothomydas Hesse, 1969 (Diptera: Mydidae: Syllegomydinae: Halterorchini) with the description of new species</title>
  </titles>
  <publisher>Dryad Digital Repository</publisher>
  <publicationYear>2012</publicationYear>
  <subjects>
      <subject>taxonomy</subject>
      <subject>southern Africa</subject>
      <subject>Diptera</subject>
      <subject>Mydidae</subject>
      <subject>Syllegomydinae</subject>
      <subject>Namibimydas</subject>
      <subject>Nothomydas</subject>
  </subjects>
  <resourceType resourceTypeGeneral="Dataset">DataPackage</resourceType>
  <alternateIdentifiers>
      <alternateIdentifier alternateIdentifierType="citation">Dikow T (2012) Review of Namibimydas Hesse, 1972 and Nothomydas Hesse, 1969 (Diptera: Mydidae: Syllegomydinae: Halterorchini) with the description of new species. African Invertebrates 53(1):79-111. http://www.africaninvertebrates.org.za/Dikow_2012_53_1_560.aspx</alternateIdentifier>
  </alternateIdentifiers>
  <relatedIdentifiers>
      <relatedIdentifier relationType="HasPart" relatedIdentifierType="DOI">10.5061/DRYAD.TT0TQ/1</relatedIdentifier>
  </relatedIdentifiers>
  <rights>http://creativecommons.org/publicdomain/zero/1.0/</rights>
</resource></payload></oai_datacite></metadata></record>
