<record xmlns="http://www.openarchives.org/OAI/2.0/" xmlns:xsi="http://www.w3.org/2001/XMLSchema-instance"><header><identifier>oai:oai.datacite.org:1021305</identifier><datestamp>2015-10-05T18:17:15Z</datestamp><setSpec>CDL</setSpec><setSpec>CDL.DRYAD</setSpec></header><metadata><oai_datacite xmlns="http://schema.datacite.org/oai/oai-1.0/" xsi:schemaLocation="http://schema.datacite.org/oai/oai-1.0/ http://schema.datacite.org/oai/oai-1.0/oai.xsd"><isReferenceQuality>false</isReferenceQuality><schemaVersion>2.2</schemaVersion><datacentreSymbol>CDL.DRYAD</datacentreSymbol><payload><resource xmlns="http://datacite.org/schema/kernel-2.2" xmlns:dryad="http://purl.org/dryad/terms/" xmlns:dim="http://www.dspace.org/xmlns/dspace/dim" xmlns:dspace="http://www.dspace.org/xmlns/dspace/dim" xmlns:mets="http://www.loc.gov/METS/" xmlns:xsi="http://www.w3.org/2001/XMLSchema-instance" metadataVersionNumber="1" lastMetadataUpdate="2006-05-04" xsi:schemaLocation="http://datacite.org/schema/kernel-2.2 http://schema.datacite.org/meta/kernel-2.2/metadata.xsd">
  <identifier identifierType="DOI">10.5061/DRYAD.RB06J</identifier>
  <creators>
      <creator>
         <creatorName>Quillevere, Frederic</creatorName>
      </creator>
      <creator>
         <creatorName>Andr&#233;, Aurore</creatorName>
      </creator>
      <creator>
         <creatorName>Weiner, Agnes</creatorName>
      </creator>
      <creator>
         <creatorName>Aurahs, Ralf</creatorName>
      </creator>
      <creator>
         <creatorName>Morard, Rapha&#235;l</creatorName>
      </creator>
      <creator>
         <creatorName>Douady, Christophe J.</creatorName>
      </creator>
      <creator>
         <creatorName>de Garidel-Thoron, Thibault</creatorName>
      </creator>
      <creator>
         <creatorName>Escarguel, Gilles</creatorName>
      </creator>
      <creator>
         <creatorName>de Vargas, Colomban</creatorName>
      </creator>
      <creator>
         <creatorName>Kucera, Michal</creatorName>
      </creator>
  </creators>
  <titles>
      <title>Data from: The cryptic and the apparent reversed: lack of genetic differentiation within the morphologically diverse plexus of the planktonic foraminifer Globigerinoides sacculifer</title>
  </titles>
  <publisher>Dryad Digital Repository</publisher>
  <publicationYear>2012</publicationYear>
  <subjects>
      <subject>ribosomal DNA</subject>
      <subject>species concept</subject>
      <subject>gene flow</subject>
      <subject>planktonic foraminifera</subject>
      <subject>Globigerinoides sacculifer</subject>
  </subjects>
  <resourceType resourceTypeGeneral="Dataset">DataPackage</resourceType>
  <alternateIdentifiers>
      <alternateIdentifier alternateIdentifierType="citation">Quillevere F, Andr&#233; A, Weiner A, Aurahs R, Morard R, Douady CJ, de Garidel-Thoron T, Escarguel G, de Vargas C, Kucera M (2013) Data from: The cryptic and the apparent reversed: lack of genetic differentiation within the morphologically diverse plexus of the planktonic foraminifer Globigerinoides sacculifer. Paleobiology 39(1): 21-39.</alternateIdentifier>
  </alternateIdentifiers>
  <relatedIdentifiers>
      <relatedIdentifier relationType="HasPart" relatedIdentifierType="DOI">10.5061/DRYAD.RB06J/1</relatedIdentifier>
      <relatedIdentifier relationType="IsReferencedBy" relatedIdentifierType="DOI">10.1666/0094-8373-39.1.21</relatedIdentifier>
  </relatedIdentifiers>
  <rights>http://creativecommons.org/publicdomain/zero/1.0/</rights>
</resource></payload></oai_datacite></metadata></record>
