<record xmlns="http://www.openarchives.org/OAI/2.0/" xmlns:xsi="http://www.w3.org/2001/XMLSchema-instance"><header><identifier>oai:oai.datacite.org:1021303</identifier><datestamp>2015-10-22T18:06:52Z</datestamp><setSpec>CDL</setSpec><setSpec>CDL.DRYAD</setSpec></header><metadata><oai_datacite xmlns="http://schema.datacite.org/oai/oai-1.0/" xsi:schemaLocation="http://schema.datacite.org/oai/oai-1.0/ http://schema.datacite.org/oai/oai-1.0/oai.xsd"><isReferenceQuality>false</isReferenceQuality><schemaVersion>2.2</schemaVersion><datacentreSymbol>CDL.DRYAD</datacentreSymbol><payload><resource xmlns="http://datacite.org/schema/kernel-2.2" xmlns:dryad="http://purl.org/dryad/terms/" xmlns:dim="http://www.dspace.org/xmlns/dspace/dim" xmlns:dspace="http://www.dspace.org/xmlns/dspace/dim" xmlns:mets="http://www.loc.gov/METS/" xmlns:xsi="http://www.w3.org/2001/XMLSchema-instance" metadataVersionNumber="1" lastMetadataUpdate="2006-05-04" xsi:schemaLocation="http://datacite.org/schema/kernel-2.2 http://schema.datacite.org/meta/kernel-2.2/metadata.xsd">
  <identifier identifierType="DOI">10.5061/DRYAD.5D6P6</identifier>
  <creators>
      <creator>
         <creatorName>Samuels, Gary J.</creatorName>
      </creator>
      <creator>
         <creatorName>Salgado-Salazar, Catalina</creatorName>
      </creator>
      <creator>
         <creatorName>Rossman, Amy Y.</creatorName>
      </creator>
      <creator>
         <creatorName>Capdet, Mariana</creatorName>
      </creator>
      <creator>
         <creatorName>Chaverri, Priscila</creatorName>
      </creator>
  </creators>
  <titles>
      <title>Data from: Multigene phylogenetic analyses of the Thelonectria coronata and T. veuillotiana species complexes</title>
  </titles>
  <publisher>Dryad Digital Repository</publisher>
  <publicationYear>2012</publicationYear>
  <subjects>
      <subject>fungi</subject>
      <subject>homothallic</subject>
      <subject>phylogenetic analyses</subject>
      <subject>species concept</subject>
      <subject>taxonomy</subject>
      <subject>Thelonectria coronata</subject>
      <subject>Thelonectria veuillotiana</subject>
      <subject>Thelonectria acrotyla</subject>
      <subject>Thelonectria amamiensis</subject>
      <subject>Thelonectria nodosa</subject>
      <subject>Thelonectria torulosa</subject>
      <subject>Thelonectria gongylodes</subject>
      <subject>Thelonectria truncata</subject>
      <subject>Thelonectria diademata</subject>
      <subject>Thelonectria cidaria</subject>
      <subject>Thelonectria stemmata</subject>
      <subject>Thelonectria coronalis</subject>
      <subject>Ascomycota</subject>
      <subject>Hypocreales</subject>
      <subject>Neonectria</subject>
  </subjects>
  <resourceType resourceTypeGeneral="Dataset">DataPackage</resourceType>
  <alternateIdentifiers>
      <alternateIdentifier alternateIdentifierType="citation">Salgado-Salazar C, Chaverri P, Rossman A, Samuels GJ, Capdet M (2012) Multigene phylogenetic analyses of the Thelonectria coronata and T. veuillotiana species complexes. Mycologia 104(6): 1325-1350.</alternateIdentifier>
  </alternateIdentifiers>
  <relatedIdentifiers>
      <relatedIdentifier relationType="HasPart" relatedIdentifierType="DOI">10.5061/DRYAD.5D6P6/1</relatedIdentifier>
      <relatedIdentifier relationType="HasPart" relatedIdentifierType="DOI">10.5061/DRYAD.5D6P6/2</relatedIdentifier>
      <relatedIdentifier relationType="HasPart" relatedIdentifierType="DOI">10.5061/DRYAD.5D6P6/3</relatedIdentifier>
      <relatedIdentifier relationType="HasPart" relatedIdentifierType="DOI">10.5061/DRYAD.5D6P6/4</relatedIdentifier>
      <relatedIdentifier relationType="HasPart" relatedIdentifierType="DOI">10.5061/DRYAD.5D6P6/5</relatedIdentifier>
      <relatedIdentifier relationType="HasPart" relatedIdentifierType="DOI">10.5061/DRYAD.5D6P6/6</relatedIdentifier>
      <relatedIdentifier relationType="IsReferencedBy" relatedIdentifierType="DOI">10.3852/12-055</relatedIdentifier>
      <relatedIdentifier relationType="IsReferencedBy" relatedIdentifierType="DOI"/>
  </relatedIdentifiers>
  <rights>http://creativecommons.org/publicdomain/zero/1.0/</rights>
</resource></payload></oai_datacite></metadata></record>
