<record xmlns="http://www.openarchives.org/OAI/2.0/" xmlns:xsi="http://www.w3.org/2001/XMLSchema-instance"><header><identifier>oai:oai.datacite.org:1021775</identifier><datestamp>2014-05-30T01:43:37Z</datestamp><setSpec>CDL</setSpec><setSpec>CDL.DRYAD</setSpec></header><metadata><oai_datacite xmlns="http://schema.datacite.org/oai/oai-1.0/" xsi:schemaLocation="http://schema.datacite.org/oai/oai-1.0/ http://schema.datacite.org/oai/oai-1.0/oai.xsd"><isReferenceQuality>false</isReferenceQuality><schemaVersion>2.2</schemaVersion><datacentreSymbol>CDL.DRYAD</datacentreSymbol><payload><resource xmlns="http://datacite.org/schema/kernel-2.2" xmlns:dryad="http://purl.org/dryad/terms/" xmlns:dim="http://www.dspace.org/xmlns/dspace/dim" xmlns:dspace="http://www.dspace.org/xmlns/dspace/dim" xmlns:mets="http://www.loc.gov/METS/" xmlns:xsi="http://www.w3.org/2001/XMLSchema-instance" metadataVersionNumber="1" lastMetadataUpdate="2006-05-04" xsi:schemaLocation="http://datacite.org/schema/kernel-2.2 http://schema.datacite.org/meta/kernel-2.2/metadata.xsd">
  <identifier identifierType="DOI">10.5061/DRYAD.R6624</identifier>
  <creators>
      <creator>
         <creatorName>Roth, Olivia</creatorName>
      </creator>
      <creator>
         <creatorName>Klein, Verena</creatorName>
      </creator>
      <creator>
         <creatorName>Beemelmanns, Anne</creatorName>
      </creator>
      <creator>
         <creatorName>Scharsack, J&#246;rn P.</creatorName>
      </creator>
      <creator>
         <creatorName>Reusch, Thorsten B. H.</creatorName>
      </creator>
  </creators>
  <titles>
      <title>Data from: Male pregnancy and bi-parental immune priming</title>
  </titles>
  <publisher>Dryad Digital Repository</publisher>
  <publicationYear>2012</publicationYear>
  <subjects>
      <subject>Ecology: experimental</subject>
      <subject>Evolution: experimental</subject>
      <subject>Immunity: ecology</subject>
      <subject>Interactions: host/pathogen</subject>
      <subject>Maternal effects</subject>
      <subject>Mating systems</subject>
      <subject>Parental care</subject>
      <subject>Reproduction: investment</subject>
      <subject>Resource allocation</subject>
      <subject>Ocean</subject>
      <subject>Syngnathus typhle</subject>
      <subject>Vibrio spp</subject>
  </subjects>
  <resourceType resourceTypeGeneral="Dataset">DataPackage</resourceType>
  <alternateIdentifiers>
      <alternateIdentifier alternateIdentifierType="citation">Roth O, Klein V, Beemelmanns A, Scharsack JP, Reusch TBH (2012) Male pregnancy and bi-parental immune priming. The American Naturalist 180(6): 802-814.</alternateIdentifier>
  </alternateIdentifiers>
  <relatedIdentifiers>
      <relatedIdentifier relationType="HasPart" relatedIdentifierType="DOI">10.5061/DRYAD.R6624/1</relatedIdentifier>
      <relatedIdentifier relationType="HasPart" relatedIdentifierType="DOI">10.5061/DRYAD.R6624/2</relatedIdentifier>
      <relatedIdentifier relationType="HasPart" relatedIdentifierType="DOI">10.5061/DRYAD.R6624/3</relatedIdentifier>
      <relatedIdentifier relationType="HasPart" relatedIdentifierType="DOI">10.5061/DRYAD.R6624/4</relatedIdentifier>
      <relatedIdentifier relationType="IsReferencedBy" relatedIdentifierType="DOI">10.1086/668081</relatedIdentifier>
      <relatedIdentifier relationType="IsReferencedBy" relatedIdentifierType="DOI"/>
  </relatedIdentifiers>
  <rights>http://creativecommons.org/publicdomain/zero/1.0/</rights>
</resource></payload></oai_datacite></metadata></record>
