<record xmlns="http://www.openarchives.org/OAI/2.0/" xmlns:xsi="http://www.w3.org/2001/XMLSchema-instance"><header><identifier>oai:oai.datacite.org:1022017</identifier><datestamp>2015-10-13T17:46:16Z</datestamp><setSpec>CDL</setSpec><setSpec>CDL.DRYAD</setSpec></header><metadata><oai_datacite xmlns="http://schema.datacite.org/oai/oai-1.0/" xsi:schemaLocation="http://schema.datacite.org/oai/oai-1.0/ http://schema.datacite.org/oai/oai-1.0/oai.xsd"><isReferenceQuality>false</isReferenceQuality><schemaVersion>2.2</schemaVersion><datacentreSymbol>CDL.DRYAD</datacentreSymbol><payload><resource xmlns="http://datacite.org/schema/kernel-2.2" xmlns:dryad="http://purl.org/dryad/terms/" xmlns:dim="http://www.dspace.org/xmlns/dspace/dim" xmlns:dspace="http://www.dspace.org/xmlns/dspace/dim" xmlns:mets="http://www.loc.gov/METS/" xmlns:xsi="http://www.w3.org/2001/XMLSchema-instance" metadataVersionNumber="1" lastMetadataUpdate="2006-05-04" xsi:schemaLocation="http://datacite.org/schema/kernel-2.2 http://schema.datacite.org/meta/kernel-2.2/metadata.xsd">
  <identifier identifierType="DOI">10.5061/DRYAD.KM038</identifier>
  <creators>
      <creator>
         <creatorName>Fontaine, Micha&#235;l C.</creatorName>
      </creator>
      <creator>
         <creatorName>Snric, Alodie</creatorName>
      </creator>
      <creator>
         <creatorName>Frantzis, Alexandros</creatorName>
      </creator>
      <creator>
         <creatorName>Koutrakis, Emmanuil</creatorName>
      </creator>
      <creator>
         <creatorName>&#214;zt&#252;rk, Bayram</creatorName>
      </creator>
      <creator>
         <creatorName>&#214;zt&#252;rk, Ayaka A.</creatorName>
      </creator>
      <creator>
         <creatorName>Austerlitz, Fr&#233;deric</creatorName>
      </creator>
  </creators>
  <titles>
      <title>Data from: History of expansion and anthropogenic collapse in a top marine predator of the Black Sea estimated from genetic data</title>
  </titles>
  <publisher>Dryad Digital Repository</publisher>
  <publicationYear>2012</publicationYear>
  <subjects>
      <subject>cetaceans</subject>
      <subject>coalescence</subject>
      <subject>population genetics</subject>
      <subject>Bayesian analysis</subject>
      <subject>conservation biology</subject>
      <subject>Black Sea</subject>
      <subject>Aegean Sea</subject>
      <subject>Phocoena phocoena relicta</subject>
  </subjects>
  <resourceType resourceTypeGeneral="Dataset">DataPackage</resourceType>
  <alternateIdentifiers>
      <alternateIdentifier alternateIdentifierType="citation">Fontaine MC, Snric A, Frantzis A, Koutrakis E, &#214;zt&#252;rk B, &#214;zt&#252;rk AA, Austerlitz F (2012) History of expansion and anthropogenic collapse in a top marine predator of the Black Sea estimated from genetic data. Proceedings of the National Academy of Sciences of the United States of America 109(38): E2569-E2576.</alternateIdentifier>
  </alternateIdentifiers>
  <relatedIdentifiers>
      <relatedIdentifier relationType="HasPart" relatedIdentifierType="DOI">10.5061/DRYAD.KM038/1</relatedIdentifier>
      <relatedIdentifier relationType="IsReferencedBy" relatedIdentifierType="DOI">10.1073/PNAS.1201258109</relatedIdentifier>
      <relatedIdentifier relationType="IsReferencedBy" relatedIdentifierType="DOI"/>
  </relatedIdentifiers>
  <rights>http://creativecommons.org/publicdomain/zero/1.0/</rights>
</resource></payload></oai_datacite></metadata></record>
