<record xmlns="http://www.openarchives.org/OAI/2.0/" xmlns:xsi="http://www.w3.org/2001/XMLSchema-instance"><header><identifier>oai:oai.datacite.org:1022169</identifier><datestamp>2014-05-29T22:17:31Z</datestamp><setSpec>CDL</setSpec><setSpec>CDL.DRYAD</setSpec></header><metadata><oai_datacite xmlns="http://schema.datacite.org/oai/oai-1.0/" xsi:schemaLocation="http://schema.datacite.org/oai/oai-1.0/ http://schema.datacite.org/oai/oai-1.0/oai.xsd"><isReferenceQuality>false</isReferenceQuality><schemaVersion>2.2</schemaVersion><datacentreSymbol>CDL.DRYAD</datacentreSymbol><payload><resource xmlns="http://datacite.org/schema/kernel-2.2" xmlns:dryad="http://purl.org/dryad/terms/" xmlns:dim="http://www.dspace.org/xmlns/dspace/dim" xmlns:dspace="http://www.dspace.org/xmlns/dspace/dim" xmlns:mets="http://www.loc.gov/METS/" xmlns:xsi="http://www.w3.org/2001/XMLSchema-instance" metadataVersionNumber="1" lastMetadataUpdate="2006-05-04" xsi:schemaLocation="http://datacite.org/schema/kernel-2.2 http://schema.datacite.org/meta/kernel-2.2/metadata.xsd">
  <identifier identifierType="DOI">10.5061/DRYAD.Q8F74</identifier>
  <creators>
      <creator>
         <creatorName>Hulcr, Jiri</creatorName>
      </creator>
      <creator>
         <creatorName>Latimer, Andrew M.</creatorName>
      </creator>
      <creator>
         <creatorName>Henley, Jessica B.</creatorName>
      </creator>
      <creator>
         <creatorName>Rountree, Nina R.</creatorName>
      </creator>
      <creator>
         <creatorName>Fierer, Noah</creatorName>
      </creator>
      <creator>
         <creatorName>Lucky, Andrea</creatorName>
      </creator>
      <creator>
         <creatorName>Lowman, Margaret D.</creatorName>
      </creator>
      <creator>
         <creatorName>Dunn, Robert R.</creatorName>
      </creator>
  </creators>
  <titles>
      <title>Data from: A jungle in there: bacteria in belly buttons are highly diverse, but predictable</title>
  </titles>
  <publisher>Dryad Digital Repository</publisher>
  <publicationYear>2013</publicationYear>
  <subjects>
      <subject>Belly button</subject>
      <subject>navel</subject>
      <subject>oligarch</subject>
      <subject>biodiversity</subject>
      <subject>rain forest</subject>
      <subject>core microbiome</subject>
      <subject>USA</subject>
      <subject>bacteria</subject>
  </subjects>
  <resourceType resourceTypeGeneral="Dataset">DataPackage</resourceType>
  <alternateIdentifiers>
      <alternateIdentifier alternateIdentifierType="citation">Hulcr J, Latimer AM, Henley JB, Rountree NR, Fierer N, Lucky A, Lowman MD, Dunn RR (2012) A jungle in there: bacteria in belly buttons are highly diverse, but predictable. PLoS ONE 7(11): e47712.</alternateIdentifier>
  </alternateIdentifiers>
  <relatedIdentifiers>
      <relatedIdentifier relationType="HasPart" relatedIdentifierType="DOI">10.5061/DRYAD.Q8F74/1</relatedIdentifier>
      <relatedIdentifier relationType="HasPart" relatedIdentifierType="DOI">10.5061/DRYAD.Q8F74/2</relatedIdentifier>
      <relatedIdentifier relationType="HasPart" relatedIdentifierType="DOI">10.5061/DRYAD.Q8F74/3</relatedIdentifier>
      <relatedIdentifier relationType="IsReferencedBy" relatedIdentifierType="DOI">10.1371/JOURNAL.PONE.0047712</relatedIdentifier>
      <relatedIdentifier relationType="IsReferencedBy" relatedIdentifierType="DOI"/>
  </relatedIdentifiers>
  <rights>http://creativecommons.org/publicdomain/zero/1.0/</rights>
</resource></payload></oai_datacite></metadata></record>
