<record xmlns="http://www.openarchives.org/OAI/2.0/" xmlns:xsi="http://www.w3.org/2001/XMLSchema-instance"><header><identifier>oai:oai.datacite.org:1022619</identifier><datestamp>2014-05-29T22:45:36Z</datestamp><setSpec>CDL</setSpec><setSpec>CDL.DRYAD</setSpec></header><metadata><oai_datacite xmlns="http://schema.datacite.org/oai/oai-1.0/" xsi:schemaLocation="http://schema.datacite.org/oai/oai-1.0/ http://schema.datacite.org/oai/oai-1.0/oai.xsd"><isReferenceQuality>false</isReferenceQuality><schemaVersion>2.2</schemaVersion><datacentreSymbol>CDL.DRYAD</datacentreSymbol><payload><resource xmlns="http://datacite.org/schema/kernel-2.2" xmlns:dryad="http://purl.org/dryad/terms/" xmlns:dim="http://www.dspace.org/xmlns/dspace/dim" xmlns:dspace="http://www.dspace.org/xmlns/dspace/dim" xmlns:mets="http://www.loc.gov/METS/" xmlns:xsi="http://www.w3.org/2001/XMLSchema-instance" metadataVersionNumber="1" lastMetadataUpdate="2006-05-04" xsi:schemaLocation="http://datacite.org/schema/kernel-2.2 http://schema.datacite.org/meta/kernel-2.2/metadata.xsd">
  <identifier identifierType="DOI">10.5061/DRYAD.R6C36</identifier>
  <creators>
      <creator>
         <creatorName>Smith, Julie W.</creatorName>
      </creator>
      <creator>
         <creatorName>Sjoberg, Stephanie M.</creatorName>
      </creator>
      <creator>
         <creatorName>Mueller, Matthew C.</creatorName>
      </creator>
      <creator>
         <creatorName>Benkman, Craig W.</creatorName>
      </creator>
  </creators>
  <titles>
      <title>Data from: Assortative flocking in crossbills and implications for ecological speciation</title>
  </titles>
  <publisher>Dryad Digital Repository</publisher>
  <publicationYear>2012</publicationYear>
  <subjects>
      <subject>reproductive isolation</subject>
      <subject>public information</subject>
      <subject>playbacks</subject>
      <subject>Lake Wenatchee</subject>
      <subject>Washington</subject>
      <subject>USA</subject>
      <subject>Pacific Northwest</subject>
      <subject>Holocene</subject>
      <subject>Loxia curvirostra</subject>
  </subjects>
  <resourceType resourceTypeGeneral="Dataset">DataPackage</resourceType>
  <alternateIdentifiers>
      <alternateIdentifier alternateIdentifierType="citation">Smith JW, Sjoberg SM, Mueller MC, Benkman CW (2012) Assortative flocking in crossbills and implications for ecological speciation. Proceedings of the Royal Society B 279(1745): 4223-4229.</alternateIdentifier>
  </alternateIdentifiers>
  <relatedIdentifiers>
      <relatedIdentifier relationType="HasPart" relatedIdentifierType="DOI">10.5061/DRYAD.R6C36/1</relatedIdentifier>
      <relatedIdentifier relationType="IsReferencedBy" relatedIdentifierType="DOI">10.1098/RSPB.2012.1500</relatedIdentifier>
      <relatedIdentifier relationType="IsReferencedBy" relatedIdentifierType="DOI"/>
  </relatedIdentifiers>
  <rights>http://creativecommons.org/publicdomain/zero/1.0/</rights>
</resource></payload></oai_datacite></metadata></record>
