<record xmlns="http://www.openarchives.org/OAI/2.0/" xmlns:xsi="http://www.w3.org/2001/XMLSchema-instance"><header><identifier>oai:oai.datacite.org:1022166</identifier><datestamp>2014-05-29T21:42:02Z</datestamp><setSpec>CDL</setSpec><setSpec>CDL.DRYAD</setSpec></header><metadata><oai_datacite xmlns="http://schema.datacite.org/oai/oai-1.0/" xsi:schemaLocation="http://schema.datacite.org/oai/oai-1.0/ http://schema.datacite.org/oai/oai-1.0/oai.xsd"><isReferenceQuality>false</isReferenceQuality><schemaVersion>2.2</schemaVersion><datacentreSymbol>CDL.DRYAD</datacentreSymbol><payload><resource xmlns="http://datacite.org/schema/kernel-2.2" xmlns:dryad="http://purl.org/dryad/terms/" xmlns:dim="http://www.dspace.org/xmlns/dspace/dim" xmlns:dspace="http://www.dspace.org/xmlns/dspace/dim" xmlns:mets="http://www.loc.gov/METS/" xmlns:xsi="http://www.w3.org/2001/XMLSchema-instance" metadataVersionNumber="1" lastMetadataUpdate="2006-05-04" xsi:schemaLocation="http://datacite.org/schema/kernel-2.2 http://schema.datacite.org/meta/kernel-2.2/metadata.xsd">
  <identifier identifierType="DOI">10.5061/DRYAD.FB006</identifier>
  <creators>
      <creator>
         <creatorName>Murphy, Shannon M.</creatorName>
      </creator>
      <creator>
         <creatorName>Wimp, Gina M.</creatorName>
      </creator>
      <creator>
         <creatorName>Lewis, Danny</creatorName>
      </creator>
      <creator>
         <creatorName>Denno, Robert F.</creatorName>
      </creator>
  </creators>
  <titles>
      <title>Data from: Nutrient presses and pulses differentially impact plants, herbivores, detritivores and their natural enemies</title>
  </titles>
  <publisher>Dryad Digital Repository</publisher>
  <publicationYear>2013</publicationYear>
  <subjects>
      <subject>allochthonous subsidies</subject>
      <subject>arthropod abundance</subject>
      <subject>detritivore</subject>
      <subject>herbivore</subject>
      <subject>foodweb</subject>
      <subject>nutrient press</subject>
      <subject>nutrient pulse</subject>
      <subject>nutrient runoff</subject>
      <subject>predator</subject>
      <subject>Tuckerton NJ</subject>
      <subject>Cape Hatteras National Seashore</subject>
      <subject>Spartina alterniflora</subject>
      <subject>Orchestia grillus</subject>
      <subject>Venezillo parvus</subject>
      <subject>Grammonota trivittata</subject>
      <subject>Dictyna sp.</subject>
      <subject>Pardosa littoralis</subject>
      <subject>Clubiona sp.</subject>
      <subject>Marpissa pikei</subject>
      <subject>Conocephalus spartinae</subject>
      <subject>Orchelimum fidicinium</subject>
      <subject>Gryllus sp.</subject>
      <subject>Trigonotylus uhleri</subject>
      <subject>Tytthus vagus</subject>
      <subject>Saldidae</subject>
      <subject>Mesoveliidae</subject>
      <subject>Delphacodes penedetecta</subject>
      <subject>Proklesia marginata</subject>
      <subject>Proklesia dolus</subject>
      <subject>Cicadellidae</subject>
      <subject>Chaetopsis sp.</subject>
      <subject>Incertella sp.</subject>
  </subjects>
  <resourceType resourceTypeGeneral="Dataset">DataPackage</resourceType>
  <alternateIdentifiers>
      <alternateIdentifier alternateIdentifierType="citation">Murphy SM, Wimp GM, Lewis D, Denno RF (2012) Nutrient presses and pulses differentially impact plants, herbivores, detritivores and their natural enemies. PLoS ONE 7(8): e43929.</alternateIdentifier>
  </alternateIdentifiers>
  <relatedIdentifiers>
      <relatedIdentifier relationType="HasPart" relatedIdentifierType="DOI">10.5061/DRYAD.FB006/1</relatedIdentifier>
      <relatedIdentifier relationType="IsReferencedBy" relatedIdentifierType="DOI">10.1371/JOURNAL.PONE.0043929</relatedIdentifier>
      <relatedIdentifier relationType="IsReferencedBy" relatedIdentifierType="DOI"/>
  </relatedIdentifiers>
  <rights>http://creativecommons.org/publicdomain/zero/1.0/</rights>
</resource></payload></oai_datacite></metadata></record>
