<record xmlns="http://www.openarchives.org/OAI/2.0/" xmlns:xsi="http://www.w3.org/2001/XMLSchema-instance"><header><identifier>oai:oai.datacite.org:1022011</identifier><datestamp>2014-05-29T21:46:52Z</datestamp><setSpec>CDL</setSpec><setSpec>CDL.DRYAD</setSpec></header><metadata><oai_datacite xmlns="http://schema.datacite.org/oai/oai-1.0/" xsi:schemaLocation="http://schema.datacite.org/oai/oai-1.0/ http://schema.datacite.org/oai/oai-1.0/oai.xsd"><isReferenceQuality>false</isReferenceQuality><schemaVersion>2.2</schemaVersion><datacentreSymbol>CDL.DRYAD</datacentreSymbol><payload><resource xmlns="http://datacite.org/schema/kernel-2.2" xmlns:dryad="http://purl.org/dryad/terms/" xmlns:dim="http://www.dspace.org/xmlns/dspace/dim" xmlns:dspace="http://www.dspace.org/xmlns/dspace/dim" xmlns:mets="http://www.loc.gov/METS/" xmlns:xsi="http://www.w3.org/2001/XMLSchema-instance" metadataVersionNumber="1" lastMetadataUpdate="2006-05-04" xsi:schemaLocation="http://datacite.org/schema/kernel-2.2 http://schema.datacite.org/meta/kernel-2.2/metadata.xsd">
  <identifier identifierType="DOI">10.5061/DRYAD.QF2VM</identifier>
  <creators>
      <creator>
         <creatorName>Matsumoto, Tomomi</creatorName>
      </creator>
      <creator>
         <creatorName>Samuel, Michael D.</creatorName>
      </creator>
      <creator>
         <creatorName>Bollinger, Trent</creatorName>
      </creator>
      <creator>
         <creatorName>Pybus, Margo</creatorName>
      </creator>
      <creator>
         <creatorName>Coltman, David W.</creatorName>
      </creator>
  </creators>
  <titles>
      <title>Data from: Association mapping of genetic risk factors for chronic wasting disease in wild deer</title>
  </titles>
  <publisher>Dryad Digital Repository</publisher>
  <publicationYear>2012</publicationYear>
  <subjects>
      <subject>Disease Biology</subject>
      <subject>Ecological Genetics</subject>
      <subject>Genomics/Proteomics</subject>
      <subject>Host Parasite Interactions</subject>
      <subject>Population Genetics - Empirical</subject>
      <subject>Quantitative Genetics</subject>
      <subject>Wildlife Management</subject>
      <subject>Alberta</subject>
      <subject>Saskatchewan</subject>
      <subject>Wisconsin</subject>
      <subject>Odocoileus virginianus</subject>
      <subject>Odocoileus hemionus</subject>
  </subjects>
  <resourceType resourceTypeGeneral="Dataset">DataPackage</resourceType>
  <alternateIdentifiers>
      <alternateIdentifier alternateIdentifierType="citation">Matsumoto T, Samuel MD, Bollinger T, Pybus M, Coltman DW (2012) Association mapping of genetic risk factors for chronic wasting disease in wild deer. Evolutionary Applications 6(2): 340&#8211;352.</alternateIdentifier>
  </alternateIdentifiers>
  <relatedIdentifiers>
      <relatedIdentifier relationType="HasPart" relatedIdentifierType="DOI">10.5061/DRYAD.QF2VM/1</relatedIdentifier>
      <relatedIdentifier relationType="HasPart" relatedIdentifierType="DOI">10.5061/DRYAD.QF2VM/2</relatedIdentifier>
      <relatedIdentifier relationType="HasPart" relatedIdentifierType="DOI">10.5061/DRYAD.QF2VM/3</relatedIdentifier>
      <relatedIdentifier relationType="HasPart" relatedIdentifierType="DOI">10.5061/DRYAD.QF2VM/4</relatedIdentifier>
      <relatedIdentifier relationType="IsReferencedBy" relatedIdentifierType="DOI">10.1111/EVA.12003</relatedIdentifier>
      <relatedIdentifier relationType="IsReferencedBy" relatedIdentifierType="DOI"/>
  </relatedIdentifiers>
  <rights>http://creativecommons.org/publicdomain/zero/1.0/</rights>
</resource></payload></oai_datacite></metadata></record>
