<record xmlns="http://www.openarchives.org/OAI/2.0/" xmlns:xsi="http://www.w3.org/2001/XMLSchema-instance"><header><identifier>oai:oai.datacite.org:1023065</identifier><datestamp>2014-05-29T22:30:34Z</datestamp><setSpec>CDL</setSpec><setSpec>CDL.DRYAD</setSpec></header><metadata><oai_datacite xmlns="http://schema.datacite.org/oai/oai-1.0/" xsi:schemaLocation="http://schema.datacite.org/oai/oai-1.0/ http://schema.datacite.org/oai/oai-1.0/oai.xsd"><isReferenceQuality>false</isReferenceQuality><schemaVersion>2.2</schemaVersion><datacentreSymbol>CDL.DRYAD</datacentreSymbol><payload><resource xmlns="http://datacite.org/schema/kernel-2.2" xmlns:dryad="http://purl.org/dryad/terms/" xmlns:dim="http://www.dspace.org/xmlns/dspace/dim" xmlns:dspace="http://www.dspace.org/xmlns/dspace/dim" xmlns:mets="http://www.loc.gov/METS/" xmlns:xsi="http://www.w3.org/2001/XMLSchema-instance" metadataVersionNumber="1" lastMetadataUpdate="2006-05-04" xsi:schemaLocation="http://datacite.org/schema/kernel-2.2 http://schema.datacite.org/meta/kernel-2.2/metadata.xsd">
  <identifier identifierType="DOI">10.5061/DRYAD.PD383/1</identifier>
  <creators>
      <creator>
         <creatorName>Riesch, R&#252;diger</creatorName>
      </creator>
      <creator>
         <creatorName>Martin, Ryan A.</creatorName>
      </creator>
      <creator>
         <creatorName>Langerhans, R. Brian</creatorName>
      </creator>
  </creators>
  <titles>
      <title>Dryad_BahamasFemales</title>
  </titles>
  <publisher>Dryad Digital Repository</publisher>
  <publicationYear>2012</publicationYear>
  <subjects>
      <subject>Ecology: evolutionary</subject>
      <subject>Life history</subject>
      <subject>Life history: evolution</subject>
      <subject>Life history: trade offs</subject>
      <subject>Reproduction: investment</subject>
      <subject>Resource allocation</subject>
      <subject>Selection: natural</subject>
      <subject>Speciation: ecological</subject>
      <subject>Trade offs</subject>
      <subject>Fish</subject>
      <subject>The Bahamas</subject>
      <subject>Gambusia hubbsi</subject>
      <subject>Gobiomorus dormitor</subject>
  </subjects>
  <dates>
      <date dateType="Accepted">2012-08-05</date>
  </dates>
  <resourceType resourceTypeGeneral="Dataset">DataFile</resourceType>
  <relatedIdentifiers>
      <relatedIdentifier relationType="IsPartOf" relatedIdentifierType="DOI">10.5061/DRYAD.PD383</relatedIdentifier>
  </relatedIdentifiers>
  <rights>http://creativecommons.org/publicdomain/zero/1.0/</rights>
  <descriptions>
      <description descriptionType="Other"/>
  </descriptions>
</resource></payload></oai_datacite></metadata></record>
