<record xmlns="http://www.openarchives.org/OAI/2.0/" xmlns:xsi="http://www.w3.org/2001/XMLSchema-instance"><header><identifier>oai:oai.datacite.org:1023038</identifier><datestamp>2014-05-29T21:55:09Z</datestamp><setSpec>CDL</setSpec><setSpec>CDL.DRYAD</setSpec></header><metadata><oai_datacite xmlns="http://schema.datacite.org/oai/oai-1.0/" xsi:schemaLocation="http://schema.datacite.org/oai/oai-1.0/ http://schema.datacite.org/oai/oai-1.0/oai.xsd"><isReferenceQuality>false</isReferenceQuality><schemaVersion>2.2</schemaVersion><datacentreSymbol>CDL.DRYAD</datacentreSymbol><payload><resource xmlns="http://datacite.org/schema/kernel-2.2" xmlns:dryad="http://purl.org/dryad/terms/" xmlns:dim="http://www.dspace.org/xmlns/dspace/dim" xmlns:dspace="http://www.dspace.org/xmlns/dspace/dim" xmlns:mets="http://www.loc.gov/METS/" xmlns:xsi="http://www.w3.org/2001/XMLSchema-instance" metadataVersionNumber="1" lastMetadataUpdate="2006-05-04" xsi:schemaLocation="http://datacite.org/schema/kernel-2.2 http://schema.datacite.org/meta/kernel-2.2/metadata.xsd">
  <identifier identifierType="DOI">10.5061/DRYAD.TH198</identifier>
  <creators>
      <creator>
         <creatorName>Sridhar, Hari</creatorName>
      </creator>
      <creator>
         <creatorName>Srinivasan, Umesh</creatorName>
      </creator>
      <creator>
         <creatorName>Askins, Robert A.</creatorName>
      </creator>
      <creator>
         <creatorName>Delgadillo, Julio Cesar Canales</creatorName>
      </creator>
      <creator>
         <creatorName>Chen, Chao-Chieh</creatorName>
      </creator>
      <creator>
         <creatorName>Ewert, David N.</creatorName>
      </creator>
      <creator>
         <creatorName>Gale, George A.</creatorName>
      </creator>
      <creator>
         <creatorName>Goodale, Eben</creatorName>
      </creator>
      <creator>
         <creatorName>Gram, Wendy K.</creatorName>
      </creator>
      <creator>
         <creatorName>Hart, Patrick J.</creatorName>
      </creator>
      <creator>
         <creatorName>Hobson, Keith A.</creatorName>
      </creator>
      <creator>
         <creatorName>Hutto, Richard L.</creatorName>
      </creator>
      <creator>
         <creatorName>Kotagama, Sarath W.</creatorName>
      </creator>
      <creator>
         <creatorName>Knowlton, Jessie L.</creatorName>
      </creator>
      <creator>
         <creatorName>Lee, Tien Ming</creatorName>
      </creator>
      <creator>
         <creatorName>Munn, Charles A.</creatorName>
      </creator>
      <creator>
         <creatorName>Nimnuan, Somchai</creatorName>
      </creator>
      <creator>
         <creatorName>Nizam, B. Z.</creatorName>
      </creator>
      <creator>
         <creatorName>P&#233;ron, Guillaume</creatorName>
      </creator>
      <creator>
         <creatorName>Robin, V. V.</creatorName>
      </creator>
      <creator>
         <creatorName>Rodewald, Amanda D.</creatorName>
      </creator>
      <creator>
         <creatorName>Rodewald, Paul G.</creatorName>
      </creator>
      <creator>
         <creatorName>Thomson, Robert L.</creatorName>
      </creator>
      <creator>
         <creatorName>Trivedi, Pranav</creatorName>
      </creator>
      <creator>
         <creatorName>Wilgenburg, Steven L. Van</creatorName>
      </creator>
      <creator>
         <creatorName>Shanker, Kartik</creatorName>
      </creator>
  </creators>
  <titles>
      <title>Data from: Positive relationships between association strength and phenotypic similarity characterize the assembly of mixed-species bird flocks worldwide</title>
  </titles>
  <publisher>Dryad Digital Repository</publisher>
  <publicationYear>2012</publicationYear>
  <subjects>
      <subject>positive interactions</subject>
      <subject>interspecific competition</subject>
      <subject>community ecology</subject>
      <subject>birds</subject>
      <subject>sociality</subject>
      <subject>Global</subject>
  </subjects>
  <resourceType resourceTypeGeneral="Dataset">DataPackage</resourceType>
  <alternateIdentifiers>
      <alternateIdentifier alternateIdentifierType="citation">Sridhar H, Srinivasan U, Askins RA, Delgadillo JCC, Chen C, Ewert DN, Gale GA, Goodale E, Gram WK, Hart PJ, Hobson KA, Hutto RL, Kotagama SW, Knowlton JL, Lee TM, Munn CA, Nimnuan S, Nizam BZ, P&#233;ron G, Robin VV, Rodewald AD, Rodewald PG, Thomson RL, Trivedi P, Wilgenburg SLV, Shanker K (2012) Positive relationships between association strength and phenotypic similarity characterize the assembly of mixed-species bird flocks worldwide. American Naturalist 180(6): 777-790.</alternateIdentifier>
  </alternateIdentifiers>
  <relatedIdentifiers>
      <relatedIdentifier relationType="HasPart" relatedIdentifierType="DOI">10.5061/DRYAD.TH198/1</relatedIdentifier>
      <relatedIdentifier relationType="IsReferencedBy" relatedIdentifierType="DOI">10.1086/668012</relatedIdentifier>
      <relatedIdentifier relationType="IsReferencedBy" relatedIdentifierType="DOI"/>
  </relatedIdentifiers>
  <rights>http://creativecommons.org/publicdomain/zero/1.0/</rights>
</resource></payload></oai_datacite></metadata></record>
