<record xmlns="http://www.openarchives.org/OAI/2.0/" xmlns:xsi="http://www.w3.org/2001/XMLSchema-instance"><header><identifier>oai:oai.datacite.org:1049649</identifier><datestamp>2014-05-30T00:24:30Z</datestamp><setSpec>CDL</setSpec><setSpec>CDL.DRYAD</setSpec></header><metadata><oai_datacite xmlns="http://schema.datacite.org/oai/oai-1.0/" xsi:schemaLocation="http://schema.datacite.org/oai/oai-1.0/ http://schema.datacite.org/oai/oai-1.0/oai.xsd"><isReferenceQuality>false</isReferenceQuality><schemaVersion>2.2</schemaVersion><datacentreSymbol>CDL.DRYAD</datacentreSymbol><payload><resource xmlns="http://datacite.org/schema/kernel-2.2" xmlns:dryad="http://purl.org/dryad/terms/" xmlns:dim="http://www.dspace.org/xmlns/dspace/dim" xmlns:dspace="http://www.dspace.org/xmlns/dspace/dim" xmlns:mets="http://www.loc.gov/METS/" xmlns:xsi="http://www.w3.org/2001/XMLSchema-instance" metadataVersionNumber="1" lastMetadataUpdate="2006-05-04" xsi:schemaLocation="http://datacite.org/schema/kernel-2.2 http://schema.datacite.org/meta/kernel-2.2/metadata.xsd">
  <identifier identifierType="DOI">10.5061/DRYAD.KC6M8</identifier>
  <creators>
      <creator>
         <creatorName>Prasad, Kasavajhala V. S. K.</creatorName>
      </creator>
      <creator>
         <creatorName>Song, Bao-Hua</creatorName>
      </creator>
      <creator>
         <creatorName>Olson-Manning, Carrie</creatorName>
      </creator>
      <creator>
         <creatorName>Anderson, Jill T.</creatorName>
      </creator>
      <creator>
         <creatorName>Lee, Cheng-Ruei</creatorName>
      </creator>
      <creator>
         <creatorName>Schranz, M. Eric</creatorName>
      </creator>
      <creator>
         <creatorName>Windsor, Aaron J.</creatorName>
      </creator>
      <creator>
         <creatorName>Clauss, Maria J.</creatorName>
      </creator>
      <creator>
         <creatorName>Manzaneda, Antonio J.</creatorName>
      </creator>
      <creator>
         <creatorName>Naqvi, Ibtehaj</creatorName>
      </creator>
      <creator>
         <creatorName>Reichelt, Michael</creatorName>
      </creator>
      <creator>
         <creatorName>Gershenzon, Jonathan</creatorName>
      </creator>
      <creator>
         <creatorName>Rupasinghe, Sanjeewa G.</creatorName>
      </creator>
      <creator>
         <creatorName>Schuler, Mary A.</creatorName>
      </creator>
      <creator>
         <creatorName>Mitchell-Olds, Thomas</creatorName>
      </creator>
  </creators>
  <titles>
      <title>Data from: A gain-of-function polymorphism controlling complex traits and fitness in nature</title>
  </titles>
  <publisher>Dryad Digital Repository</publisher>
  <publicationYear>2013</publicationYear>
  <subjects>
      <subject>glucosinolate</subject>
      <subject>herbivory</subject>
      <subject>ecological genomics</subject>
      <subject>Rocky Mountains</subject>
      <subject>Boechera stricta</subject>
  </subjects>
  <resourceType resourceTypeGeneral="Dataset">DataPackage</resourceType>
  <alternateIdentifiers>
      <alternateIdentifier alternateIdentifierType="citation">Prasad KVSK, Song B, Olson-Manning C, Anderson JT, Lee C, Schranz ME, Windsor AJ, Clauss MJ, Manzaneda AJ, Naqvi I, Reichelt M, Gershenzon J, Rupasinghe SG, Schuler MA, Mitchell-Olds T (2012) A gain-of-function polymorphism controlling complex traits and fitness in nature. Science 337(6098): 1081-1084.</alternateIdentifier>
  </alternateIdentifiers>
  <relatedIdentifiers>
      <relatedIdentifier relationType="HasPart" relatedIdentifierType="DOI">10.5061/DRYAD.KC6M8/2</relatedIdentifier>
      <relatedIdentifier relationType="HasPart" relatedIdentifierType="DOI">10.5061/DRYAD.KC6M8/3</relatedIdentifier>
      <relatedIdentifier relationType="HasPart" relatedIdentifierType="DOI">10.5061/DRYAD.KC6M8/4</relatedIdentifier>
      <relatedIdentifier relationType="HasPart" relatedIdentifierType="DOI">10.5061/DRYAD.KC6M8/5</relatedIdentifier>
      <relatedIdentifier relationType="HasPart" relatedIdentifierType="DOI">10.5061/DRYAD.KC6M8/6</relatedIdentifier>
      <relatedIdentifier relationType="HasPart" relatedIdentifierType="DOI">10.5061/DRYAD.KC6M8/7</relatedIdentifier>
      <relatedIdentifier relationType="HasPart" relatedIdentifierType="DOI">10.5061/DRYAD.KC6M8/8</relatedIdentifier>
      <relatedIdentifier relationType="HasPart" relatedIdentifierType="DOI">10.5061/DRYAD.KC6M8/9</relatedIdentifier>
      <relatedIdentifier relationType="HasPart" relatedIdentifierType="DOI">10.5061/DRYAD.KC6M8/10</relatedIdentifier>
      <relatedIdentifier relationType="HasPart" relatedIdentifierType="DOI">10.5061/DRYAD.KC6M8/11</relatedIdentifier>
      <relatedIdentifier relationType="HasPart" relatedIdentifierType="DOI">10.5061/DRYAD.KC6M8/12</relatedIdentifier>
      <relatedIdentifier relationType="HasPart" relatedIdentifierType="DOI">10.5061/DRYAD.KC6M8/13</relatedIdentifier>
      <relatedIdentifier relationType="HasPart" relatedIdentifierType="DOI">10.5061/DRYAD.KC6M8/14</relatedIdentifier>
      <relatedIdentifier relationType="HasPart" relatedIdentifierType="DOI">10.5061/DRYAD.KC6M8/15</relatedIdentifier>
      <relatedIdentifier relationType="HasPart" relatedIdentifierType="DOI">10.5061/DRYAD.KC6M8/16</relatedIdentifier>
      <relatedIdentifier relationType="HasPart" relatedIdentifierType="DOI">10.5061/DRYAD.KC6M8/17</relatedIdentifier>
      <relatedIdentifier relationType="HasPart" relatedIdentifierType="DOI">10.5061/DRYAD.KC6M8/18</relatedIdentifier>
      <relatedIdentifier relationType="IsReferencedBy" relatedIdentifierType="DOI">10.1126/SCIENCE.1221636</relatedIdentifier>
      <relatedIdentifier relationType="IsReferencedBy" relatedIdentifierType="DOI"/>
  </relatedIdentifiers>
  <rights>http://creativecommons.org/publicdomain/zero/1.0/</rights>
</resource></payload></oai_datacite></metadata></record>
