<record xmlns="http://www.openarchives.org/OAI/2.0/" xmlns:xsi="http://www.w3.org/2001/XMLSchema-instance"><header><identifier>oai:oai.datacite.org:1050325</identifier><datestamp>2014-05-29T21:55:39Z</datestamp><setSpec>CDL</setSpec><setSpec>CDL.DRYAD</setSpec></header><metadata><oai_datacite xmlns="http://schema.datacite.org/oai/oai-1.0/" xsi:schemaLocation="http://schema.datacite.org/oai/oai-1.0/ http://schema.datacite.org/oai/oai-1.0/oai.xsd"><isReferenceQuality>false</isReferenceQuality><schemaVersion>2.2</schemaVersion><datacentreSymbol>CDL.DRYAD</datacentreSymbol><payload><resource xmlns="http://datacite.org/schema/kernel-2.2" xmlns:dryad="http://purl.org/dryad/terms/" xmlns:dim="http://www.dspace.org/xmlns/dspace/dim" xmlns:dspace="http://www.dspace.org/xmlns/dspace/dim" xmlns:mets="http://www.loc.gov/METS/" xmlns:xsi="http://www.w3.org/2001/XMLSchema-instance" metadataVersionNumber="1" lastMetadataUpdate="2006-05-04" xsi:schemaLocation="http://datacite.org/schema/kernel-2.2 http://schema.datacite.org/meta/kernel-2.2/metadata.xsd">
  <identifier identifierType="DOI">10.5061/DRYAD.J08JP</identifier>
  <creators>
      <creator>
         <creatorName>Lynch, Erin A.</creatorName>
      </creator>
      <creator>
         <creatorName>Langille, Morgan G. I.</creatorName>
      </creator>
      <creator>
         <creatorName>Darling, Aaron</creatorName>
      </creator>
      <creator>
         <creatorName>Wilbanks, Elizabeth G.</creatorName>
      </creator>
      <creator>
         <creatorName>Haltiner, Caitlin</creatorName>
      </creator>
      <creator>
         <creatorName>Shao, Katie S. Y.</creatorName>
      </creator>
      <creator>
         <creatorName>Starr, Michael O.</creatorName>
      </creator>
      <creator>
         <creatorName>Teiling, Clotilde</creatorName>
      </creator>
      <creator>
         <creatorName>Harkins, Timothy T.</creatorName>
      </creator>
      <creator>
         <creatorName>Edwards, Robert A.</creatorName>
      </creator>
      <creator>
         <creatorName>Eisen, Jonathan A.</creatorName>
      </creator>
      <creator>
         <creatorName>Facciotti, Marc T.</creatorName>
      </creator>
      <creator>
         <creatorName>Randau, Lennart</creatorName>
      </creator>
  </creators>
  <titles>
      <title>Data from: Sequencing of seven haloarchaeal genomes reveals patterns of genomic flux</title>
  </titles>
  <publisher>Dryad Digital Repository</publisher>
  <publicationYear>2012</publicationYear>
  <subjects>
      <subject>halophilic archaea</subject>
      <subject>archaea</subject>
      <subject>phylogenomics</subject>
      <subject>genomics</subject>
      <subject>evolution</subject>
      <subject>Haloferax</subject>
      <subject>Haloarcula</subject>
  </subjects>
  <resourceType resourceTypeGeneral="Dataset">DataPackage</resourceType>
  <alternateIdentifiers>
      <alternateIdentifier alternateIdentifierType="citation">Lynch EA, Langille MGI, Darling A, Wilbanks EG, Haltiner C, Shao KSY, Starr MO, Teiling C, Harkins TT, Edwards RA, Eisen JA, Facciotti MT, Randau L (2012) Sequencing of seven haloarchaeal genomes reveals patterns of genomic flux. PLoS ONE 7(7): e41389.</alternateIdentifier>
  </alternateIdentifiers>
  <relatedIdentifiers>
      <relatedIdentifier relationType="HasPart" relatedIdentifierType="DOI">10.5061/DRYAD.J08JP/1</relatedIdentifier>
      <relatedIdentifier relationType="HasPart" relatedIdentifierType="DOI">10.5061/DRYAD.J08JP/2</relatedIdentifier>
      <relatedIdentifier relationType="HasPart" relatedIdentifierType="DOI">10.5061/DRYAD.J08JP/3</relatedIdentifier>
      <relatedIdentifier relationType="IsReferencedBy" relatedIdentifierType="DOI">10.1371/JOURNAL.PONE.0041389</relatedIdentifier>
      <relatedIdentifier relationType="IsReferencedBy" relatedIdentifierType="DOI"/>
  </relatedIdentifiers>
  <rights>http://creativecommons.org/publicdomain/zero/1.0/</rights>
</resource></payload></oai_datacite></metadata></record>
