<record xmlns="http://www.openarchives.org/OAI/2.0/" xmlns:xsi="http://www.w3.org/2001/XMLSchema-instance"><header><identifier>oai:oai.datacite.org:1050307</identifier><datestamp>2014-05-29T21:53:51Z</datestamp><setSpec>CDL</setSpec><setSpec>CDL.DRYAD</setSpec></header><metadata><oai_datacite xmlns="http://schema.datacite.org/oai/oai-1.0/" xsi:schemaLocation="http://schema.datacite.org/oai/oai-1.0/ http://schema.datacite.org/oai/oai-1.0/oai.xsd"><isReferenceQuality>false</isReferenceQuality><schemaVersion>2.2</schemaVersion><datacentreSymbol>CDL.DRYAD</datacentreSymbol><payload><resource xmlns="http://datacite.org/schema/kernel-2.2" xmlns:dryad="http://purl.org/dryad/terms/" xmlns:dim="http://www.dspace.org/xmlns/dspace/dim" xmlns:dspace="http://www.dspace.org/xmlns/dspace/dim" xmlns:mets="http://www.loc.gov/METS/" xmlns:xsi="http://www.w3.org/2001/XMLSchema-instance" metadataVersionNumber="1" lastMetadataUpdate="2006-05-04" xsi:schemaLocation="http://datacite.org/schema/kernel-2.2 http://schema.datacite.org/meta/kernel-2.2/metadata.xsd">
  <identifier identifierType="DOI">10.5061/DRYAD.5G2S0/1</identifier>
  <creators>
      <creator>
         <creatorName>Frick, Winifred F.</creatorName>
      </creator>
      <creator>
         <creatorName>Price, Ryan D.</creatorName>
      </creator>
      <creator>
         <creatorName>Heady III, Paul A.</creatorName>
      </creator>
      <creator>
         <creatorName>Kay, Kathleen M.</creatorName>
      </creator>
  </creators>
  <titles>
      <title>pollen_datadryad</title>
  </titles>
  <publisher>Dryad Digital Repository</publisher>
  <publicationYear>2012</publicationYear>
  <subjects>
      <subject>Foraging: behavior</subject>
      <subject>Foraging: ecology</subject>
      <subject>Interactions: coevolution</subject>
      <subject>Interactions: mutualism</subject>
      <subject>Interactions: plant/animal</subject>
      <subject>Baja California Sur</subject>
      <subject>Mexico</subject>
      <subject>Antrozous pallidus</subject>
      <subject>Leptonycteris yerbabuenae</subject>
      <subject>Pachycereus pringlei</subject>
  </subjects>
  <dates>
      <date dateType="Accepted">2012-08-08</date>
  </dates>
  <resourceType resourceTypeGeneral="Dataset">DataFile</resourceType>
  <relatedIdentifiers>
      <relatedIdentifier relationType="IsPartOf" relatedIdentifierType="DOI">10.5061/DRYAD.5G2S0</relatedIdentifier>
  </relatedIdentifiers>
  <rights>http://creativecommons.org/publicdomain/zero/1.0/</rights>
  <descriptions>
      <description descriptionType="Other"/>
  </descriptions>
</resource></payload></oai_datacite></metadata></record>
