<record xmlns="http://www.openarchives.org/OAI/2.0/" xmlns:xsi="http://www.w3.org/2001/XMLSchema-instance"><header><identifier>oai:oai.datacite.org:1050328</identifier><datestamp>2014-05-29T21:55:18Z</datestamp><setSpec>CDL</setSpec><setSpec>CDL.DRYAD</setSpec></header><metadata><oai_datacite xmlns="http://schema.datacite.org/oai/oai-1.0/" xsi:schemaLocation="http://schema.datacite.org/oai/oai-1.0/ http://schema.datacite.org/oai/oai-1.0/oai.xsd"><isReferenceQuality>false</isReferenceQuality><schemaVersion>2.2</schemaVersion><datacentreSymbol>CDL.DRYAD</datacentreSymbol><payload><resource xmlns="http://datacite.org/schema/kernel-2.2" xmlns:dryad="http://purl.org/dryad/terms/" xmlns:dim="http://www.dspace.org/xmlns/dspace/dim" xmlns:dspace="http://www.dspace.org/xmlns/dspace/dim" xmlns:mets="http://www.loc.gov/METS/" xmlns:xsi="http://www.w3.org/2001/XMLSchema-instance" metadataVersionNumber="1" lastMetadataUpdate="2006-05-04" xsi:schemaLocation="http://datacite.org/schema/kernel-2.2 http://schema.datacite.org/meta/kernel-2.2/metadata.xsd">
  <identifier identifierType="DOI">10.5061/DRYAD.J08JP/3</identifier>
  <creators>
      <creator>
         <creatorName>Lynch, Erin A.</creatorName>
      </creator>
      <creator>
         <creatorName>Langille, Morgan G. I.</creatorName>
      </creator>
      <creator>
         <creatorName>Darling, Aaron</creatorName>
      </creator>
      <creator>
         <creatorName>Wilbanks, Elizabeth G.</creatorName>
      </creator>
      <creator>
         <creatorName>Haltiner, Caitlin</creatorName>
      </creator>
      <creator>
         <creatorName>Shao, Katie S. Y.</creatorName>
      </creator>
      <creator>
         <creatorName>Starr, Michael O.</creatorName>
      </creator>
      <creator>
         <creatorName>Teiling, Clotilde</creatorName>
      </creator>
      <creator>
         <creatorName>Harkins, Timothy T.</creatorName>
      </creator>
      <creator>
         <creatorName>Edwards, Robert A.</creatorName>
      </creator>
      <creator>
         <creatorName>Eisen, Jonathan A.</creatorName>
      </creator>
      <creator>
         <creatorName>Facciotti, Marc T.</creatorName>
      </creator>
      <creator>
         <creatorName>Randau, Lennart</creatorName>
      </creator>
  </creators>
  <titles>
      <title>Dataset S2. Full alignment of Proliferating Cell Nuclear Antigen (PCNA) homologs</title>
  </titles>
  <publisher>Dryad Digital Repository</publisher>
  <publicationYear>2012</publicationYear>
  <dates>
      <date dateType="Accepted">2012-08-08</date>
  </dates>
  <resourceType resourceTypeGeneral="Dataset">DataFile</resourceType>
  <relatedIdentifiers>
      <relatedIdentifier relationType="IsPartOf" relatedIdentifierType="DOI">10.5061/DRYAD.J08JP</relatedIdentifier>
  </relatedIdentifiers>
  <rights>http://creativecommons.org/publicdomain/zero/1.0/</rights>
  <descriptions>
      <description descriptionType="Other"/>
  </descriptions>
</resource></payload></oai_datacite></metadata></record>
