<record xmlns="http://www.openarchives.org/OAI/2.0/" xmlns:xsi="http://www.w3.org/2001/XMLSchema-instance"><header><identifier>oai:oai.datacite.org:1050318</identifier><datestamp>2015-10-19T20:49:17Z</datestamp><setSpec>CDL</setSpec><setSpec>CDL.DRYAD</setSpec></header><metadata><oai_datacite xmlns="http://schema.datacite.org/oai/oai-1.0/" xsi:schemaLocation="http://schema.datacite.org/oai/oai-1.0/ http://schema.datacite.org/oai/oai-1.0/oai.xsd"><isReferenceQuality>false</isReferenceQuality><schemaVersion>2.2</schemaVersion><datacentreSymbol>CDL.DRYAD</datacentreSymbol><payload><resource xmlns="http://datacite.org/schema/kernel-2.2" xmlns:dryad="http://purl.org/dryad/terms/" xmlns:dim="http://www.dspace.org/xmlns/dspace/dim" xmlns:dspace="http://www.dspace.org/xmlns/dspace/dim" xmlns:mets="http://www.loc.gov/METS/" xmlns:xsi="http://www.w3.org/2001/XMLSchema-instance" metadataVersionNumber="1" lastMetadataUpdate="2006-05-04" xsi:schemaLocation="http://datacite.org/schema/kernel-2.2 http://schema.datacite.org/meta/kernel-2.2/metadata.xsd">
  <identifier identifierType="DOI">10.5061/DRYAD.GM367</identifier>
  <creators>
      <creator>
         <creatorName>Bourret, Vincent</creatorName>
      </creator>
      <creator>
         <creatorName>Kent, Matthew P.</creatorName>
      </creator>
      <creator>
         <creatorName>Primmer, Craig R.</creatorName>
      </creator>
      <creator>
         <creatorName>Vasem&#228;gi, Anti</creatorName>
      </creator>
      <creator>
         <creatorName>Karlsson, Sten</creatorName>
      </creator>
      <creator>
         <creatorName>Hindar, Kjetil</creatorName>
      </creator>
      <creator>
         <creatorName>McGinnity, Philip</creatorName>
      </creator>
      <creator>
         <creatorName>Verspoor, Eric</creatorName>
      </creator>
      <creator>
         <creatorName>Bernatchez, Louis</creatorName>
      </creator>
      <creator>
         <creatorName>Lien, Sigbj&#248;rn</creatorName>
      </creator>
  </creators>
  <titles>
      <title>Data from: SNP-array reveals genome wide patterns of geographical and potential adaptive divergence across the natural range of Atlantic salmon (Salmo salar)</title>
  </titles>
  <publisher>Dryad Digital Repository</publisher>
  <publicationYear>2012</publicationYear>
  <subjects>
      <subject>Salmonids</subject>
      <subject>Single Nucleotide Polymorphism</subject>
      <subject>Population Genetics</subject>
      <subject>Conservation</subject>
      <subject>Aquaculture</subject>
      <subject>Selection</subject>
      <subject>Europe</subject>
      <subject>North America</subject>
      <subject>Salmo salar</subject>
  </subjects>
  <resourceType resourceTypeGeneral="Dataset">DataPackage</resourceType>
  <alternateIdentifiers>
      <alternateIdentifier alternateIdentifierType="citation">Bourret V, Kent MP, Primmer CR, Vasem&#228;gi A, Karlsson S, Hindar K, McGinnity P, Verspoor E, Bernatchez L, Lien S (2012) SNP-array reveals genome wide patterns of geographical and potential adaptive divergence across the natural range of Atlantic salmon (Salmo salar). Molecular Ecology 22(3): 532&#8211;551.</alternateIdentifier>
  </alternateIdentifiers>
  <relatedIdentifiers>
      <relatedIdentifier relationType="HasPart" relatedIdentifierType="DOI">10.5061/DRYAD.GM367/1</relatedIdentifier>
      <relatedIdentifier relationType="HasPart" relatedIdentifierType="DOI">10.5061/DRYAD.GM367/2</relatedIdentifier>
      <relatedIdentifier relationType="HasPart" relatedIdentifierType="DOI">10.5061/DRYAD.GM367/3</relatedIdentifier>
      <relatedIdentifier relationType="IsReferencedBy" relatedIdentifierType="DOI">10.1111/MEC.12003</relatedIdentifier>
      <relatedIdentifier relationType="IsReferencedBy" relatedIdentifierType="DOI"/>
  </relatedIdentifiers>
  <rights>http://creativecommons.org/publicdomain/zero/1.0/</rights>
</resource></payload></oai_datacite></metadata></record>
