<record xmlns="http://www.openarchives.org/OAI/2.0/" xmlns:xsi="http://www.w3.org/2001/XMLSchema-instance"><header><identifier>oai:oai.datacite.org:1050338</identifier><datestamp>2014-05-30T01:58:33Z</datestamp><setSpec>CDL</setSpec><setSpec>CDL.DRYAD</setSpec></header><metadata><oai_datacite xmlns="http://schema.datacite.org/oai/oai-1.0/" xsi:schemaLocation="http://schema.datacite.org/oai/oai-1.0/ http://schema.datacite.org/oai/oai-1.0/oai.xsd"><isReferenceQuality>false</isReferenceQuality><schemaVersion>2.2</schemaVersion><datacentreSymbol>CDL.DRYAD</datacentreSymbol><payload><resource xmlns="http://datacite.org/schema/kernel-2.2" xmlns:dryad="http://purl.org/dryad/terms/" xmlns:dim="http://www.dspace.org/xmlns/dspace/dim" xmlns:dspace="http://www.dspace.org/xmlns/dspace/dim" xmlns:mets="http://www.loc.gov/METS/" xmlns:xsi="http://www.w3.org/2001/XMLSchema-instance" metadataVersionNumber="1" lastMetadataUpdate="2006-05-04" xsi:schemaLocation="http://datacite.org/schema/kernel-2.2 http://schema.datacite.org/meta/kernel-2.2/metadata.xsd">
  <identifier identifierType="DOI">10.5061/DRYAD.S11B6</identifier>
  <creators>
      <creator>
         <creatorName>Hamilton, Jill A.</creatorName>
      </creator>
      <creator>
         <creatorName>Lexer, Christian</creatorName>
      </creator>
      <creator>
         <creatorName>Aitken, Sally N.</creatorName>
      </creator>
  </creators>
  <titles>
      <title>Data from: Genomic and phenotypic architecture of a spruce hybrid zone (Picea sitchensis x P. glauca)</title>
  </titles>
  <publisher>Dryad Digital Repository</publisher>
  <publicationYear>2012</publicationYear>
  <subjects>
      <subject>Hybridization</subject>
      <subject>Adaptation</subject>
      <subject>Climate Change</subject>
      <subject>Ecological Genetics</subject>
      <subject>Northwestern British Columbia</subject>
      <subject>Canada</subject>
      <subject>Picea sitchensis</subject>
      <subject>Picea glauca</subject>
  </subjects>
  <resourceType resourceTypeGeneral="Dataset">DataPackage</resourceType>
  <alternateIdentifiers>
      <alternateIdentifier alternateIdentifierType="citation">Hamilton JA, Lexer C, Aitken SN (2012) Genomic and phenotypic architecture of a spruce hybrid zone (Picea sitchensis x P. glauca). Molecular Ecology 22(3): 827&#8211;841.</alternateIdentifier>
  </alternateIdentifiers>
  <relatedIdentifiers>
      <relatedIdentifier relationType="HasPart" relatedIdentifierType="DOI">10.5061/DRYAD.S11B6/1</relatedIdentifier>
      <relatedIdentifier relationType="IsReferencedBy" relatedIdentifierType="DOI">10.1111/MEC.12007</relatedIdentifier>
      <relatedIdentifier relationType="IsReferencedBy" relatedIdentifierType="DOI"/>
  </relatedIdentifiers>
  <rights>http://creativecommons.org/publicdomain/zero/1.0/</rights>
</resource></payload></oai_datacite></metadata></record>
