<record xmlns="http://www.openarchives.org/OAI/2.0/" xmlns:xsi="http://www.w3.org/2001/XMLSchema-instance"><header><identifier>oai:oai.datacite.org:1050345</identifier><datestamp>2014-05-29T22:04:39Z</datestamp><setSpec>CDL</setSpec><setSpec>CDL.DRYAD</setSpec></header><metadata><oai_datacite xmlns="http://schema.datacite.org/oai/oai-1.0/" xsi:schemaLocation="http://schema.datacite.org/oai/oai-1.0/ http://schema.datacite.org/oai/oai-1.0/oai.xsd"><isReferenceQuality>false</isReferenceQuality><schemaVersion>2.2</schemaVersion><datacentreSymbol>CDL.DRYAD</datacentreSymbol><payload><resource xmlns="http://datacite.org/schema/kernel-2.2" xmlns:dryad="http://purl.org/dryad/terms/" xmlns:dim="http://www.dspace.org/xmlns/dspace/dim" xmlns:dspace="http://www.dspace.org/xmlns/dspace/dim" xmlns:mets="http://www.loc.gov/METS/" xmlns:xsi="http://www.w3.org/2001/XMLSchema-instance" metadataVersionNumber="1" lastMetadataUpdate="2006-05-04" xsi:schemaLocation="http://datacite.org/schema/kernel-2.2 http://schema.datacite.org/meta/kernel-2.2/metadata.xsd">
  <identifier identifierType="DOI">10.5061/DRYAD.VS49S/3</identifier>
  <creators>
      <creator>
         <creatorName>Goremykin, Vadim V.</creatorName>
      </creator>
      <creator>
         <creatorName>Nikiforova, Svetlana V.</creatorName>
      </creator>
      <creator>
         <creatorName>Biggs, Patrick J.</creatorName>
      </creator>
      <creator>
         <creatorName>Zhong, Bojian</creatorName>
      </creator>
      <creator>
         <creatorName>deLange, Peter</creatorName>
      </creator>
      <creator>
         <creatorName>Martin, William</creatorName>
      </creator>
      <creator>
         <creatorName>Woetzel, Stefan</creatorName>
      </creator>
      <creator>
         <creatorName>Atherton, Robin A.</creatorName>
      </creator>
      <creator>
         <creatorName>McLenachan, Patricia</creatorName>
      </creator>
      <creator>
         <creatorName>Lockhart, Peter James</creatorName>
      </creator>
  </creators>
  <titles>
      <title>S3</title>
  </titles>
  <publisher>Dryad Digital Repository</publisher>
  <publicationYear>2012</publicationYear>
  <subjects>
      <subject>chloroplast genome</subject>
      <subject>angiosperm origins</subject>
      <subject>base composition heterogeneity</subject>
      <subject>data model fit</subject>
      <subject>topological bias</subject>
      <subject>Trithuria inconspicua</subject>
  </subjects>
  <dates>
      <date dateType="Accepted">2012-08-08</date>
  </dates>
  <resourceType resourceTypeGeneral="Dataset">DataFile</resourceType>
  <relatedIdentifiers>
      <relatedIdentifier relationType="IsPartOf" relatedIdentifierType="DOI">10.5061/DRYAD.VS49S</relatedIdentifier>
  </relatedIdentifiers>
  <rights>http://creativecommons.org/publicdomain/zero/1.0/</rights>
  <descriptions>
      <description descriptionType="Other"/>
  </descriptions>
</resource></payload></oai_datacite></metadata></record>
