<record xmlns="http://www.openarchives.org/OAI/2.0/" xmlns:xsi="http://www.w3.org/2001/XMLSchema-instance"><header><identifier>oai:oai.datacite.org:1050321</identifier><datestamp>2014-05-29T21:56:29Z</datestamp><setSpec>CDL</setSpec><setSpec>CDL.DRYAD</setSpec></header><metadata><oai_datacite xmlns="http://schema.datacite.org/oai/oai-1.0/" xsi:schemaLocation="http://schema.datacite.org/oai/oai-1.0/ http://schema.datacite.org/oai/oai-1.0/oai.xsd"><isReferenceQuality>false</isReferenceQuality><schemaVersion>2.2</schemaVersion><datacentreSymbol>CDL.DRYAD</datacentreSymbol><payload><resource xmlns="http://datacite.org/schema/kernel-2.2" xmlns:dryad="http://purl.org/dryad/terms/" xmlns:dim="http://www.dspace.org/xmlns/dspace/dim" xmlns:dspace="http://www.dspace.org/xmlns/dspace/dim" xmlns:mets="http://www.loc.gov/METS/" xmlns:xsi="http://www.w3.org/2001/XMLSchema-instance" metadataVersionNumber="1" lastMetadataUpdate="2006-05-04" xsi:schemaLocation="http://datacite.org/schema/kernel-2.2 http://schema.datacite.org/meta/kernel-2.2/metadata.xsd">
  <identifier identifierType="DOI">10.5061/DRYAD.GM367/3</identifier>
  <creators>
      <creator>
         <creatorName>Bourret, Vincent</creatorName>
      </creator>
      <creator>
         <creatorName>Kent, Matthew P.</creatorName>
      </creator>
      <creator>
         <creatorName>Primmer, Craig R.</creatorName>
      </creator>
      <creator>
         <creatorName>Vasem&#228;gi, Anti</creatorName>
      </creator>
      <creator>
         <creatorName>Karlsson, Sten</creatorName>
      </creator>
      <creator>
         <creatorName>Hindar, Kjetil</creatorName>
      </creator>
      <creator>
         <creatorName>McGinnity, Philip</creatorName>
      </creator>
      <creator>
         <creatorName>Verspoor, Eric</creatorName>
      </creator>
      <creator>
         <creatorName>Bernatchez, Louis</creatorName>
      </creator>
      <creator>
         <creatorName>Lien, Sigbj&#248;rn</creatorName>
      </creator>
  </creators>
  <titles>
      <title>Barents_Cfit_Input</title>
  </titles>
  <publisher>Dryad Digital Repository</publisher>
  <publicationYear>2012</publicationYear>
  <subjects>
      <subject>Salmonids</subject>
      <subject>Single Nucleotide Polymorphism</subject>
      <subject>Population Genetics</subject>
      <subject>Conservation</subject>
      <subject>Aquaculture</subject>
      <subject>Selection</subject>
      <subject>Europe</subject>
      <subject>Salmo salar</subject>
  </subjects>
  <dates>
      <date dateType="Accepted">2012-08-08</date>
  </dates>
  <resourceType resourceTypeGeneral="Dataset">DataFile</resourceType>
  <relatedIdentifiers>
      <relatedIdentifier relationType="IsPartOf" relatedIdentifierType="DOI">10.5061/DRYAD.GM367</relatedIdentifier>
  </relatedIdentifiers>
  <rights>http://creativecommons.org/publicdomain/zero/1.0/</rights>
  <descriptions>
      <description descriptionType="Other"/>
  </descriptions>
</resource></payload></oai_datacite></metadata></record>
