<record xmlns="http://www.openarchives.org/OAI/2.0/" xmlns:xsi="http://www.w3.org/2001/XMLSchema-instance"><header><identifier>oai:oai.datacite.org:1050336</identifier><datestamp>2014-05-29T21:54:00Z</datestamp><setSpec>CDL</setSpec><setSpec>CDL.DRYAD</setSpec></header><metadata><oai_datacite xmlns="http://schema.datacite.org/oai/oai-1.0/" xsi:schemaLocation="http://schema.datacite.org/oai/oai-1.0/ http://schema.datacite.org/oai/oai-1.0/oai.xsd"><isReferenceQuality>false</isReferenceQuality><schemaVersion>2.2</schemaVersion><datacentreSymbol>CDL.DRYAD</datacentreSymbol><payload><resource xmlns="http://datacite.org/schema/kernel-2.2" xmlns:dryad="http://purl.org/dryad/terms/" xmlns:dim="http://www.dspace.org/xmlns/dspace/dim" xmlns:dspace="http://www.dspace.org/xmlns/dspace/dim" xmlns:mets="http://www.loc.gov/METS/" xmlns:xsi="http://www.w3.org/2001/XMLSchema-instance" metadataVersionNumber="1" lastMetadataUpdate="2006-05-04" xsi:schemaLocation="http://datacite.org/schema/kernel-2.2 http://schema.datacite.org/meta/kernel-2.2/metadata.xsd">
  <identifier identifierType="DOI">10.5061/DRYAD.4411B/4</identifier>
  <creators>
      <creator>
         <creatorName>Zaplata, Markus Klemens</creatorName>
      </creator>
      <creator>
         <creatorName>Winter, Susanne</creatorName>
      </creator>
      <creator>
         <creatorName>Fischer, Anton</creatorName>
      </creator>
      <creator>
         <creatorName>Kollmann, Johannes</creatorName>
      </creator>
      <creator>
         <creatorName>Ulrich, Werner</creatorName>
      </creator>
      <creator>
         <creatorName>Schaaf, Wolfgang</creatorName>
      </creator>
  </creators>
  <titles>
      <title>environment_matrices_SCT-2_1m&#178;+25m&#178;</title>
  </titles>
  <publisher>Dryad Digital Repository</publisher>
  <publicationYear>2012</publicationYear>
  <subjects>
      <subject>Community: dynamics</subject>
      <subject>Community: structure</subject>
      <subject>Community: succession</subject>
      <subject>Ecology: spatial</subject>
      <subject>Methods: time series analysis</subject>
      <subject>Grasslands</subject>
      <subject>Plant</subject>
      <subject>Lusatia</subject>
      <subject>Germany</subject>
      <subject>Anthropocene</subject>
      <subject>Conyza canadenis</subject>
      <subject>Trifolium arvense</subject>
  </subjects>
  <dates>
      <date dateType="Accepted">2012-08-08</date>
  </dates>
  <resourceType resourceTypeGeneral="Dataset">DataFile</resourceType>
  <relatedIdentifiers>
      <relatedIdentifier relationType="IsPartOf" relatedIdentifierType="DOI">10.5061/DRYAD.4411B</relatedIdentifier>
  </relatedIdentifiers>
  <rights>http://creativecommons.org/publicdomain/zero/1.0/</rights>
  <descriptions>
      <description descriptionType="Other"/>
  </descriptions>
</resource></payload></oai_datacite></metadata></record>
