<record xmlns="http://www.openarchives.org/OAI/2.0/" xmlns:xsi="http://www.w3.org/2001/XMLSchema-instance"><header><identifier>oai:oai.datacite.org:1050316</identifier><datestamp>2014-05-29T22:59:37Z</datestamp><setSpec>CDL</setSpec><setSpec>CDL.DRYAD</setSpec></header><metadata><oai_datacite xmlns="http://schema.datacite.org/oai/oai-1.0/" xsi:schemaLocation="http://schema.datacite.org/oai/oai-1.0/ http://schema.datacite.org/oai/oai-1.0/oai.xsd"><isReferenceQuality>false</isReferenceQuality><schemaVersion>2.2</schemaVersion><datacentreSymbol>CDL.DRYAD</datacentreSymbol><payload><resource xmlns="http://datacite.org/schema/kernel-2.2" xmlns:dryad="http://purl.org/dryad/terms/" xmlns:dim="http://www.dspace.org/xmlns/dspace/dim" xmlns:dspace="http://www.dspace.org/xmlns/dspace/dim" xmlns:mets="http://www.loc.gov/METS/" xmlns:xsi="http://www.w3.org/2001/XMLSchema-instance" metadataVersionNumber="1" lastMetadataUpdate="2006-05-04" xsi:schemaLocation="http://datacite.org/schema/kernel-2.2 http://schema.datacite.org/meta/kernel-2.2/metadata.xsd">
  <identifier identifierType="DOI">10.5061/DRYAD.HG6VS</identifier>
  <creators>
      <creator>
         <creatorName>Lotterhos, Katie E.</creatorName>
      </creator>
      <creator>
         <creatorName>Markel, Russell W.</creatorName>
      </creator>
  </creators>
  <titles>
      <title>Data from: Oceanographic drivers of offspring abundance may increase or decrease variance in reproductive success in a temperate marine fish</title>
  </titles>
  <publisher>Dryad Digital Repository</publisher>
  <publicationYear>2012</publicationYear>
  <subjects>
      <subject>Population Genetics - Empirical</subject>
      <subject>Fisheries Management</subject>
      <subject>sweepstakes</subject>
      <subject>sibships</subject>
      <subject>recruitment</subject>
      <subject>parturition</subject>
      <subject>settlement</subject>
      <subject>pelagic larval duration</subject>
      <subject>Pacific Ocean</subject>
      <subject>British Columbia</subject>
      <subject>Vancouver Island</subject>
      <subject>Bamfield</subject>
      <subject>Barkley Sound</subject>
      <subject>2005-2010</subject>
      <subject>Sebastes melanops</subject>
  </subjects>
  <resourceType resourceTypeGeneral="Dataset">DataPackage</resourceType>
  <alternateIdentifiers>
      <alternateIdentifier alternateIdentifierType="citation">Lotterhos KE, Markel RW (2012) Oceanographic drivers of offspring abundance may increase or decrease variance in reproductive success in a temperate marine fish. Molecular Ecology 21(20): 5009&#8211;5026.</alternateIdentifier>
  </alternateIdentifiers>
  <relatedIdentifiers>
      <relatedIdentifier relationType="HasPart" relatedIdentifierType="DOI">10.5061/DRYAD.HG6VS/1</relatedIdentifier>
      <relatedIdentifier relationType="IsReferencedBy" relatedIdentifierType="DOI">10.1111/J.1365-294X.2012.12002.X</relatedIdentifier>
      <relatedIdentifier relationType="IsReferencedBy" relatedIdentifierType="DOI"/>
  </relatedIdentifiers>
  <rights>http://creativecommons.org/publicdomain/zero/1.0/</rights>
</resource></payload></oai_datacite></metadata></record>
