<record xmlns="http://www.openarchives.org/OAI/2.0/" xmlns:xsi="http://www.w3.org/2001/XMLSchema-instance"><header><identifier>oai:oai.datacite.org:1050324</identifier><datestamp>2014-05-29T21:46:44Z</datestamp><setSpec>CDL</setSpec><setSpec>CDL.DRYAD</setSpec></header><metadata><oai_datacite xmlns="http://schema.datacite.org/oai/oai-1.0/" xsi:schemaLocation="http://schema.datacite.org/oai/oai-1.0/ http://schema.datacite.org/oai/oai-1.0/oai.xsd"><isReferenceQuality>false</isReferenceQuality><schemaVersion>2.2</schemaVersion><datacentreSymbol>CDL.DRYAD</datacentreSymbol><payload><resource xmlns="http://datacite.org/schema/kernel-2.2" xmlns:dryad="http://purl.org/dryad/terms/" xmlns:dim="http://www.dspace.org/xmlns/dspace/dim" xmlns:dspace="http://www.dspace.org/xmlns/dspace/dim" xmlns:mets="http://www.loc.gov/METS/" xmlns:xsi="http://www.w3.org/2001/XMLSchema-instance" metadataVersionNumber="1" lastMetadataUpdate="2006-05-04" xsi:schemaLocation="http://datacite.org/schema/kernel-2.2 http://schema.datacite.org/meta/kernel-2.2/metadata.xsd">
  <identifier identifierType="DOI">10.5061/DRYAD.364J2</identifier>
  <creators>
      <creator>
         <creatorName>Goicoechea, Noemi</creatorName>
      </creator>
      <creator>
         <creatorName>Padial, Jose M.</creatorName>
      </creator>
      <creator>
         <creatorName>Chaparro, Juan C.</creatorName>
      </creator>
      <creator>
         <creatorName>Castroviejo-Fisher, Santiago</creatorName>
      </creator>
      <creator>
         <creatorName>De la Riva, Ignacio</creatorName>
      </creator>
  </creators>
  <titles>
      <title>Data from: Molecular phylogenetics, species diversity, and biogeography of the Andean lizards Proctoporus (Squamata: Gymnophthalmidae)</title>
  </titles>
  <publisher>Dryad Digital Repository</publisher>
  <publicationYear>2013</publicationYear>
  <subjects>
      <subject>Molecular phylogenetics</subject>
      <subject>species diversity</subject>
      <subject>lizards</subject>
      <subject>South America</subject>
      <subject>Central America</subject>
      <subject>Andes Mountains</subject>
      <subject>Gymnophthalmidae</subject>
      <subject>Proctoporus</subject>
      <subject>Opipeuter xestus</subject>
      <subject>Euspondylus</subject>
      <subject>P. bolivianus</subject>
  </subjects>
  <resourceType resourceTypeGeneral="Dataset">DataPackage</resourceType>
  <alternateIdentifiers>
      <alternateIdentifier alternateIdentifierType="citation">Goicoechea N, Padial JM, Chaparro JC, Castroviejo-Fisher S, De la Riva I (2012) Molecular phylogenetics, species diversity, and biogeography of the Andean lizards Proctoporus (Squamata: Gymnophthalmidae). Molecular Phylogenetics and Evolution 65(3): 953-964.</alternateIdentifier>
  </alternateIdentifiers>
  <relatedIdentifiers>
      <relatedIdentifier relationType="HasPart" relatedIdentifierType="DOI">10.5061/DRYAD.364J2/1</relatedIdentifier>
      <relatedIdentifier relationType="HasPart" relatedIdentifierType="DOI">10.5061/DRYAD.364J2/2</relatedIdentifier>
      <relatedIdentifier relationType="HasPart" relatedIdentifierType="DOI">10.5061/DRYAD.364J2/3</relatedIdentifier>
      <relatedIdentifier relationType="HasPart" relatedIdentifierType="DOI">10.5061/DRYAD.364J2/4</relatedIdentifier>
      <relatedIdentifier relationType="IsReferencedBy" relatedIdentifierType="DOI">10.1016/J.YMPEV.2012.08.017</relatedIdentifier>
      <relatedIdentifier relationType="IsReferencedBy" relatedIdentifierType="DOI"/>
  </relatedIdentifiers>
  <rights>http://creativecommons.org/publicdomain/zero/1.0/</rights>
</resource></payload></oai_datacite></metadata></record>
