<record xmlns="http://www.openarchives.org/OAI/2.0/" xmlns:xsi="http://www.w3.org/2001/XMLSchema-instance"><header><identifier>oai:oai.datacite.org:1051207</identifier><datestamp>2014-05-29T22:11:31Z</datestamp><setSpec>CDL</setSpec><setSpec>CDL.DRYAD</setSpec></header><metadata><oai_datacite xmlns="http://schema.datacite.org/oai/oai-1.0/" xsi:schemaLocation="http://schema.datacite.org/oai/oai-1.0/ http://schema.datacite.org/oai/oai-1.0/oai.xsd"><isReferenceQuality>false</isReferenceQuality><schemaVersion>2.2</schemaVersion><datacentreSymbol>CDL.DRYAD</datacentreSymbol><payload><resource xmlns="http://datacite.org/schema/kernel-2.2" xmlns:dryad="http://purl.org/dryad/terms/" xmlns:dim="http://www.dspace.org/xmlns/dspace/dim" xmlns:dspace="http://www.dspace.org/xmlns/dspace/dim" xmlns:mets="http://www.loc.gov/METS/" xmlns:xsi="http://www.w3.org/2001/XMLSchema-instance" metadataVersionNumber="1" lastMetadataUpdate="2006-05-04" xsi:schemaLocation="http://datacite.org/schema/kernel-2.2 http://schema.datacite.org/meta/kernel-2.2/metadata.xsd">
  <identifier identifierType="DOI">10.5061/DRYAD.B7F53</identifier>
  <creators>
      <creator>
         <creatorName>Cheng, Lei</creatorName>
      </creator>
      <creator>
         <creatorName>Booker, Fitzgerald L.</creatorName>
      </creator>
      <creator>
         <creatorName>Tu, Cong</creatorName>
      </creator>
      <creator>
         <creatorName>Burkey, Kent O.</creatorName>
      </creator>
      <creator>
         <creatorName>Zhou, Lishi</creatorName>
      </creator>
      <creator>
         <creatorName>Shew, H. David</creatorName>
      </creator>
      <creator>
         <creatorName>Rufty, Thomas W.</creatorName>
      </creator>
      <creator>
         <creatorName>Hu, Shuijin</creatorName>
      </creator>
  </creators>
  <titles>
      <title>Data from: Arbuscular mycorrhizal fungi increase organic carbon decomposition under elevated CO2</title>
  </titles>
  <publisher>Dryad Digital Repository</publisher>
  <publicationYear>2012</publicationYear>
  <subjects>
      <subject>climate change</subject>
      <subject>C cycling</subject>
      <subject>N cycling</subject>
      <subject>arbuscular mycorrhizal fungi</subject>
  </subjects>
  <resourceType resourceTypeGeneral="Dataset">DataPackage</resourceType>
  <alternateIdentifiers>
      <alternateIdentifier alternateIdentifierType="citation">Cheng L, Booker FL, Tu C, Burkey KO, Zhou L, Shew HD, Rufty TW, Hu S (2012) Arbuscular mycorrhizal fungi increase organic carbon decomposition under elevated CO2. Science 337(6098): 1084-1087.</alternateIdentifier>
  </alternateIdentifiers>
  <relatedIdentifiers>
      <relatedIdentifier relationType="HasPart" relatedIdentifierType="DOI">10.5061/DRYAD.B7F53/1</relatedIdentifier>
      <relatedIdentifier relationType="IsReferencedBy" relatedIdentifierType="DOI">10.1126/SCIENCE.1224304</relatedIdentifier>
      <relatedIdentifier relationType="IsReferencedBy" relatedIdentifierType="DOI"/>
  </relatedIdentifiers>
  <rights>http://creativecommons.org/publicdomain/zero/1.0/</rights>
</resource></payload></oai_datacite></metadata></record>
