<record xmlns="http://www.openarchives.org/OAI/2.0/" xmlns:xsi="http://www.w3.org/2001/XMLSchema-instance"><header><identifier>oai:oai.datacite.org:1051203</identifier><datestamp>2015-08-03T06:30:50Z</datestamp><setSpec>CDL</setSpec><setSpec>CDL.DRYAD</setSpec></header><metadata><oai_datacite xmlns="http://schema.datacite.org/oai/oai-1.0/" xsi:schemaLocation="http://schema.datacite.org/oai/oai-1.0/ http://schema.datacite.org/oai/oai-1.0/oai.xsd"><isReferenceQuality>false</isReferenceQuality><schemaVersion>2.2</schemaVersion><datacentreSymbol>CDL.DRYAD</datacentreSymbol><payload><resource xmlns="http://datacite.org/schema/kernel-2.2" xmlns:dryad="http://purl.org/dryad/terms/" xmlns:dim="http://www.dspace.org/xmlns/dspace/dim" xmlns:dspace="http://www.dspace.org/xmlns/dspace/dim" xmlns:mets="http://www.loc.gov/METS/" xmlns:xsi="http://www.w3.org/2001/XMLSchema-instance" metadataVersionNumber="1" lastMetadataUpdate="2006-05-04" xsi:schemaLocation="http://datacite.org/schema/kernel-2.2 http://schema.datacite.org/meta/kernel-2.2/metadata.xsd">
  <identifier identifierType="DOI">10.5061/DRYAD.HJ4T4</identifier>
  <creators>
      <creator>
         <creatorName>Nichols, Hazel J.</creatorName>
      </creator>
      <creator>
         <creatorName>Jordan, Neil R.</creatorName>
      </creator>
      <creator>
         <creatorName>Jamie, Gabriel A.</creatorName>
      </creator>
      <creator>
         <creatorName>Cant, Michael A.</creatorName>
      </creator>
      <creator>
         <creatorName>Hoffman, Joseph I.</creatorName>
      </creator>
  </creators>
  <titles>
      <title>Data from: Fine-scale spatiotemporal patterns of genetic variation reflect budding dispersal coupled with strong natal philopatry in a cooperatively breeding mammal</title>
  </titles>
  <publisher>Dryad Digital Repository</publisher>
  <publicationYear>2012</publicationYear>
  <subjects>
      <subject>Behavior/Social Evolution</subject>
      <subject>Inbreeding</subject>
      <subject>Population Genetics - Empirical</subject>
      <subject>temporal</subject>
      <subject>kin-selection</subject>
      <subject>helping &amp; harming</subject>
      <subject>Queen Elizabeth National Park</subject>
      <subject>Uganda</subject>
      <subject>(0&#176; 120&#8217;S; 27&#176; 540&#8217;E)</subject>
      <subject>Mungos mungo</subject>
  </subjects>
  <resourceType resourceTypeGeneral="Dataset">DataPackage</resourceType>
  <alternateIdentifiers>
      <alternateIdentifier alternateIdentifierType="citation">Nichols HJ, Jordan NR, Jamie GA, Cant MA, Hoffman JI (2012) Fine-scale spatiotemporal patterns of genetic variation reflect budding dispersal coupled with strong natal philopatry in a cooperatively breeding mammal. Molecular Ecology 21(21): 5348&#8211;5362.</alternateIdentifier>
  </alternateIdentifiers>
  <relatedIdentifiers>
      <relatedIdentifier relationType="HasPart" relatedIdentifierType="DOI">10.5061/DRYAD.HJ4T4/1</relatedIdentifier>
      <relatedIdentifier relationType="IsReferencedBy" relatedIdentifierType="DOI">10.1111/MEC.12015</relatedIdentifier>
      <relatedIdentifier relationType="IsReferencedBy" relatedIdentifierType="DOI"/>
  </relatedIdentifiers>
  <rights>http://creativecommons.org/publicdomain/zero/1.0/</rights>
</resource></payload></oai_datacite></metadata></record>
