<record xmlns="http://www.openarchives.org/OAI/2.0/" xmlns:xsi="http://www.w3.org/2001/XMLSchema-instance"><header><identifier>oai:oai.datacite.org:1051146</identifier><datestamp>2014-05-29T21:39:54Z</datestamp><setSpec>CDL</setSpec><setSpec>CDL.DRYAD</setSpec></header><metadata><oai_datacite xmlns="http://schema.datacite.org/oai/oai-1.0/" xsi:schemaLocation="http://schema.datacite.org/oai/oai-1.0/ http://schema.datacite.org/oai/oai-1.0/oai.xsd"><isReferenceQuality>false</isReferenceQuality><schemaVersion>2.2</schemaVersion><datacentreSymbol>CDL.DRYAD</datacentreSymbol><payload><resource xmlns="http://datacite.org/schema/kernel-2.2" xmlns:dryad="http://purl.org/dryad/terms/" xmlns:dim="http://www.dspace.org/xmlns/dspace/dim" xmlns:dspace="http://www.dspace.org/xmlns/dspace/dim" xmlns:mets="http://www.loc.gov/METS/" xmlns:xsi="http://www.w3.org/2001/XMLSchema-instance" metadataVersionNumber="1" lastMetadataUpdate="2006-05-04" xsi:schemaLocation="http://datacite.org/schema/kernel-2.2 http://schema.datacite.org/meta/kernel-2.2/metadata.xsd">
  <identifier identifierType="DOI">10.5061/DRYAD.7KD15</identifier>
  <creators>
      <creator>
         <creatorName>Hess, Maureen A.</creatorName>
      </creator>
      <creator>
         <creatorName>Rhydderch, James G.</creatorName>
      </creator>
      <creator>
         <creatorName>LeClair, Larry L.</creatorName>
      </creator>
      <creator>
         <creatorName>Buckley, Raymond M.</creatorName>
      </creator>
      <creator>
         <creatorName>Kawase, Mitsuhiro</creatorName>
      </creator>
      <creator>
         <creatorName>Hauser, Lorenz</creatorName>
      </creator>
  </creators>
  <titles>
      <title>Data from: Estimation of genotyping error rate from repeat genotyping, unintentional recaptures and known parent-offspring comparisons in 16 microsatellite loci for brown rockfish (Sebastes auriculatus)</title>
  </titles>
  <publisher>Dryad Digital Repository</publisher>
  <publicationYear>2012</publicationYear>
  <subjects>
      <subject>Ecological Genetics</subject>
      <subject>Fish</subject>
      <subject>Landscape Genetics</subject>
      <subject>Population Genetics - Empirical</subject>
      <subject>Puget Sound</subject>
      <subject>Washington State</subject>
      <subject>USA</subject>
      <subject>Sebastes auriculatus</subject>
  </subjects>
  <resourceType resourceTypeGeneral="Dataset">DataPackage</resourceType>
  <alternateIdentifiers>
      <alternateIdentifier alternateIdentifierType="citation">Hess M, Rhydderch J, LeClair L, Buckley R, Kawase M, Hauser L (2012) Estimation of genotyping error rate from repeat genotyping, unintentional recaptures and known parent-offspring comparisons in 16 microsatellite loci for brown rockfish (Sebastes auriculatus). Molecular Ecology Resources 12(6): 1114&#8211;1123.</alternateIdentifier>
  </alternateIdentifiers>
  <relatedIdentifiers>
      <relatedIdentifier relationType="HasPart" relatedIdentifierType="DOI">10.5061/DRYAD.7KD15/1</relatedIdentifier>
      <relatedIdentifier relationType="HasPart" relatedIdentifierType="DOI">10.5061/DRYAD.7KD15/2</relatedIdentifier>
      <relatedIdentifier relationType="HasPart" relatedIdentifierType="DOI">10.5061/DRYAD.7KD15/3</relatedIdentifier>
      <relatedIdentifier relationType="IsReferencedBy" relatedIdentifierType="DOI">10.1111/1755-0998.12002</relatedIdentifier>
      <relatedIdentifier relationType="IsReferencedBy" relatedIdentifierType="DOI"/>
  </relatedIdentifiers>
  <rights>http://creativecommons.org/publicdomain/zero/1.0/</rights>
</resource></payload></oai_datacite></metadata></record>
