<record xmlns="http://www.openarchives.org/OAI/2.0/" xmlns:xsi="http://www.w3.org/2001/XMLSchema-instance"><header><identifier>oai:oai.datacite.org:1051181</identifier><datestamp>2014-05-29T22:00:44Z</datestamp><setSpec>CDL</setSpec><setSpec>CDL.DRYAD</setSpec></header><metadata><oai_datacite xmlns="http://schema.datacite.org/oai/oai-1.0/" xsi:schemaLocation="http://schema.datacite.org/oai/oai-1.0/ http://schema.datacite.org/oai/oai-1.0/oai.xsd"><isReferenceQuality>false</isReferenceQuality><schemaVersion>2.2</schemaVersion><datacentreSymbol>CDL.DRYAD</datacentreSymbol><payload><resource xmlns="http://datacite.org/schema/kernel-2.2" xmlns:dryad="http://purl.org/dryad/terms/" xmlns:dim="http://www.dspace.org/xmlns/dspace/dim" xmlns:dspace="http://www.dspace.org/xmlns/dspace/dim" xmlns:mets="http://www.loc.gov/METS/" xmlns:xsi="http://www.w3.org/2001/XMLSchema-instance" metadataVersionNumber="1" lastMetadataUpdate="2006-05-04" xsi:schemaLocation="http://datacite.org/schema/kernel-2.2 http://schema.datacite.org/meta/kernel-2.2/metadata.xsd">
  <identifier identifierType="DOI">10.5061/DRYAD.5F4D8</identifier>
  <creators>
      <creator>
         <creatorName>Wearmouth, Victoria</creatorName>
      </creator>
      <creator>
         <creatorName>Southall, Emily</creatorName>
      </creator>
      <creator>
         <creatorName>Morritt, David</creatorName>
      </creator>
      <creator>
         <creatorName>Thompson, Richard C.</creatorName>
      </creator>
      <creator>
         <creatorName>Cuthill, Innes</creatorName>
      </creator>
      <creator>
         <creatorName>Partridge, Julian</creatorName>
      </creator>
      <creator>
         <creatorName>Sims, David W.</creatorName>
      </creator>
  </creators>
  <titles>
      <title>Data from: Year-round sexual harassment as a behavioral mediator of vertebrate population dynamics</title>
  </titles>
  <publisher>Dryad Digital Repository</publisher>
  <publicationYear>2012</publicationYear>
  <subjects>
      <subject>behavior</subject>
      <subject>dimorphism</subject>
      <subject>elasmobranch</subject>
      <subject>habitat and social segregation</subject>
      <subject>mammal</subject>
      <subject>sex</subject>
      <subject>sexual conflict</subject>
      <subject>shark</subject>
      <subject>small-spotted catshark</subject>
      <subject>telemetry</subject>
      <subject>Western Atlantic</subject>
      <subject>Scyliorhinus canicula</subject>
  </subjects>
  <resourceType resourceTypeGeneral="Dataset">DataPackage</resourceType>
  <alternateIdentifiers>
      <alternateIdentifier alternateIdentifierType="citation">Wearmouth V, Southall E, Morritt D, Thompson RC, Cuthill I, Partridge J, Sims DW (2012) Year-round sexual harassment as a behavioral mediator of vertebrate population dynamics. Ecological Monographs 82(3): 351&#8211;366.</alternateIdentifier>
  </alternateIdentifiers>
  <relatedIdentifiers>
      <relatedIdentifier relationType="HasPart" relatedIdentifierType="DOI">10.5061/DRYAD.5F4D8/1</relatedIdentifier>
      <relatedIdentifier relationType="IsReferencedBy" relatedIdentifierType="DOI">10.1890/11-2052.1</relatedIdentifier>
  </relatedIdentifiers>
  <rights>http://creativecommons.org/publicdomain/zero/1.0/</rights>
</resource></payload></oai_datacite></metadata></record>
