<record xmlns="http://www.openarchives.org/OAI/2.0/" xmlns:xsi="http://www.w3.org/2001/XMLSchema-instance"><header><identifier>oai:oai.datacite.org:1051248</identifier><datestamp>2014-05-29T21:36:47Z</datestamp><setSpec>CDL</setSpec><setSpec>CDL.DRYAD</setSpec></header><metadata><oai_datacite xmlns="http://schema.datacite.org/oai/oai-1.0/" xsi:schemaLocation="http://schema.datacite.org/oai/oai-1.0/ http://schema.datacite.org/oai/oai-1.0/oai.xsd"><isReferenceQuality>false</isReferenceQuality><schemaVersion>2.2</schemaVersion><datacentreSymbol>CDL.DRYAD</datacentreSymbol><payload><resource xmlns="http://datacite.org/schema/kernel-2.2" xmlns:dryad="http://purl.org/dryad/terms/" xmlns:dim="http://www.dspace.org/xmlns/dspace/dim" xmlns:dspace="http://www.dspace.org/xmlns/dspace/dim" xmlns:mets="http://www.loc.gov/METS/" xmlns:xsi="http://www.w3.org/2001/XMLSchema-instance" metadataVersionNumber="1" lastMetadataUpdate="2006-05-04" xsi:schemaLocation="http://datacite.org/schema/kernel-2.2 http://schema.datacite.org/meta/kernel-2.2/metadata.xsd">
  <identifier identifierType="DOI">10.5061/DRYAD.8H5P7P00/1</identifier>
  <creators>
      <creator>
         <creatorName>Laetsch, Dominik R.</creatorName>
      </creator>
      <creator>
         <creatorName>Heitlinger, Emanuel G.</creatorName>
      </creator>
      <creator>
         <creatorName>Taraschewski, Horst</creatorName>
      </creator>
      <creator>
         <creatorName>Nadler, Steven A.</creatorName>
      </creator>
      <creator>
         <creatorName>Blaxter, Mark L.</creatorName>
      </creator>
  </creators>
  <titles>
      <title>Phylogeny of the Anguillicolidae Supplementary Data</title>
  </titles>
  <publisher>Dryad Digital Repository</publisher>
  <publicationYear>2012</publicationYear>
  <subjects>
      <subject>Anguillicola</subject>
      <subject>Anguillicoloides</subject>
      <subject>invasive</subject>
      <subject>host switch</subject>
      <subject>cryptic species</subject>
      <subject>DNA-taxonomy</subject>
      <subject>barcoding</subject>
      <subject>Holocene</subject>
      <subject>Anguillicolla crassus</subject>
      <subject>Anguillicola papernai</subject>
      <subject>Anguillicola novaezelandiae</subject>
      <subject>Anguillicola globiceps</subject>
      <subject>Anguillicola australiensis</subject>
  </subjects>
  <dates>
      <date dateType="Accepted">2012-08-11</date>
  </dates>
  <resourceType resourceTypeGeneral="Dataset">DataFile</resourceType>
  <relatedIdentifiers>
      <relatedIdentifier relationType="IsPartOf" relatedIdentifierType="DOI">10.5061/DRYAD.8H5P7P00</relatedIdentifier>
  </relatedIdentifiers>
  <rights>http://creativecommons.org/publicdomain/zero/1.0/</rights>
  <descriptions>
      <description descriptionType="Other"/>
  </descriptions>
</resource></payload></oai_datacite></metadata></record>
