<record xmlns="http://www.openarchives.org/OAI/2.0/" xmlns:xsi="http://www.w3.org/2001/XMLSchema-instance"><header><identifier>oai:oai.datacite.org:1051452</identifier><datestamp>2014-05-29T21:58:03Z</datestamp><setSpec>CDL</setSpec><setSpec>CDL.DRYAD</setSpec></header><metadata><oai_datacite xmlns="http://schema.datacite.org/oai/oai-1.0/" xsi:schemaLocation="http://schema.datacite.org/oai/oai-1.0/ http://schema.datacite.org/oai/oai-1.0/oai.xsd"><isReferenceQuality>false</isReferenceQuality><schemaVersion>2.2</schemaVersion><datacentreSymbol>CDL.DRYAD</datacentreSymbol><payload><resource xmlns="http://datacite.org/schema/kernel-2.2" xmlns:dryad="http://purl.org/dryad/terms/" xmlns:dim="http://www.dspace.org/xmlns/dspace/dim" xmlns:dspace="http://www.dspace.org/xmlns/dspace/dim" xmlns:mets="http://www.loc.gov/METS/" xmlns:xsi="http://www.w3.org/2001/XMLSchema-instance" metadataVersionNumber="1" lastMetadataUpdate="2006-05-04" xsi:schemaLocation="http://datacite.org/schema/kernel-2.2 http://schema.datacite.org/meta/kernel-2.2/metadata.xsd">
  <identifier identifierType="DOI">10.5061/DRYAD.3T3N7/17</identifier>
  <creators>
      <creator>
         <creatorName>Vijay, Nagarjun</creatorName>
      </creator>
      <creator>
         <creatorName>Poelstra, Jelmer W.</creatorName>
      </creator>
      <creator>
         <creatorName>K&#252;nstner, Axel</creatorName>
      </creator>
      <creator>
         <creatorName>Wolf, Jochen B. W.</creatorName>
      </creator>
  </creators>
  <titles>
      <title>Distributions</title>
  </titles>
  <publisher>Dryad Digital Repository</publisher>
  <publicationYear>2012</publicationYear>
  <subjects>
      <subject>Bioinfomatics/Phyloinfomatics</subject>
      <subject>Transcriptomics</subject>
      <subject>Ecological Genetics</subject>
      <subject>Gene Structure and Function</subject>
      <subject>Genomics/Proteomics</subject>
      <subject>Molecular Evolution</subject>
  </subjects>
  <dates>
      <date dateType="Accepted">2012-08-13</date>
  </dates>
  <resourceType resourceTypeGeneral="Dataset">DataFile</resourceType>
  <relatedIdentifiers>
      <relatedIdentifier relationType="IsPartOf" relatedIdentifierType="DOI">10.5061/DRYAD.3T3N7</relatedIdentifier>
  </relatedIdentifiers>
  <rights>http://creativecommons.org/publicdomain/zero/1.0/</rights>
  <descriptions>
      <description descriptionType="Other"/>
  </descriptions>
</resource></payload></oai_datacite></metadata></record>
