<record xmlns="http://www.openarchives.org/OAI/2.0/" xmlns:xsi="http://www.w3.org/2001/XMLSchema-instance"><header><identifier>oai:oai.datacite.org:1051150</identifier><datestamp>2015-08-21T04:17:13Z</datestamp><setSpec>CDL</setSpec><setSpec>CDL.DRYAD</setSpec></header><metadata><oai_datacite xmlns="http://schema.datacite.org/oai/oai-1.0/" xsi:schemaLocation="http://schema.datacite.org/oai/oai-1.0/ http://schema.datacite.org/oai/oai-1.0/oai.xsd"><isReferenceQuality>false</isReferenceQuality><schemaVersion>2.2</schemaVersion><datacentreSymbol>CDL.DRYAD</datacentreSymbol><payload><resource xmlns="http://datacite.org/schema/kernel-2.2" xmlns:dryad="http://purl.org/dryad/terms/" xmlns:dim="http://www.dspace.org/xmlns/dspace/dim" xmlns:dspace="http://www.dspace.org/xmlns/dspace/dim" xmlns:mets="http://www.loc.gov/METS/" xmlns:xsi="http://www.w3.org/2001/XMLSchema-instance" metadataVersionNumber="1" lastMetadataUpdate="2006-05-04" xsi:schemaLocation="http://datacite.org/schema/kernel-2.2 http://schema.datacite.org/meta/kernel-2.2/metadata.xsd">
  <identifier identifierType="DOI">10.5061/DRYAD.8V684</identifier>
  <creators>
      <creator>
         <creatorName>Lutz, Brian D.</creatorName>
      </creator>
      <creator>
         <creatorName>Mulholland, Patrick J.</creatorName>
      </creator>
      <creator>
         <creatorName>Bernhardt, Emily S.</creatorName>
      </creator>
      <creator>
         <creatorName>Lutz, Brian D.</creatorName>
      </creator>
      <creator>
         <creatorName>Mulholland, Patrick J.</creatorName>
      </creator>
      <creator>
         <creatorName>Bernhardt, Emily S.</creatorName>
      </creator>
  </creators>
  <titles>
      <title>Data from: Long-term data reveal patterns and controls on streamwater chemistry in a forested stream: Walker Branch, Tennessee</title>
  </titles>
  <publisher>Dryad Digital Repository</publisher>
  <publicationYear>2012</publicationYear>
  <resourceType resourceTypeGeneral="Dataset">DataPackage</resourceType>
  <alternateIdentifiers>
      <alternateIdentifier alternateIdentifierType="citation">Lutz BD, Mulholland PJ, Bernhardt ES (2012) Long-term data reveal patterns and controls on streamwater chemistry in a forested stream: Walker Branch, Tennessee. Ecological Monographs 82(3): 367&#8211;387.</alternateIdentifier>
  </alternateIdentifiers>
  <relatedIdentifiers>
      <relatedIdentifier relationType="HasPart" relatedIdentifierType="DOI">10.5061/DRYAD.8V684/1</relatedIdentifier>
      <relatedIdentifier relationType="HasPart" relatedIdentifierType="DOI">10.5061/DRYAD.8V684/2</relatedIdentifier>
      <relatedIdentifier relationType="IsReferencedBy" relatedIdentifierType="DOI">10.1890/11-1129.1</relatedIdentifier>
  </relatedIdentifiers>
  <rights>http://creativecommons.org/publicdomain/zero/1.0/</rights>
</resource></payload></oai_datacite></metadata></record>
