<record xmlns="http://www.openarchives.org/OAI/2.0/" xmlns:xsi="http://www.w3.org/2001/XMLSchema-instance"><header><identifier>oai:oai.datacite.org:1051204</identifier><datestamp>2015-08-03T06:30:48Z</datestamp><setSpec>CDL</setSpec><setSpec>CDL.DRYAD</setSpec></header><metadata><oai_datacite xmlns="http://schema.datacite.org/oai/oai-1.0/" xsi:schemaLocation="http://schema.datacite.org/oai/oai-1.0/ http://schema.datacite.org/oai/oai-1.0/oai.xsd"><isReferenceQuality>false</isReferenceQuality><schemaVersion>2.2</schemaVersion><datacentreSymbol>CDL.DRYAD</datacentreSymbol><payload><resource xmlns="http://datacite.org/schema/kernel-2.2" xmlns:dryad="http://purl.org/dryad/terms/" xmlns:dim="http://www.dspace.org/xmlns/dspace/dim" xmlns:dspace="http://www.dspace.org/xmlns/dspace/dim" xmlns:mets="http://www.loc.gov/METS/" xmlns:xsi="http://www.w3.org/2001/XMLSchema-instance" metadataVersionNumber="1" lastMetadataUpdate="2006-05-04" xsi:schemaLocation="http://datacite.org/schema/kernel-2.2 http://schema.datacite.org/meta/kernel-2.2/metadata.xsd">
  <identifier identifierType="DOI">10.5061/DRYAD.HJ4T4/1</identifier>
  <creators>
      <creator>
         <creatorName>Nichols, Hazel J.</creatorName>
      </creator>
      <creator>
         <creatorName>Jordan, Neil R.</creatorName>
      </creator>
      <creator>
         <creatorName>Jamie, Gabriel A.</creatorName>
      </creator>
      <creator>
         <creatorName>Cant, Michael A.</creatorName>
      </creator>
      <creator>
         <creatorName>Hoffman, Joseph I.</creatorName>
      </creator>
  </creators>
  <titles>
      <title>Life-history data and genotypes of a population of banded mongooses in Western Uganda</title>
  </titles>
  <publisher>Dryad Digital Repository</publisher>
  <publicationYear>2012</publicationYear>
  <subjects>
      <subject>Behavior/Social Evolution</subject>
      <subject>Inbreeding</subject>
      <subject>Population Genetics - Empirical</subject>
      <subject>temporal</subject>
      <subject>kin-selection</subject>
      <subject>helping &amp; harming</subject>
      <subject>Queen Elizabeth National Park</subject>
      <subject>Uganda</subject>
      <subject>(0&#176; 120&#8217;S; 27&#176; 540&#8217;E)</subject>
      <subject>Mungos mungo</subject>
  </subjects>
  <dates>
      <date dateType="Accepted">2012-08-10</date>
  </dates>
  <resourceType resourceTypeGeneral="Dataset">DataFile</resourceType>
  <relatedIdentifiers>
      <relatedIdentifier relationType="IsPartOf" relatedIdentifierType="DOI">10.5061/DRYAD.HJ4T4</relatedIdentifier>
  </relatedIdentifiers>
  <sizes>
      <size>150756 bytes</size>
  </sizes>
  <rights>http://creativecommons.org/publicdomain/zero/1.0/</rights>
  <descriptions>
      <description descriptionType="Other">Life-history data on a population of banded mongooses including the sex, group of birth (social group) and year of birth for each individual (one individual per row), followed by the 14-locus genotype of each individual. Genotypes are given in two columns per locus, one representing each allele. Genotype columns are labelled with the name of the locus followed by 'a' or 'b', representing the first and second alleles. Zeros indicate cases where genotyping failed.</description>
  </descriptions>
</resource></payload></oai_datacite></metadata></record>
