<record xmlns="http://www.openarchives.org/OAI/2.0/" xmlns:xsi="http://www.w3.org/2001/XMLSchema-instance"><header><identifier>oai:oai.datacite.org:1051008</identifier><datestamp>2014-05-29T21:57:15Z</datestamp><setSpec>CDL</setSpec><setSpec>CDL.DRYAD</setSpec></header><metadata><oai_datacite xmlns="http://schema.datacite.org/oai/oai-1.0/" xsi:schemaLocation="http://schema.datacite.org/oai/oai-1.0/ http://schema.datacite.org/oai/oai-1.0/oai.xsd"><isReferenceQuality>false</isReferenceQuality><schemaVersion>2.2</schemaVersion><datacentreSymbol>CDL.DRYAD</datacentreSymbol><payload><resource xmlns="http://datacite.org/schema/kernel-2.2" xmlns:dryad="http://purl.org/dryad/terms/" xmlns:dim="http://www.dspace.org/xmlns/dspace/dim" xmlns:dspace="http://www.dspace.org/xmlns/dspace/dim" xmlns:mets="http://www.loc.gov/METS/" xmlns:xsi="http://www.w3.org/2001/XMLSchema-instance" metadataVersionNumber="1" lastMetadataUpdate="2006-05-04" xsi:schemaLocation="http://datacite.org/schema/kernel-2.2 http://schema.datacite.org/meta/kernel-2.2/metadata.xsd">
  <identifier identifierType="DOI">10.5061/DRYAD.41H46J37/1</identifier>
  <creators>
      <creator>
         <creatorName>Traor&#233;, Amadou</creatorName>
      </creator>
      <creator>
         <creatorName>&#193;lvarez, Isabel</creatorName>
      </creator>
      <creator>
         <creatorName>Fern&#225;ndez, Iv&#225;n</creatorName>
      </creator>
      <creator>
         <creatorName>P&#233;rez-Pardal, Luc&#237;a</creatorName>
      </creator>
      <creator>
         <creatorName>Kabor&#233;, Adama</creatorName>
      </creator>
      <creator>
         <creatorName>Ou&#233;draogo-Sanou, Gis&#232;lle M. S.</creatorName>
      </creator>
      <creator>
         <creatorName>Zar&#233;, Yacouba</creatorName>
      </creator>
      <creator>
         <creatorName>Tambour&#225;, Hamidou H.</creatorName>
      </creator>
      <creator>
         <creatorName>Goyache, F&#233;lix</creatorName>
      </creator>
  </creators>
  <titles>
      <title>Data Traor&#233; et al. (2012) BMC Genetics</title>
  </titles>
  <publisher>Dryad Digital Repository</publisher>
  <publicationYear>2012</publicationYear>
  <subjects>
      <subject>Goat</subject>
      <subject>desertization</subject>
      <subject>microsatellites</subject>
      <subject>Burkina Faso</subject>
      <subject>West Africa</subject>
      <subject>Sahel</subject>
      <subject>Present</subject>
      <subject>Capra hircus</subject>
  </subjects>
  <dates>
      <date dateType="Accepted">2012-08-09</date>
  </dates>
  <resourceType resourceTypeGeneral="Dataset">DataFile</resourceType>
  <relatedIdentifiers>
      <relatedIdentifier relationType="IsPartOf" relatedIdentifierType="DOI">10.5061/DRYAD.41H46J37</relatedIdentifier>
  </relatedIdentifiers>
  <rights>http://creativecommons.org/publicdomain/zero/1.0/</rights>
  <descriptions>
      <description descriptionType="Other"/>
  </descriptions>
</resource></payload></oai_datacite></metadata></record>
