<record xmlns="http://www.openarchives.org/OAI/2.0/" xmlns:xsi="http://www.w3.org/2001/XMLSchema-instance"><header><identifier>oai:oai.datacite.org:1051153</identifier><datestamp>2014-05-30T00:08:56Z</datestamp><setSpec>CDL</setSpec><setSpec>CDL.DRYAD</setSpec></header><metadata><oai_datacite xmlns="http://schema.datacite.org/oai/oai-1.0/" xsi:schemaLocation="http://schema.datacite.org/oai/oai-1.0/ http://schema.datacite.org/oai/oai-1.0/oai.xsd"><isReferenceQuality>false</isReferenceQuality><schemaVersion>2.2</schemaVersion><datacentreSymbol>CDL.DRYAD</datacentreSymbol><payload><resource xmlns="http://datacite.org/schema/kernel-2.2" xmlns:dryad="http://purl.org/dryad/terms/" xmlns:dim="http://www.dspace.org/xmlns/dspace/dim" xmlns:dspace="http://www.dspace.org/xmlns/dspace/dim" xmlns:mets="http://www.loc.gov/METS/" xmlns:xsi="http://www.w3.org/2001/XMLSchema-instance" metadataVersionNumber="1" lastMetadataUpdate="2006-05-04" xsi:schemaLocation="http://datacite.org/schema/kernel-2.2 http://schema.datacite.org/meta/kernel-2.2/metadata.xsd">
  <identifier identifierType="DOI">10.5061/DRYAD.1CQ8N52H</identifier>
  <creators>
      <creator>
         <creatorName>Olivero, Jes&#250;s</creatorName>
      </creator>
      <creator>
         <creatorName>M&#225;rquez, Ana L.</creatorName>
      </creator>
      <creator>
         <creatorName>Real, Raimundo</creatorName>
      </creator>
  </creators>
  <titles>
      <title>Data from:  Integrating fuzzy logic and statistics to improve reliabile definition of biogeographic regions and transition zones</title>
  </titles>
  <publisher>Dryad Digital Repository</publisher>
  <publicationYear>2012</publicationYear>
  <subjects>
      <subject>biodiversity</subject>
      <subject>biological geography</subject>
      <subject>biogeographical regionalization</subject>
      <subject>species composition</subject>
      <subject>fuzzy boundaries</subject>
      <subject>fuzzy sets</subject>
      <subject>amphibians</subject>
      <subject>Mediterranean Region</subject>
      <subject>Amphibia</subject>
  </subjects>
  <resourceType resourceTypeGeneral="Dataset">DataPackage</resourceType>
  <alternateIdentifiers>
      <alternateIdentifier alternateIdentifierType="citation">Olivero J, M&#225;rquez AL, Real R (2012) Integrating fuzzy logic and statistics to improve reliabile definition of biogeographic regions and transition zones. Systemaitc Biology 62(1): 1-21.</alternateIdentifier>
  </alternateIdentifiers>
  <relatedIdentifiers>
      <relatedIdentifier relationType="HasPart" relatedIdentifierType="DOI">10.5061/DRYAD.1CQ8N52H/1</relatedIdentifier>
      <relatedIdentifier relationType="IsReferencedBy" relatedIdentifierType="DOI">10.1093/SYSBIO/SYS061</relatedIdentifier>
      <relatedIdentifier relationType="IsReferencedBy" relatedIdentifierType="DOI"/>
  </relatedIdentifiers>
  <rights>http://creativecommons.org/publicdomain/zero/1.0/</rights>
</resource></payload></oai_datacite></metadata></record>
