<record xmlns="http://www.openarchives.org/OAI/2.0/" xmlns:xsi="http://www.w3.org/2001/XMLSchema-instance"><header><identifier>oai:oai.datacite.org:1051243</identifier><datestamp>2014-05-29T21:52:12Z</datestamp><setSpec>CDL</setSpec><setSpec>CDL.DRYAD</setSpec></header><metadata><oai_datacite xmlns="http://schema.datacite.org/oai/oai-1.0/" xsi:schemaLocation="http://schema.datacite.org/oai/oai-1.0/ http://schema.datacite.org/oai/oai-1.0/oai.xsd"><isReferenceQuality>false</isReferenceQuality><schemaVersion>2.2</schemaVersion><datacentreSymbol>CDL.DRYAD</datacentreSymbol><payload><resource xmlns="http://datacite.org/schema/kernel-2.2" xmlns:dryad="http://purl.org/dryad/terms/" xmlns:dim="http://www.dspace.org/xmlns/dspace/dim" xmlns:dspace="http://www.dspace.org/xmlns/dspace/dim" xmlns:mets="http://www.loc.gov/METS/" xmlns:xsi="http://www.w3.org/2001/XMLSchema-instance" metadataVersionNumber="1" lastMetadataUpdate="2006-05-04" xsi:schemaLocation="http://datacite.org/schema/kernel-2.2 http://schema.datacite.org/meta/kernel-2.2/metadata.xsd">
  <identifier identifierType="DOI">10.5061/DRYAD.29DS0</identifier>
  <creators>
      <creator>
         <creatorName>Vollmer, Nicole L.</creatorName>
      </creator>
      <creator>
         <creatorName>Rosel, Patricia E.</creatorName>
      </creator>
  </creators>
  <titles>
      <title>Data from: Developing genomic resources for the common bottlenose dolphin (Tursiops truncatus): isolation and characterisation of 153 single nucleotide polymorphisms and 53 genotyping assays</title>
  </titles>
  <publisher>Dryad Digital Repository</publisher>
  <publicationYear>2012</publicationYear>
  <subjects>
      <subject>CATS loci</subject>
      <subject>cetacean</subject>
      <subject>Conservation Genetics</subject>
      <subject>SNP discovery</subject>
      <subject>TaqMan&#174; Assays</subject>
      <subject>targeted gene approach</subject>
      <subject>Gulf of Mexico</subject>
      <subject>western North Atlantic</subject>
      <subject>Tursiops truncatus</subject>
  </subjects>
  <resourceType resourceTypeGeneral="Dataset">DataPackage</resourceType>
  <alternateIdentifiers>
      <alternateIdentifier alternateIdentifierType="citation">Vollmer NL, Rosel PE (2012) Developing genomic resources for the common bottlenose dolphin (Tursiops truncatus): isolation and characterisation of 153 single nucleotide polymorphisms and 53 genotyping assays. Molecular Ecology Resources 12(6): 1124&#8211;1132.</alternateIdentifier>
  </alternateIdentifiers>
  <relatedIdentifiers>
      <relatedIdentifier relationType="HasPart" relatedIdentifierType="DOI">10.5061/DRYAD.29DS0/1</relatedIdentifier>
      <relatedIdentifier relationType="HasPart" relatedIdentifierType="DOI">10.5061/DRYAD.29DS0/2</relatedIdentifier>
      <relatedIdentifier relationType="HasPart" relatedIdentifierType="DOI">10.5061/DRYAD.29DS0/3</relatedIdentifier>
      <relatedIdentifier relationType="IsReferencedBy" relatedIdentifierType="DOI">10.1111/1755-0998.12008</relatedIdentifier>
      <relatedIdentifier relationType="IsReferencedBy" relatedIdentifierType="DOI"/>
  </relatedIdentifiers>
  <rights>http://creativecommons.org/publicdomain/zero/1.0/</rights>
</resource></payload></oai_datacite></metadata></record>
