<record xmlns="http://www.openarchives.org/OAI/2.0/" xmlns:xsi="http://www.w3.org/2001/XMLSchema-instance"><header><identifier>oai:oai.datacite.org:1051145</identifier><datestamp>2014-05-29T22:04:43Z</datestamp><setSpec>CDL</setSpec><setSpec>CDL.DRYAD</setSpec></header><metadata><oai_datacite xmlns="http://schema.datacite.org/oai/oai-1.0/" xsi:schemaLocation="http://schema.datacite.org/oai/oai-1.0/ http://schema.datacite.org/oai/oai-1.0/oai.xsd"><isReferenceQuality>false</isReferenceQuality><schemaVersion>2.2</schemaVersion><datacentreSymbol>CDL.DRYAD</datacentreSymbol><payload><resource xmlns="http://datacite.org/schema/kernel-2.2" xmlns:dryad="http://purl.org/dryad/terms/" xmlns:dim="http://www.dspace.org/xmlns/dspace/dim" xmlns:dspace="http://www.dspace.org/xmlns/dspace/dim" xmlns:mets="http://www.loc.gov/METS/" xmlns:xsi="http://www.w3.org/2001/XMLSchema-instance" metadataVersionNumber="1" lastMetadataUpdate="2006-05-04" xsi:schemaLocation="http://datacite.org/schema/kernel-2.2 http://schema.datacite.org/meta/kernel-2.2/metadata.xsd">
  <identifier identifierType="DOI">10.5061/DRYAD.GD771/4</identifier>
  <creators>
      <creator>
         <creatorName>Kelly, Morgan</creatorName>
      </creator>
      <creator>
         <creatorName>Grosberg, Richard</creatorName>
      </creator>
      <creator>
         <creatorName>Sanford, Eric</creatorName>
      </creator>
  </creators>
  <titles>
      <title>Attributes of potential fathers</title>
  </titles>
  <publisher>Dryad Digital Repository</publisher>
  <publicationYear>2012</publicationYear>
  <subjects>
      <subject>Animal Mating/Breeding Systems</subject>
      <subject>Crustaceans</subject>
      <subject>Sexual Selection</subject>
      <subject>Life History Evolution</subject>
      <subject>Invertebrates</subject>
      <subject>Bodega Bay</subject>
      <subject>California</subject>
      <subject>38.30&#730;N</subject>
      <subject>123.05&#730;W</subject>
      <subject>Monterey</subject>
      <subject>California</subject>
      <subject>35.60&#730;N</subject>
      <subject>121.89&#730;W</subject>
      <subject>Holocene</subject>
      <subject>Tetraclita rubescens</subject>
  </subjects>
  <dates>
      <date dateType="Accepted">2012-08-10</date>
  </dates>
  <resourceType resourceTypeGeneral="Dataset">DataFile</resourceType>
  <relatedIdentifiers>
      <relatedIdentifier relationType="IsPartOf" relatedIdentifierType="DOI">10.5061/DRYAD.GD771</relatedIdentifier>
  </relatedIdentifiers>
  <rights>http://creativecommons.org/publicdomain/zero/1.0/</rights>
  <descriptions>
      <description descriptionType="Other"/>
  </descriptions>
</resource></payload></oai_datacite></metadata></record>
