<record xmlns="http://www.openarchives.org/OAI/2.0/" xmlns:xsi="http://www.w3.org/2001/XMLSchema-instance"><header><identifier>oai:oai.datacite.org:1051160</identifier><datestamp>2014-05-29T22:02:04Z</datestamp><setSpec>CDL</setSpec><setSpec>CDL.DRYAD</setSpec></header><metadata><oai_datacite xmlns="http://schema.datacite.org/oai/oai-1.0/" xsi:schemaLocation="http://schema.datacite.org/oai/oai-1.0/ http://schema.datacite.org/oai/oai-1.0/oai.xsd"><isReferenceQuality>false</isReferenceQuality><schemaVersion>2.2</schemaVersion><datacentreSymbol>CDL.DRYAD</datacentreSymbol><payload><resource xmlns="http://datacite.org/schema/kernel-2.2" xmlns:dryad="http://purl.org/dryad/terms/" xmlns:dim="http://www.dspace.org/xmlns/dspace/dim" xmlns:dspace="http://www.dspace.org/xmlns/dspace/dim" xmlns:mets="http://www.loc.gov/METS/" xmlns:xsi="http://www.w3.org/2001/XMLSchema-instance" metadataVersionNumber="1" lastMetadataUpdate="2006-05-04" xsi:schemaLocation="http://datacite.org/schema/kernel-2.2 http://schema.datacite.org/meta/kernel-2.2/metadata.xsd">
  <identifier identifierType="DOI">10.5061/DRYAD.5H951H04/6</identifier>
  <creators>
      <creator>
         <creatorName>Wainwright, Peter C.</creatorName>
      </creator>
      <creator>
         <creatorName>Smith, W. Leo</creatorName>
      </creator>
      <creator>
         <creatorName>Price, Samantha A.</creatorName>
      </creator>
      <creator>
         <creatorName>Tang, Kevin L.</creatorName>
      </creator>
      <creator>
         <creatorName>Sparks, John S.</creatorName>
      </creator>
      <creator>
         <creatorName>Ferry, Lara A.</creatorName>
      </creator>
      <creator>
         <creatorName>Kuhn, Kristen L.</creatorName>
      </creator>
      <creator>
         <creatorName>Near, Thomas J.</creatorName>
      </creator>
  </creators>
  <titles>
      <title>labroidALL_30part</title>
  </titles>
  <publisher>Dryad Digital Repository</publisher>
  <publicationYear>2012</publicationYear>
  <subjects>
      <subject>Pharyngeal Jaws</subject>
      <subject>Key Innovation</subject>
      <subject>Acanthomorpha</subject>
      <subject>Perciformes</subject>
      <subject>Labroidei</subject>
      <subject>Beloniformes</subject>
      <subject>Centrogenyidae</subject>
      <subject>Ovalentaria</subject>
  </subjects>
  <dates>
      <date dateType="Accepted">2012-08-10</date>
  </dates>
  <resourceType resourceTypeGeneral="Dataset">DataFile</resourceType>
  <relatedIdentifiers>
      <relatedIdentifier relationType="IsPartOf" relatedIdentifierType="DOI">10.5061/DRYAD.5H951H04</relatedIdentifier>
  </relatedIdentifiers>
  <rights>http://creativecommons.org/publicdomain/zero/1.0/</rights>
  <descriptions>
      <description descriptionType="Other"/>
  </descriptions>
</resource></payload></oai_datacite></metadata></record>
