<record xmlns="http://www.openarchives.org/OAI/2.0/" xmlns:xsi="http://www.w3.org/2001/XMLSchema-instance"><header><identifier>oai:oai.datacite.org:1051214</identifier><datestamp>2015-09-25T16:09:30Z</datestamp><setSpec>CDL</setSpec><setSpec>CDL.DRYAD</setSpec></header><metadata><oai_datacite xmlns="http://schema.datacite.org/oai/oai-1.0/" xsi:schemaLocation="http://schema.datacite.org/oai/oai-1.0/ http://schema.datacite.org/oai/oai-1.0/oai.xsd"><isReferenceQuality>false</isReferenceQuality><schemaVersion>2.2</schemaVersion><datacentreSymbol>CDL.DRYAD</datacentreSymbol><payload><resource xmlns="http://datacite.org/schema/kernel-2.2" xmlns:dryad="http://purl.org/dryad/terms/" xmlns:dim="http://www.dspace.org/xmlns/dspace/dim" xmlns:dspace="http://www.dspace.org/xmlns/dspace/dim" xmlns:mets="http://www.loc.gov/METS/" xmlns:xsi="http://www.w3.org/2001/XMLSchema-instance" metadataVersionNumber="1" lastMetadataUpdate="2006-05-04" xsi:schemaLocation="http://datacite.org/schema/kernel-2.2 http://schema.datacite.org/meta/kernel-2.2/metadata.xsd">
  <identifier identifierType="DOI">10.5061/DRYAD.T850B/1</identifier>
  <creators>
      <creator>
         <creatorName>Harrison, Ellie</creatorName>
      </creator>
      <creator>
         <creatorName>Koufopanou, Vassiliki</creatorName>
      </creator>
      <creator>
         <creatorName>Burt, Austin</creatorName>
      </creator>
      <creator>
         <creatorName>MacLean, Craig</creatorName>
      </creator>
  </creators>
  <titles>
      <title>Copy number data</title>
  </titles>
  <publisher>Dryad Digital Repository</publisher>
  <publicationYear>2012</publicationYear>
  <subjects>
      <subject>Fitness cost</subject>
      <subject>plasmid evolution</subject>
      <subject>Yeast</subject>
      <subject>2&#181;m</subject>
      <subject>multi-copy elements</subject>
      <subject>plasmid copy number</subject>
      <subject>Saccharomyces cerevisiae</subject>
  </subjects>
  <dates>
      <date dateType="Accepted">2012-08-10</date>
  </dates>
  <resourceType resourceTypeGeneral="Dataset">DataFile</resourceType>
  <relatedIdentifiers>
      <relatedIdentifier relationType="IsPartOf" relatedIdentifierType="DOI">10.5061/DRYAD.T850B</relatedIdentifier>
  </relatedIdentifiers>
  <sizes>
      <size>19968 bytes</size>
      <size>732 bytes</size>
  </sizes>
  <rights>http://creativecommons.org/publicdomain/zero/1.0/</rights>
  <descriptions>
      <description descriptionType="Other">Copy number data</description>
  </descriptions>
</resource></payload></oai_datacite></metadata></record>
