<record xmlns="http://www.openarchives.org/OAI/2.0/" xmlns:xsi="http://www.w3.org/2001/XMLSchema-instance"><header><identifier>oai:oai.datacite.org:1051244</identifier><datestamp>2014-05-29T21:57:29Z</datestamp><setSpec>CDL</setSpec><setSpec>CDL.DRYAD</setSpec></header><metadata><oai_datacite xmlns="http://schema.datacite.org/oai/oai-1.0/" xsi:schemaLocation="http://schema.datacite.org/oai/oai-1.0/ http://schema.datacite.org/oai/oai-1.0/oai.xsd"><isReferenceQuality>false</isReferenceQuality><schemaVersion>2.2</schemaVersion><datacentreSymbol>CDL.DRYAD</datacentreSymbol><payload><resource xmlns="http://datacite.org/schema/kernel-2.2" xmlns:dryad="http://purl.org/dryad/terms/" xmlns:dim="http://www.dspace.org/xmlns/dspace/dim" xmlns:dspace="http://www.dspace.org/xmlns/dspace/dim" xmlns:mets="http://www.loc.gov/METS/" xmlns:xsi="http://www.w3.org/2001/XMLSchema-instance" metadataVersionNumber="1" lastMetadataUpdate="2006-05-04" xsi:schemaLocation="http://datacite.org/schema/kernel-2.2 http://schema.datacite.org/meta/kernel-2.2/metadata.xsd">
  <identifier identifierType="DOI">10.5061/DRYAD.29DS0/1</identifier>
  <creators>
      <creator>
         <creatorName>Vollmer, Nicole L.</creatorName>
      </creator>
      <creator>
         <creatorName>Rosel, Patricia E.</creatorName>
      </creator>
  </creators>
  <titles>
      <title>T.truncatus COL3A1-like gene</title>
  </titles>
  <publisher>Dryad Digital Repository</publisher>
  <publicationYear>2012</publicationYear>
  <subjects>
      <subject>CATS loci</subject>
      <subject>cetacean</subject>
      <subject>Conservation Genetics</subject>
      <subject>SNP discovery</subject>
      <subject>TaqMan&#174; Assays</subject>
      <subject>targeted gene approach</subject>
      <subject>Gulf of Mexico</subject>
      <subject>western North Atlantic</subject>
      <subject>Tursiops truncatus</subject>
  </subjects>
  <dates>
      <date dateType="Accepted">2012-09-14</date>
  </dates>
  <resourceType resourceTypeGeneral="Dataset">DataFile</resourceType>
  <relatedIdentifiers>
      <relatedIdentifier relationType="IsPartOf" relatedIdentifierType="DOI">10.5061/DRYAD.29DS0</relatedIdentifier>
  </relatedIdentifiers>
  <rights>http://creativecommons.org/publicdomain/zero/1.0/</rights>
  <descriptions>
      <description descriptionType="Other"/>
  </descriptions>
</resource></payload></oai_datacite></metadata></record>
