<record xmlns="http://www.openarchives.org/OAI/2.0/" xmlns:xsi="http://www.w3.org/2001/XMLSchema-instance"><header><identifier>oai:oai.datacite.org:1053168</identifier><datestamp>2014-05-29T21:58:39Z</datestamp><setSpec>CDL</setSpec><setSpec>CDL.DRYAD</setSpec></header><metadata><oai_datacite xmlns="http://schema.datacite.org/oai/oai-1.0/" xsi:schemaLocation="http://schema.datacite.org/oai/oai-1.0/ http://schema.datacite.org/oai/oai-1.0/oai.xsd"><isReferenceQuality>false</isReferenceQuality><schemaVersion>2.2</schemaVersion><datacentreSymbol>CDL.DRYAD</datacentreSymbol><payload><resource xmlns="http://datacite.org/schema/kernel-2.2" xmlns:dryad="http://purl.org/dryad/terms/" xmlns:dim="http://www.dspace.org/xmlns/dspace/dim" xmlns:dspace="http://www.dspace.org/xmlns/dspace/dim" xmlns:mets="http://www.loc.gov/METS/" xmlns:xsi="http://www.w3.org/2001/XMLSchema-instance" metadataVersionNumber="1" lastMetadataUpdate="2006-05-04" xsi:schemaLocation="http://datacite.org/schema/kernel-2.2 http://schema.datacite.org/meta/kernel-2.2/metadata.xsd">
  <identifier identifierType="DOI">10.5061/DRYAD.64P8T/1</identifier>
  <creators>
      <creator>
         <creatorName>Carlier, Jean</creatorName>
      </creator>
      <creator>
         <creatorName>Rieux, Adrien</creatorName>
      </creator>
      <creator>
         <creatorName>Ravigne, Viginie</creatorName>
      </creator>
      <creator>
         <creatorName>Bellaire, Luc De Lapeyre De</creatorName>
      </creator>
      <creator>
         <creatorName>Zapater, Marie-Fran&#231;oise</creatorName>
      </creator>
  </creators>
  <titles>
      <title>Individual Genotypes</title>
  </titles>
  <publisher>Dryad Digital Repository</publisher>
  <publicationYear>2012</publicationYear>
  <subjects>
      <subject>Landscape genetics</subject>
      <subject>Gene flow</subject>
      <subject>Genetic drift</subject>
      <subject>Cultural practises</subject>
      <subject>Emergent disease</subject>
      <subject>Mungo Area - Cameroon</subject>
      <subject>Mycosphaerella fijiensis</subject>
  </subjects>
  <dates>
      <date dateType="Accepted">2012-08-14</date>
  </dates>
  <resourceType resourceTypeGeneral="Dataset">DataFile</resourceType>
  <relatedIdentifiers>
      <relatedIdentifier relationType="IsPartOf" relatedIdentifierType="DOI">10.5061/DRYAD.64P8T</relatedIdentifier>
  </relatedIdentifiers>
  <rights>http://creativecommons.org/publicdomain/zero/1.0/</rights>
  <descriptions>
      <description descriptionType="Other"/>
  </descriptions>
</resource></payload></oai_datacite></metadata></record>
