<record xmlns="http://www.openarchives.org/OAI/2.0/" xmlns:xsi="http://www.w3.org/2001/XMLSchema-instance"><header><identifier>oai:oai.datacite.org:1053161</identifier><datestamp>2014-05-30T00:08:25Z</datestamp><setSpec>CDL</setSpec><setSpec>CDL.DRYAD</setSpec></header><metadata><oai_datacite xmlns="http://schema.datacite.org/oai/oai-1.0/" xsi:schemaLocation="http://schema.datacite.org/oai/oai-1.0/ http://schema.datacite.org/oai/oai-1.0/oai.xsd"><isReferenceQuality>false</isReferenceQuality><schemaVersion>2.2</schemaVersion><datacentreSymbol>CDL.DRYAD</datacentreSymbol><payload><resource xmlns="http://datacite.org/schema/kernel-2.2" xmlns:dryad="http://purl.org/dryad/terms/" xmlns:dim="http://www.dspace.org/xmlns/dspace/dim" xmlns:dspace="http://www.dspace.org/xmlns/dspace/dim" xmlns:mets="http://www.loc.gov/METS/" xmlns:xsi="http://www.w3.org/2001/XMLSchema-instance" metadataVersionNumber="1" lastMetadataUpdate="2006-05-04" xsi:schemaLocation="http://datacite.org/schema/kernel-2.2 http://schema.datacite.org/meta/kernel-2.2/metadata.xsd">
  <identifier identifierType="DOI">10.5061/DRYAD.DF854</identifier>
  <creators>
      <creator>
         <creatorName>Seifan, Merav</creatorName>
      </creator>
      <creator>
         <creatorName>Seifan, Tal</creatorName>
      </creator>
      <creator>
         <creatorName>Schiffers, Katja</creatorName>
      </creator>
      <creator>
         <creatorName>Jeltsch, Florian</creatorName>
      </creator>
      <creator>
         <creatorName>Tielb&#246;rger, Katja</creatorName>
      </creator>
  </creators>
  <titles>
      <title>Data from: Beyond the competition-colonization tradeoff: linking multiple trait response to disturbance characteristics</title>
  </titles>
  <publisher>Dryad Digital Repository</publisher>
  <publicationYear>2012</publicationYear>
  <subjects>
      <subject>Biodiversity</subject>
      <subject>Colonization</subject>
      <subject>Community: disturbance</subject>
      <subject>Community: structure</subject>
      <subject>Competition</subject>
      <subject>Ecology: community</subject>
      <subject>Ecology: theoretical</subject>
      <subject>Interactions: plant/plant</subject>
      <subject>Species richness</subject>
      <subject>Trade offs</subject>
      <subject>Northern Europe</subject>
      <subject>Germany</subject>
      <subject>Havel River</subject>
      <subject>52&#176;71&#8217;66&#8217;&#8217;N</subject>
      <subject>12&#176;21&#8217;66&#8217;&#8217;E</subject>
  </subjects>
  <resourceType resourceTypeGeneral="Dataset">DataPackage</resourceType>
  <alternateIdentifiers>
      <alternateIdentifier alternateIdentifierType="citation">Seifan M, Seifan T, Schiffers K, Jeltsch F, Tielb&#246;rger K (2013) Beyond the competition-colonization tradeoff: linking multiple trait response to disturbance characteristics. The American Naturalist 181(2): 151-160.</alternateIdentifier>
  </alternateIdentifiers>
  <relatedIdentifiers>
      <relatedIdentifier relationType="HasPart" relatedIdentifierType="DOI">10.5061/DRYAD.DF854/1</relatedIdentifier>
      <relatedIdentifier relationType="IsReferencedBy" relatedIdentifierType="DOI">10.1086/668844</relatedIdentifier>
      <relatedIdentifier relationType="IsReferencedBy" relatedIdentifierType="DOI"/>
  </relatedIdentifiers>
  <rights>http://creativecommons.org/publicdomain/zero/1.0/</rights>
</resource></payload></oai_datacite></metadata></record>
