<record xmlns="http://www.openarchives.org/OAI/2.0/" xmlns:xsi="http://www.w3.org/2001/XMLSchema-instance"><header><identifier>oai:oai.datacite.org:1053174</identifier><datestamp>2015-08-21T03:12:07Z</datestamp><setSpec>CDL</setSpec><setSpec>CDL.DRYAD</setSpec></header><metadata><oai_datacite xmlns="http://schema.datacite.org/oai/oai-1.0/" xsi:schemaLocation="http://schema.datacite.org/oai/oai-1.0/ http://schema.datacite.org/oai/oai-1.0/oai.xsd"><isReferenceQuality>false</isReferenceQuality><schemaVersion>2.2</schemaVersion><datacentreSymbol>CDL.DRYAD</datacentreSymbol><payload><resource xmlns="http://datacite.org/schema/kernel-2.2" xmlns:dryad="http://purl.org/dryad/terms/" xmlns:dim="http://www.dspace.org/xmlns/dspace/dim" xmlns:dspace="http://www.dspace.org/xmlns/dspace/dim" xmlns:mets="http://www.loc.gov/METS/" xmlns:xsi="http://www.w3.org/2001/XMLSchema-instance" metadataVersionNumber="1" lastMetadataUpdate="2006-05-04" xsi:schemaLocation="http://datacite.org/schema/kernel-2.2 http://schema.datacite.org/meta/kernel-2.2/metadata.xsd">
  <identifier identifierType="DOI">10.5061/DRYAD.72H4M</identifier>
  <creators>
      <creator>
         <creatorName>Schwarzer, Julia</creatorName>
      </creator>
      <creator>
         <creatorName>Swartz, Ernst Roelof</creatorName>
      </creator>
      <creator>
         <creatorName>Vreven, Emmanuel</creatorName>
      </creator>
      <creator>
         <creatorName>Snoeks, Jos</creatorName>
      </creator>
      <creator>
         <creatorName>Cotterill, Fenton Peter David</creatorName>
      </creator>
      <creator>
         <creatorName>Misof, Bernhard</creatorName>
      </creator>
      <creator>
         <creatorName>Schliewen, Ulrich Kurt</creatorName>
      </creator>
      <creator>
         <creatorName>Schwarzer, Julia</creatorName>
      </creator>
      <creator>
         <creatorName>Swartz, Ernst Roelof</creatorName>
      </creator>
      <creator>
         <creatorName>Vreven, Emmanuel</creatorName>
      </creator>
      <creator>
         <creatorName>Snoeks, Jos</creatorName>
      </creator>
      <creator>
         <creatorName>Cotterill, Fenton Peter David</creatorName>
      </creator>
      <creator>
         <creatorName>Misof, Bernhard</creatorName>
      </creator>
      <creator>
         <creatorName>Schliewen, Ulrich Kurt</creatorName>
      </creator>
  </creators>
  <titles>
      <title>Data from: Repeated trans-watershed hybridisation among haplochromine cichlids (Cichlidae) was triggered by Neogene landscape evolution</title>
  </titles>
  <publisher>Dryad Digital Repository</publisher>
  <publicationYear>2012</publicationYear>
  <resourceType resourceTypeGeneral="Dataset">DataPackage</resourceType>
  <alternateIdentifiers>
      <alternateIdentifier alternateIdentifierType="citation">Schwarzer J, Swartz ER, Vreven E, Snoeks J, Cotterill FPD, Misof B, Schliewen UK (2012) Repeated trans-watershed hybridisation among haplochromine cichlids (Cichlidae) was triggered by Neogene landscape evolution. Proceedings of the Royal Society B, 279(1746): 4368-4374.</alternateIdentifier>
  </alternateIdentifiers>
  <relatedIdentifiers>
      <relatedIdentifier relationType="HasPart" relatedIdentifierType="DOI">10.5061/DRYAD.72H4M/1</relatedIdentifier>
      <relatedIdentifier relationType="IsReferencedBy" relatedIdentifierType="DOI">10.1098/RSPB.2012.1667</relatedIdentifier>
      <relatedIdentifier relationType="IsReferencedBy" relatedIdentifierType="DOI"/>
  </relatedIdentifiers>
  <rights>http://creativecommons.org/publicdomain/zero/1.0/</rights>
</resource></payload></oai_datacite></metadata></record>
