<record xmlns="http://www.openarchives.org/OAI/2.0/" xmlns:xsi="http://www.w3.org/2001/XMLSchema-instance"><header><identifier>oai:oai.datacite.org:1053163</identifier><datestamp>2015-09-25T15:58:11Z</datestamp><setSpec>CDL</setSpec><setSpec>CDL.DRYAD</setSpec></header><metadata><oai_datacite xmlns="http://schema.datacite.org/oai/oai-1.0/" xsi:schemaLocation="http://schema.datacite.org/oai/oai-1.0/ http://schema.datacite.org/oai/oai-1.0/oai.xsd"><isReferenceQuality>false</isReferenceQuality><schemaVersion>2.2</schemaVersion><datacentreSymbol>CDL.DRYAD</datacentreSymbol><payload><resource xmlns="http://datacite.org/schema/kernel-2.2" xmlns:dryad="http://purl.org/dryad/terms/" xmlns:dim="http://www.dspace.org/xmlns/dspace/dim" xmlns:dspace="http://www.dspace.org/xmlns/dspace/dim" xmlns:mets="http://www.loc.gov/METS/" xmlns:xsi="http://www.w3.org/2001/XMLSchema-instance" metadataVersionNumber="1" lastMetadataUpdate="2006-05-04" xsi:schemaLocation="http://datacite.org/schema/kernel-2.2 http://schema.datacite.org/meta/kernel-2.2/metadata.xsd">
  <identifier identifierType="DOI">10.5061/DRYAD.CP00B</identifier>
  <creators>
      <creator>
         <creatorName>Turley, Nash E.</creatorName>
      </creator>
      <creator>
         <creatorName>Odell, Walter C.</creatorName>
      </creator>
      <creator>
         <creatorName>Schaefer, Hanno</creatorName>
      </creator>
      <creator>
         <creatorName>Everwand, Georg</creatorName>
      </creator>
      <creator>
         <creatorName>Crawley, Michael J.</creatorName>
      </creator>
      <creator>
         <creatorName>Johnson, Marc T. J.</creatorName>
      </creator>
  </creators>
  <titles>
      <title>Data from: Contemporary evolution of plant growth rate following experimental removal of herbivores</title>
  </titles>
  <publisher>Dryad Digital Repository</publisher>
  <publicationYear>2012</publicationYear>
  <subjects>
      <subject>herbivory</subject>
      <subject>contemporary evolution</subject>
      <subject>Silwood Park</subject>
      <subject>Imperial College</subject>
      <subject>England</subject>
      <subject>51.409 N</subject>
      <subject>0.642 W</subject>
      <subject>Rumex acetosa</subject>
  </subjects>
  <resourceType resourceTypeGeneral="Dataset">DataPackage</resourceType>
  <alternateIdentifiers>
      <alternateIdentifier alternateIdentifierType="citation">Turley NE, Odell WC, Schaefer H, Everwand G, Crawley MJ, Johnson MTJ (2013) Contemporary evolution of plant growth rate following experimental removal of herbivores. The American Naturalist 181(S1): S21-S34.</alternateIdentifier>
  </alternateIdentifiers>
  <relatedIdentifiers>
      <relatedIdentifier relationType="HasPart" relatedIdentifierType="DOI">10.5061/DRYAD.CP00B/1</relatedIdentifier>
      <relatedIdentifier relationType="IsReferencedBy" relatedIdentifierType="DOI">10.1086/668075</relatedIdentifier>
      <relatedIdentifier relationType="IsReferencedBy" relatedIdentifierType="DOI"/>
  </relatedIdentifiers>
  <rights>http://creativecommons.org/publicdomain/zero/1.0/</rights>
</resource></payload></oai_datacite></metadata></record>
