<record xmlns="http://www.openarchives.org/OAI/2.0/" xmlns:xsi="http://www.w3.org/2001/XMLSchema-instance"><header><identifier>oai:oai.datacite.org:1053166</identifier><datestamp>2014-05-29T21:56:08Z</datestamp><setSpec>CDL</setSpec><setSpec>CDL.DRYAD</setSpec></header><metadata><oai_datacite xmlns="http://schema.datacite.org/oai/oai-1.0/" xsi:schemaLocation="http://schema.datacite.org/oai/oai-1.0/ http://schema.datacite.org/oai/oai-1.0/oai.xsd"><isReferenceQuality>false</isReferenceQuality><schemaVersion>2.2</schemaVersion><datacentreSymbol>CDL.DRYAD</datacentreSymbol><payload><resource xmlns="http://datacite.org/schema/kernel-2.2" xmlns:dryad="http://purl.org/dryad/terms/" xmlns:dim="http://www.dspace.org/xmlns/dspace/dim" xmlns:dspace="http://www.dspace.org/xmlns/dspace/dim" xmlns:mets="http://www.loc.gov/METS/" xmlns:xsi="http://www.w3.org/2001/XMLSchema-instance" metadataVersionNumber="1" lastMetadataUpdate="2006-05-04" xsi:schemaLocation="http://datacite.org/schema/kernel-2.2 http://schema.datacite.org/meta/kernel-2.2/metadata.xsd">
  <identifier identifierType="DOI">10.5061/DRYAD.S022H/1</identifier>
  <creators>
      <creator>
         <creatorName>Maestre, Fernando T.</creatorName>
      </creator>
      <creator>
         <creatorName>Puche, Mar&#237;a D.</creatorName>
      </creator>
      <creator>
         <creatorName>Guerrero, C&#233;sar</creatorName>
      </creator>
      <creator>
         <creatorName>Escudero, Adri&#225;n</creatorName>
      </creator>
  </creators>
  <titles>
      <title>Soil enzyme (phosphatase, b-glucosidase and urease) data from encroached/unencroached Stipa tenacissima steppes from Spain</title>
  </titles>
  <publisher>Dryad Digital Repository</publisher>
  <publicationYear>2012</publicationYear>
  <subjects>
      <subject>Shrub encroachment</subject>
      <subject>Enzymatic activities</subject>
      <subject>Semiarid grasslands</subject>
      <subject>Land-use change</subject>
      <subject>Urease</subject>
      <subject>Phosphatase</subject>
      <subject>b-Glucosidase</subject>
      <subject>Barrax</subject>
      <subject>Sierra Espu&#241;a</subject>
      <subject>Campo Real</subject>
      <subject>Sierra de Carrascoy</subject>
      <subject>Chinch&#243;n</subject>
      <subject>Huelves</subject>
      <subject>Morata de Taju&#241;a</subject>
      <subject>Ont&#237;gola</subject>
      <subject>Titulcia</subject>
      <subject>Villarobledo</subject>
      <subject>Yecla</subject>
      <subject>Zorita</subject>
      <subject>Spain</subject>
      <subject>Holocene</subject>
      <subject>Stipa tenacissima</subject>
  </subjects>
  <dates>
      <date dateType="Accepted">2012-08-14</date>
  </dates>
  <resourceType resourceTypeGeneral="Dataset">DataFile</resourceType>
  <relatedIdentifiers>
      <relatedIdentifier relationType="IsPartOf" relatedIdentifierType="DOI">10.5061/DRYAD.S022H</relatedIdentifier>
  </relatedIdentifiers>
  <rights>http://creativecommons.org/publicdomain/zero/1.0/</rights>
  <descriptions>
      <description descriptionType="Other"/>
  </descriptions>
</resource></payload></oai_datacite></metadata></record>
