<record xmlns="http://www.openarchives.org/OAI/2.0/" xmlns:xsi="http://www.w3.org/2001/XMLSchema-instance"><header><identifier>oai:oai.datacite.org:1096076</identifier><datestamp>2014-10-12T06:33:56Z</datestamp><setSpec>CDL</setSpec><setSpec>CDL.DRYAD</setSpec></header><metadata><oai_datacite xmlns="http://schema.datacite.org/oai/oai-1.0/" xsi:schemaLocation="http://schema.datacite.org/oai/oai-1.0/ http://schema.datacite.org/oai/oai-1.0/oai.xsd"><isReferenceQuality>false</isReferenceQuality><schemaVersion>2.2</schemaVersion><datacentreSymbol>CDL.DRYAD</datacentreSymbol><payload><resource xmlns="http://datacite.org/schema/kernel-2.2" xmlns:dryad="http://purl.org/dryad/terms/" xmlns:dim="http://www.dspace.org/xmlns/dspace/dim" xmlns:dspace="http://www.dspace.org/xmlns/dspace/dim" xmlns:mets="http://www.loc.gov/METS/" xmlns:xsi="http://www.w3.org/2001/XMLSchema-instance" metadataVersionNumber="1" lastMetadataUpdate="2006-05-04" xsi:schemaLocation="http://datacite.org/schema/kernel-2.2 http://schema.datacite.org/meta/kernel-2.2/metadata.xsd">
  <identifier identifierType="DOI">10.5061/DRYAD.6300N/4</identifier>
  <creators>
      <creator>
         <creatorName>Wagner, Catherine E.</creatorName>
      </creator>
      <creator>
         <creatorName>Keller, Irene</creatorName>
      </creator>
      <creator>
         <creatorName>Wittwer, Samuel</creatorName>
      </creator>
      <creator>
         <creatorName>Selz, Oliver M.</creatorName>
      </creator>
      <creator>
         <creatorName>Mwaiko, Salome</creatorName>
      </creator>
      <creator>
         <creatorName>Greuter, Lucie</creatorName>
      </creator>
      <creator>
         <creatorName>Sivasundar, Arjun</creatorName>
      </creator>
      <creator>
         <creatorName>Seehausen, Ole</creatorName>
      </creator>
  </creators>
  <titles>
      <title>m125M2_mincov110noref</title>
  </titles>
  <publisher>Dryad Digital Repository</publisher>
  <publicationYear>2012</publicationYear>
  <subjects>
      <subject>adaptive radiation</subject>
      <subject>RAD-seq</subject>
      <subject>cichlid</subject>
      <subject>phylogenetics</subject>
      <subject>Next generation sequencing</subject>
      <subject>Africa</subject>
      <subject>Tanzania</subject>
      <subject>Lake Victoria</subject>
      <subject>Cichlidae</subject>
  </subjects>
  <dates>
      <date dateType="Accepted">2012-08-16</date>
  </dates>
  <resourceType resourceTypeGeneral="Dataset">DataFile</resourceType>
  <relatedIdentifiers>
      <relatedIdentifier relationType="IsPartOf" relatedIdentifierType="DOI">10.5061/DRYAD.6300N</relatedIdentifier>
  </relatedIdentifiers>
  <sizes>
      <size>316767372 bytes</size>
  </sizes>
  <rights>http://creativecommons.org/publicdomain/zero/1.0/</rights>
  <descriptions>
      <description descriptionType="Other">Made available in DSpace on 2012-08-16T21:06:01Z (GMT). No. of bitstreams: 1&#13;
m125M2_mincov110noref.phy: 316767372 bytes, checksum: f4a79b45d98c95888ea3680b5cabd256 (MD5)</description>
  </descriptions>
</resource></payload></oai_datacite></metadata></record>
