<record xmlns="http://www.openarchives.org/OAI/2.0/" xmlns:xsi="http://www.w3.org/2001/XMLSchema-instance"><header><identifier>oai:oai.datacite.org:1096051</identifier><datestamp>2014-05-29T21:58:22Z</datestamp><setSpec>CDL</setSpec><setSpec>CDL.DRYAD</setSpec></header><metadata><oai_datacite xmlns="http://schema.datacite.org/oai/oai-1.0/" xsi:schemaLocation="http://schema.datacite.org/oai/oai-1.0/ http://schema.datacite.org/oai/oai-1.0/oai.xsd"><isReferenceQuality>false</isReferenceQuality><schemaVersion>2.2</schemaVersion><datacentreSymbol>CDL.DRYAD</datacentreSymbol><payload><resource xmlns="http://datacite.org/schema/kernel-2.2" xmlns:dryad="http://purl.org/dryad/terms/" xmlns:dim="http://www.dspace.org/xmlns/dspace/dim" xmlns:dspace="http://www.dspace.org/xmlns/dspace/dim" xmlns:mets="http://www.loc.gov/METS/" xmlns:xsi="http://www.w3.org/2001/XMLSchema-instance" metadataVersionNumber="1" lastMetadataUpdate="2006-05-04" xsi:schemaLocation="http://datacite.org/schema/kernel-2.2 http://schema.datacite.org/meta/kernel-2.2/metadata.xsd">
  <identifier identifierType="DOI">10.5061/DRYAD.0CT6S</identifier>
  <creators>
      <creator>
         <creatorName>Reme&#353;, Vladim&#237;r</creatorName>
      </creator>
      <creator>
         <creatorName>Matysiokov&#225;, Beata</creatorName>
      </creator>
      <creator>
         <creatorName>Cockburn, Andrew</creatorName>
      </creator>
  </creators>
  <titles>
      <title>Data from: Long-term and large-scale analyses of nest predation patterns in Australian songbirds and a global comparison of nest predation rates</title>
  </titles>
  <publisher>Dryad Digital Repository</publisher>
  <publicationYear>2012</publicationYear>
  <subjects>
      <subject>nest predation</subject>
      <subject>predators</subject>
      <subject>nest success</subject>
      <subject>nest failure</subject>
      <subject>southern hemisphere</subject>
      <subject>conservation</subject>
      <subject>population declines</subject>
      <subject>life histories</subject>
      <subject>geography</subject>
      <subject>Australia</subject>
      <subject>Aves</subject>
      <subject>Passeriformes</subject>
      <subject>Meliphagidae</subject>
      <subject>Maluridae</subject>
      <subject>Petroicidae</subject>
      <subject>Pardalotidae</subject>
  </subjects>
  <resourceType resourceTypeGeneral="Dataset">DataPackage</resourceType>
  <alternateIdentifiers>
      <alternateIdentifier alternateIdentifierType="citation">Reme&#353; V, Matysiokov&#225; B, Cockburn A (2012) Long-term and large-scale analyses of nest predation patterns in Australian songbirds and a global comparison of nest predation rates. Journal of Avian Biology 43(5): 435-444.</alternateIdentifier>
  </alternateIdentifiers>
  <relatedIdentifiers>
      <relatedIdentifier relationType="HasPart" relatedIdentifierType="DOI">10.5061/DRYAD.0CT6S/1</relatedIdentifier>
      <relatedIdentifier relationType="IsReferencedBy" relatedIdentifierType="DOI">10.1111/J.1600-048X.2012.05599.X</relatedIdentifier>
  </relatedIdentifiers>
  <rights>http://creativecommons.org/publicdomain/zero/1.0/</rights>
</resource></payload></oai_datacite></metadata></record>
