<record xmlns="http://www.openarchives.org/OAI/2.0/" xmlns:xsi="http://www.w3.org/2001/XMLSchema-instance"><header><identifier>oai:oai.datacite.org:1096052</identifier><datestamp>2014-05-29T22:01:24Z</datestamp><setSpec>CDL</setSpec><setSpec>CDL.DRYAD</setSpec></header><metadata><oai_datacite xmlns="http://schema.datacite.org/oai/oai-1.0/" xsi:schemaLocation="http://schema.datacite.org/oai/oai-1.0/ http://schema.datacite.org/oai/oai-1.0/oai.xsd"><isReferenceQuality>false</isReferenceQuality><schemaVersion>2.2</schemaVersion><datacentreSymbol>CDL.DRYAD</datacentreSymbol><payload><resource xmlns="http://datacite.org/schema/kernel-2.2" xmlns:dryad="http://purl.org/dryad/terms/" xmlns:dim="http://www.dspace.org/xmlns/dspace/dim" xmlns:dspace="http://www.dspace.org/xmlns/dspace/dim" xmlns:mets="http://www.loc.gov/METS/" xmlns:xsi="http://www.w3.org/2001/XMLSchema-instance" metadataVersionNumber="1" lastMetadataUpdate="2006-05-04" xsi:schemaLocation="http://datacite.org/schema/kernel-2.2 http://schema.datacite.org/meta/kernel-2.2/metadata.xsd">
  <identifier identifierType="DOI">10.5061/DRYAD.0CT6S/1</identifier>
  <creators>
      <creator>
         <creatorName>Reme&#353;, Vladim&#237;r</creatorName>
      </creator>
      <creator>
         <creatorName>Matysiokov&#225;, Beata</creatorName>
      </creator>
      <creator>
         <creatorName>Cockburn, Andrew</creatorName>
      </creator>
  </creators>
  <titles>
      <title>Nest_predation_Australia_Dryad_data</title>
  </titles>
  <publisher>Dryad Digital Repository</publisher>
  <publicationYear>2012</publicationYear>
  <subjects>
      <subject>nest predation</subject>
      <subject>predators</subject>
      <subject>nest success</subject>
      <subject>nest failure</subject>
      <subject>southern hemisphere</subject>
      <subject>geography</subject>
      <subject>latitude</subject>
      <subject>longitude</subject>
      <subject>decades</subject>
      <subject>Australia</subject>
      <subject>Aves</subject>
      <subject>Passeriformes</subject>
      <subject>Meliphagidae</subject>
      <subject>Maluridae</subject>
      <subject>Petroicidae</subject>
      <subject>Pardalotidae</subject>
  </subjects>
  <dates>
      <date dateType="Accepted">2012-08-16</date>
  </dates>
  <resourceType resourceTypeGeneral="Dataset">DataFile</resourceType>
  <relatedIdentifiers>
      <relatedIdentifier relationType="IsPartOf" relatedIdentifierType="DOI">10.5061/DRYAD.0CT6S</relatedIdentifier>
  </relatedIdentifiers>
  <rights>http://creativecommons.org/publicdomain/zero/1.0/</rights>
  <descriptions>
      <description descriptionType="Other"/>
  </descriptions>
</resource></payload></oai_datacite></metadata></record>
