<record xmlns="http://www.openarchives.org/OAI/2.0/" xmlns:xsi="http://www.w3.org/2001/XMLSchema-instance"><header><identifier>oai:oai.datacite.org:1139483</identifier><datestamp>2014-05-29T21:58:56Z</datestamp><setSpec>CDL</setSpec><setSpec>CDL.DRYAD</setSpec></header><metadata><oai_datacite xmlns="http://schema.datacite.org/oai/oai-1.0/" xsi:schemaLocation="http://schema.datacite.org/oai/oai-1.0/ http://schema.datacite.org/oai/oai-1.0/oai.xsd"><isReferenceQuality>false</isReferenceQuality><schemaVersion>2.2</schemaVersion><datacentreSymbol>CDL.DRYAD</datacentreSymbol><payload><resource xmlns="http://datacite.org/schema/kernel-2.2" xmlns:dryad="http://purl.org/dryad/terms/" xmlns:dim="http://www.dspace.org/xmlns/dspace/dim" xmlns:dspace="http://www.dspace.org/xmlns/dspace/dim" xmlns:mets="http://www.loc.gov/METS/" xmlns:xsi="http://www.w3.org/2001/XMLSchema-instance" metadataVersionNumber="1" lastMetadataUpdate="2006-05-04" xsi:schemaLocation="http://datacite.org/schema/kernel-2.2 http://schema.datacite.org/meta/kernel-2.2/metadata.xsd">
  <identifier identifierType="DOI">10.5061/DRYAD.8N776/4</identifier>
  <creators>
      <creator>
         <creatorName>Sun, Jin</creatorName>
      </creator>
      <creator>
         <creatorName>Wang, Mingling</creatorName>
      </creator>
      <creator>
         <creatorName>Wang, Hao</creatorName>
      </creator>
      <creator>
         <creatorName>Zhang, Huoming</creatorName>
      </creator>
      <creator>
         <creatorName>Zhang, Xianglong</creatorName>
      </creator>
      <creator>
         <creatorName>Thiyagarajan, Vengatesen</creatorName>
      </creator>
      <creator>
         <creatorName>Qian, Pei-Yuan</creatorName>
      </creator>
      <creator>
         <creatorName>Qiu, Jian-Wen</creatorName>
      </creator>
  </creators>
  <titles>
      <title>Protein identified by LC-MS/MS</title>
  </titles>
  <publisher>Dryad Digital Repository</publisher>
  <publicationYear>2012</publicationYear>
  <subjects>
      <subject>Invasive Species</subject>
      <subject>Transcriptomics</subject>
      <subject>Molluscs</subject>
      <subject>Genomics/Proteomics</subject>
      <subject>Phylogeography</subject>
      <subject>Hong Kong</subject>
      <subject>Pomacea canaliculata</subject>
  </subjects>
  <dates>
      <date dateType="Accepted">2012-09-12</date>
  </dates>
  <resourceType resourceTypeGeneral="Dataset">DataFile</resourceType>
  <relatedIdentifiers>
      <relatedIdentifier relationType="IsPartOf" relatedIdentifierType="DOI">10.5061/DRYAD.8N776</relatedIdentifier>
  </relatedIdentifiers>
  <rights>http://creativecommons.org/publicdomain/zero/1.0/</rights>
  <descriptions>
      <description descriptionType="Other"/>
  </descriptions>
</resource></payload></oai_datacite></metadata></record>
