<record xmlns="http://www.openarchives.org/OAI/2.0/" xmlns:xsi="http://www.w3.org/2001/XMLSchema-instance"><header><identifier>oai:oai.datacite.org:1139478</identifier><datestamp>2015-11-08T07:30:51Z</datestamp><setSpec>CDL</setSpec><setSpec>CDL.DRYAD</setSpec></header><metadata><oai_datacite xmlns="http://schema.datacite.org/oai/oai-1.0/" xsi:schemaLocation="http://schema.datacite.org/oai/oai-1.0/ http://schema.datacite.org/oai/oai-1.0/oai.xsd"><isReferenceQuality>false</isReferenceQuality><schemaVersion>2.2</schemaVersion><datacentreSymbol>CDL.DRYAD</datacentreSymbol><payload><resource xmlns="http://datacite.org/schema/kernel-2.2" xmlns:dryad="http://purl.org/dryad/terms/" xmlns:dim="http://www.dspace.org/xmlns/dspace/dim" xmlns:dspace="http://www.dspace.org/xmlns/dspace/dim" xmlns:mets="http://www.loc.gov/METS/" xmlns:xsi="http://www.w3.org/2001/XMLSchema-instance" metadataVersionNumber="1" lastMetadataUpdate="2006-05-04" xsi:schemaLocation="http://datacite.org/schema/kernel-2.2 http://schema.datacite.org/meta/kernel-2.2/metadata.xsd">
  <identifier identifierType="DOI">10.5061/DRYAD.8M0T6/1</identifier>
  <creators>
      <creator>
         <creatorName>Attard, Catherine R. M.</creatorName>
      </creator>
      <creator>
         <creatorName>Beheregaray, Luciano B.</creatorName>
      </creator>
      <creator>
         <creatorName>Jenner, K. Curt S.</creatorName>
      </creator>
      <creator>
         <creatorName>Gill, Peter C.</creatorName>
      </creator>
      <creator>
         <creatorName>Jenner, Micheline- N.</creatorName>
      </creator>
      <creator>
         <creatorName>Morrice, Margaret G.</creatorName>
      </creator>
      <creator>
         <creatorName>Robertson, Kelly M.</creatorName>
      </creator>
      <creator>
         <creatorName>M&#246;ller, Luciana M.</creatorName>
      </creator>
  </creators>
  <titles>
      <title>Microsatellite and sex data</title>
  </titles>
  <publisher>Dryad Digital Repository</publisher>
  <publicationYear>2012</publicationYear>
  <subjects>
      <subject>microsatellite DNA</subject>
      <subject>population genetics</subject>
      <subject>admixture</subject>
      <subject>biodiversity conservation</subject>
      <subject>endangered species</subject>
      <subject>waters off Antarctica</subject>
      <subject>waters off Australia</subject>
      <subject>Holocene</subject>
      <subject>Balaenoptera musculus</subject>
      <subject>Balaenoptera musculus intermedia</subject>
      <subject>Balaenoptera musculus brevicauda</subject>
  </subjects>
  <dates>
      <date dateType="Accepted">2012-08-17</date>
  </dates>
  <resourceType resourceTypeGeneral="Dataset">DataFile</resourceType>
  <relatedIdentifiers>
      <relatedIdentifier relationType="IsPartOf" relatedIdentifierType="DOI">10.5061/DRYAD.8M0T6</relatedIdentifier>
  </relatedIdentifiers>
  <sizes>
      <size>48195 bytes</size>
      <size>636 bytes</size>
  </sizes>
  <rights>http://creativecommons.org/publicdomain/zero/1.0/</rights>
  <descriptions>
      <description descriptionType="Other">Made available in DSpace on 2012-08-17T20:07:15Z (GMT). No. of bitstreams: 2&#13;
Microsatellite_and_sex_data.txt: 48195 bytes, checksum: 757896ed88ce2ec9032ec70bf21e7faf (MD5)&#13;
README.txt: 636 bytes, checksum: f03eda63da727dfc831921968214e55e (MD5)</description>
  </descriptions>
</resource></payload></oai_datacite></metadata></record>
