<record xmlns="http://www.openarchives.org/OAI/2.0/" xmlns:xsi="http://www.w3.org/2001/XMLSchema-instance"><header><identifier>oai:oai.datacite.org:1139477</identifier><datestamp>2014-10-07T13:25:16Z</datestamp><setSpec>CDL</setSpec><setSpec>CDL.DRYAD</setSpec></header><metadata><oai_datacite xmlns="http://schema.datacite.org/oai/oai-1.0/" xsi:schemaLocation="http://schema.datacite.org/oai/oai-1.0/ http://schema.datacite.org/oai/oai-1.0/oai.xsd"><isReferenceQuality>false</isReferenceQuality><schemaVersion>2.2</schemaVersion><datacentreSymbol>CDL.DRYAD</datacentreSymbol><payload><resource xmlns="http://datacite.org/schema/kernel-2.2" xmlns:dryad="http://purl.org/dryad/terms/" xmlns:dim="http://www.dspace.org/xmlns/dspace/dim" xmlns:dspace="http://www.dspace.org/xmlns/dspace/dim" xmlns:mets="http://www.loc.gov/METS/" xmlns:xsi="http://www.w3.org/2001/XMLSchema-instance" metadataVersionNumber="1" lastMetadataUpdate="2006-05-04" xsi:schemaLocation="http://datacite.org/schema/kernel-2.2 http://schema.datacite.org/meta/kernel-2.2/metadata.xsd">
  <identifier identifierType="DOI">10.5061/DRYAD.8M0T6</identifier>
  <creators>
      <creator>
         <creatorName>Attard, Catherine R. M.</creatorName>
      </creator>
      <creator>
         <creatorName>Beheregaray, Luciano B.</creatorName>
      </creator>
      <creator>
         <creatorName>Jenner, K. Curt S.</creatorName>
      </creator>
      <creator>
         <creatorName>Gill, Peter C.</creatorName>
      </creator>
      <creator>
         <creatorName>Jenner, Micheline- N.</creatorName>
      </creator>
      <creator>
         <creatorName>Morrice, Margaret G.</creatorName>
      </creator>
      <creator>
         <creatorName>Robertson, Kelly M.</creatorName>
      </creator>
      <creator>
         <creatorName>M&#246;ller, Luciana M.</creatorName>
      </creator>
  </creators>
  <titles>
      <title>Data from: Hybridization of Southern Hemisphere blue whale subspecies and a sympatric area off Antarctica: impacts of whaling or climate change?</title>
  </titles>
  <publisher>Dryad Digital Repository</publisher>
  <publicationYear>2012</publicationYear>
  <subjects>
      <subject>microsatellite DNA</subject>
      <subject>population genetics</subject>
      <subject>admixture</subject>
      <subject>biodiversity conservation</subject>
      <subject>endangered species</subject>
      <subject>waters off Antarctica</subject>
      <subject>waters off Australia</subject>
      <subject>Holocene</subject>
      <subject>Balaenoptera musculus</subject>
      <subject>Balaenoptera musculus intermedia</subject>
      <subject>Balaenoptera musculus brevicauda</subject>
  </subjects>
  <resourceType resourceTypeGeneral="Dataset">DataPackage</resourceType>
  <alternateIdentifiers>
      <alternateIdentifier alternateIdentifierType="citation">Attard CRM, Beheregaray LB, Jenner KCS, Gill PC, Jenner MN, Morrice MG, Robertson KM, M&#246;ller LM (2012) Hybridization of Southern Hemisphere blue whale subspecies and a sympatric area off Antarctica: impacts of whaling or climate change? Molecular Ecology 21(23): 5715&#8211;5727.</alternateIdentifier>
  </alternateIdentifiers>
  <relatedIdentifiers>
      <relatedIdentifier relationType="HasPart" relatedIdentifierType="DOI">10.5061/DRYAD.8M0T6/1</relatedIdentifier>
      <relatedIdentifier relationType="IsReferencedBy" relatedIdentifierType="DOI">10.1111/MEC.12025</relatedIdentifier>
      <relatedIdentifier relationType="IsReferencedBy" relatedIdentifierType="DOI"/>
  </relatedIdentifiers>
  <rights>http://creativecommons.org/publicdomain/zero/1.0/</rights>
</resource></payload></oai_datacite></metadata></record>
