<record xmlns="http://www.openarchives.org/OAI/2.0/" xmlns:xsi="http://www.w3.org/2001/XMLSchema-instance"><header><identifier>oai:oai.datacite.org:1139430</identifier><datestamp>2014-05-29T21:59:10Z</datestamp><setSpec>CDL</setSpec><setSpec>CDL.DRYAD</setSpec></header><metadata><oai_datacite xmlns="http://schema.datacite.org/oai/oai-1.0/" xsi:schemaLocation="http://schema.datacite.org/oai/oai-1.0/ http://schema.datacite.org/oai/oai-1.0/oai.xsd"><isReferenceQuality>false</isReferenceQuality><schemaVersion>2.2</schemaVersion><datacentreSymbol>CDL.DRYAD</datacentreSymbol><payload><resource xmlns="http://datacite.org/schema/kernel-2.2" xmlns:dryad="http://purl.org/dryad/terms/" xmlns:dim="http://www.dspace.org/xmlns/dspace/dim" xmlns:dspace="http://www.dspace.org/xmlns/dspace/dim" xmlns:mets="http://www.loc.gov/METS/" xmlns:xsi="http://www.w3.org/2001/XMLSchema-instance" metadataVersionNumber="1" lastMetadataUpdate="2006-05-04" xsi:schemaLocation="http://datacite.org/schema/kernel-2.2 http://schema.datacite.org/meta/kernel-2.2/metadata.xsd">
  <identifier identifierType="DOI">10.5061/DRYAD.MS5Q038T/1</identifier>
  <creators>
      <creator>
         <creatorName>Mawdsley, Jonathan R.</creatorName>
      </creator>
      <creator>
         <creatorName>Erwin, Terry L.</creatorName>
      </creator>
      <creator>
         <creatorName>Sithole, Hendrik</creatorName>
      </creator>
      <creator>
         <creatorName>Mawdsley, Alice S.</creatorName>
      </creator>
  </creators>
  <titles>
      <title>Cypholoba localities</title>
  </titles>
  <publisher>Dryad Digital Repository</publisher>
  <publicationYear>2012</publicationYear>
  <subjects>
      <subject>identification key</subject>
      <subject>distribution</subject>
      <subject>savanna and woodland ecosystems</subject>
      <subject>conservation</subject>
      <subject>Republic of South Africa</subject>
      <subject>Present-day</subject>
      <subject>Cypholoba</subject>
      <subject>Carabidae</subject>
      <subject>Anthiini</subject>
  </subjects>
  <dates>
      <date dateType="Accepted">2012-08-17</date>
  </dates>
  <resourceType resourceTypeGeneral="Dataset">DataFile</resourceType>
  <relatedIdentifiers>
      <relatedIdentifier relationType="IsPartOf" relatedIdentifierType="DOI">10.5061/DRYAD.MS5Q038T</relatedIdentifier>
  </relatedIdentifiers>
  <rights>http://creativecommons.org/publicdomain/zero/1.0/</rights>
  <descriptions>
      <description descriptionType="Other"/>
  </descriptions>
</resource></payload></oai_datacite></metadata></record>
