<record xmlns="http://www.openarchives.org/OAI/2.0/" xmlns:xsi="http://www.w3.org/2001/XMLSchema-instance"><header><identifier>oai:oai.datacite.org:1139446</identifier><datestamp>2014-05-30T01:22:52Z</datestamp><setSpec>CDL</setSpec><setSpec>CDL.DRYAD</setSpec></header><metadata><oai_datacite xmlns="http://schema.datacite.org/oai/oai-1.0/" xsi:schemaLocation="http://schema.datacite.org/oai/oai-1.0/ http://schema.datacite.org/oai/oai-1.0/oai.xsd"><isReferenceQuality>false</isReferenceQuality><schemaVersion>2.2</schemaVersion><datacentreSymbol>CDL.DRYAD</datacentreSymbol><payload><resource xmlns="http://datacite.org/schema/kernel-2.2" xmlns:dryad="http://purl.org/dryad/terms/" xmlns:dim="http://www.dspace.org/xmlns/dspace/dim" xmlns:dspace="http://www.dspace.org/xmlns/dspace/dim" xmlns:mets="http://www.loc.gov/METS/" xmlns:xsi="http://www.w3.org/2001/XMLSchema-instance" metadataVersionNumber="1" lastMetadataUpdate="2006-05-04" xsi:schemaLocation="http://datacite.org/schema/kernel-2.2 http://schema.datacite.org/meta/kernel-2.2/metadata.xsd">
  <identifier identifierType="DOI">10.5061/DRYAD.842N6</identifier>
  <creators>
      <creator>
         <creatorName>Campagne, Pascal</creatorName>
      </creator>
      <creator>
         <creatorName>Smouse, Peter E.</creatorName>
      </creator>
      <creator>
         <creatorName>Varouchas, Georges</creatorName>
      </creator>
      <creator>
         <creatorName>Silvain, Jean-Francois</creatorName>
      </creator>
      <creator>
         <creatorName>Le R&#252;, Bruno</creatorName>
      </creator>
  </creators>
  <titles>
      <title>Data from: Comparing van Oosterhout and Chybicki-Burczyk methods of estimating null allele frequencies for inbred populations</title>
  </titles>
  <publisher>Dryad Digital Repository</publisher>
  <publicationYear>2012</publicationYear>
  <subjects>
      <subject>Population Genetics - Empirical</subject>
      <subject>Inbreeding</subject>
      <subject>Conservation Genetics</subject>
      <subject>Population Genetics - Theoretical</subject>
  </subjects>
  <resourceType resourceTypeGeneral="Dataset">DataPackage</resourceType>
  <alternateIdentifiers>
      <alternateIdentifier alternateIdentifierType="citation">Campagne P, Smouse PE, Varouchas G, Silvain J, Le R&#252; B (2012) Comparing van Oosterhout and Chybicki-Burczyk methods of estimating null allele frequencies for inbred populations. Molecular Ecology Resources 12(6): 975&#8211;982.</alternateIdentifier>
  </alternateIdentifiers>
  <relatedIdentifiers>
      <relatedIdentifier relationType="HasPart" relatedIdentifierType="DOI">10.5061/DRYAD.842N6/1</relatedIdentifier>
      <relatedIdentifier relationType="IsReferencedBy" relatedIdentifierType="DOI">10.1111/1755-0998.12015</relatedIdentifier>
  </relatedIdentifiers>
  <rights>http://creativecommons.org/publicdomain/zero/1.0/</rights>
</resource></payload></oai_datacite></metadata></record>
