<record xmlns="http://www.openarchives.org/OAI/2.0/" xmlns:xsi="http://www.w3.org/2001/XMLSchema-instance"><header><identifier>oai:oai.datacite.org:1139487</identifier><datestamp>2015-10-26T20:03:00Z</datestamp><setSpec>CDL</setSpec><setSpec>CDL.DRYAD</setSpec></header><metadata><oai_datacite xmlns="http://schema.datacite.org/oai/oai-1.0/" xsi:schemaLocation="http://schema.datacite.org/oai/oai-1.0/ http://schema.datacite.org/oai/oai-1.0/oai.xsd"><isReferenceQuality>false</isReferenceQuality><schemaVersion>2.2</schemaVersion><datacentreSymbol>CDL.DRYAD</datacentreSymbol><payload><resource xmlns="http://datacite.org/schema/kernel-2.2" xmlns:dryad="http://purl.org/dryad/terms/" xmlns:dim="http://www.dspace.org/xmlns/dspace/dim" xmlns:dspace="http://www.dspace.org/xmlns/dspace/dim" xmlns:mets="http://www.loc.gov/METS/" xmlns:xsi="http://www.w3.org/2001/XMLSchema-instance" metadataVersionNumber="1" lastMetadataUpdate="2006-05-04" xsi:schemaLocation="http://datacite.org/schema/kernel-2.2 http://schema.datacite.org/meta/kernel-2.2/metadata.xsd">
  <identifier identifierType="DOI">10.5061/DRYAD.73675/2</identifier>
  <creators>
      <creator>
         <creatorName>Espregueira Themudo, Gon&#231;alo</creatorName>
      </creator>
      <creator>
         <creatorName>Nieman, A. M.</creatorName>
      </creator>
      <creator>
         <creatorName>Arntzen, J. W.</creatorName>
      </creator>
  </creators>
  <titles>
      <title>Locality data of sampling location of Triturus marmoratus and T. pygmaeus</title>
  </titles>
  <publisher>Dryad Digital Repository</publisher>
  <publicationYear>2012</publicationYear>
  <subjects>
      <subject>Amphibians</subject>
      <subject>Ecological Genetics</subject>
      <subject>Molecular Evolution</subject>
      <subject>Phylogeography</subject>
      <subject>Population Genetics - Empirical</subject>
      <subject>Speciation</subject>
      <subject>Iberian Peninsula</subject>
      <subject>France</subject>
      <subject>Triturus marmoratus</subject>
      <subject>Triturus pygmaeus</subject>
  </subjects>
  <dates>
      <date dateType="Accepted">2012-08-17</date>
  </dates>
  <resourceType resourceTypeGeneral="Dataset">DataFile</resourceType>
  <relatedIdentifiers>
      <relatedIdentifier relationType="IsPartOf" relatedIdentifierType="DOI">10.5061/DRYAD.73675</relatedIdentifier>
  </relatedIdentifiers>
  <sizes>
      <size>14382 bytes</size>
  </sizes>
  <rights>http://creativecommons.org/publicdomain/zero/1.0/</rights>
  <descriptions>
      <description descriptionType="Other">Locality data of sampled populations of T. marmoratus and T. pygmaeus, including Locality name and order number, country, hybrid zone area as described in the paper, and GPS coordinates.</description>
  </descriptions>
</resource></payload></oai_datacite></metadata></record>
