<record xmlns="http://www.openarchives.org/OAI/2.0/" xmlns:xsi="http://www.w3.org/2001/XMLSchema-instance"><header><identifier>oai:oai.datacite.org:1139431</identifier><datestamp>2014-05-29T22:02:49Z</datestamp><setSpec>CDL</setSpec><setSpec>CDL.DRYAD</setSpec></header><metadata><oai_datacite xmlns="http://schema.datacite.org/oai/oai-1.0/" xsi:schemaLocation="http://schema.datacite.org/oai/oai-1.0/ http://schema.datacite.org/oai/oai-1.0/oai.xsd"><isReferenceQuality>false</isReferenceQuality><schemaVersion>2.2</schemaVersion><datacentreSymbol>CDL.DRYAD</datacentreSymbol><payload><resource xmlns="http://datacite.org/schema/kernel-2.2" xmlns:dryad="http://purl.org/dryad/terms/" xmlns:dim="http://www.dspace.org/xmlns/dspace/dim" xmlns:dspace="http://www.dspace.org/xmlns/dspace/dim" xmlns:mets="http://www.loc.gov/METS/" xmlns:xsi="http://www.w3.org/2001/XMLSchema-instance" metadataVersionNumber="1" lastMetadataUpdate="2006-05-04" xsi:schemaLocation="http://datacite.org/schema/kernel-2.2 http://schema.datacite.org/meta/kernel-2.2/metadata.xsd">
  <identifier identifierType="DOI">10.5061/DRYAD.6MG14V2Q/2</identifier>
  <creators>
      <creator>
         <creatorName>Ibrahimi, Halil</creatorName>
      </creator>
      <creator>
         <creatorName>Ku&#269;ini&#263;, Mladen</creatorName>
      </creator>
      <creator>
         <creatorName>Gashi, Agim</creatorName>
      </creator>
      <creator>
         <creatorName>Grapci-Kotori, Linda</creatorName>
      </creator>
  </creators>
  <titles>
      <title>Table 2</title>
  </titles>
  <publisher>Dryad Digital Repository</publisher>
  <publicationYear>2012</publicationYear>
  <subjects>
      <subject>aquatic insects</subject>
      <subject>Kosovo</subject>
      <subject>Balkan Peninsula</subject>
      <subject>Europe</subject>
      <subject>Tinodes janssensi</subject>
      <subject>Psychomyia klapaleki</subject>
      <subject>Potamophylax schmidi</subject>
      <subject>Hydropsyche emarginata</subject>
      <subject>Drusus botosaneanui</subject>
      <subject>Agapetus delicatulus</subject>
      <subject>Potamophylax rotundipennis</subject>
      <subject>Ceraclea albimacula</subject>
      <subject>Helicopsyche bacescui</subject>
      <subject>Adicella filicornis</subject>
      <subject>Beraea maurus</subject>
      <subject>Beraeamyia hrabei</subject>
      <subject>Trichoptera</subject>
  </subjects>
  <dates>
      <date dateType="Accepted">2012-08-17</date>
  </dates>
  <resourceType resourceTypeGeneral="Dataset">DataFile</resourceType>
  <relatedIdentifiers>
      <relatedIdentifier relationType="IsPartOf" relatedIdentifierType="DOI">10.5061/DRYAD.6MG14V2Q</relatedIdentifier>
  </relatedIdentifiers>
  <rights>http://creativecommons.org/publicdomain/zero/1.0/</rights>
  <descriptions>
      <description descriptionType="Other"/>
  </descriptions>
</resource></payload></oai_datacite></metadata></record>
