<record xmlns="http://www.openarchives.org/OAI/2.0/" xmlns:xsi="http://www.w3.org/2001/XMLSchema-instance"><header><identifier>oai:oai.datacite.org:1139448</identifier><datestamp>2015-10-26T20:06:12Z</datestamp><setSpec>CDL</setSpec><setSpec>CDL.DRYAD</setSpec></header><metadata><oai_datacite xmlns="http://schema.datacite.org/oai/oai-1.0/" xsi:schemaLocation="http://schema.datacite.org/oai/oai-1.0/ http://schema.datacite.org/oai/oai-1.0/oai.xsd"><isReferenceQuality>false</isReferenceQuality><schemaVersion>2.2</schemaVersion><datacentreSymbol>CDL.DRYAD</datacentreSymbol><payload><resource xmlns="http://datacite.org/schema/kernel-2.2" xmlns:dryad="http://purl.org/dryad/terms/" xmlns:dim="http://www.dspace.org/xmlns/dspace/dim" xmlns:dspace="http://www.dspace.org/xmlns/dspace/dim" xmlns:mets="http://www.loc.gov/METS/" xmlns:xsi="http://www.w3.org/2001/XMLSchema-instance" metadataVersionNumber="1" lastMetadataUpdate="2006-05-04" xsi:schemaLocation="http://datacite.org/schema/kernel-2.2 http://schema.datacite.org/meta/kernel-2.2/metadata.xsd">
  <identifier identifierType="DOI">10.5061/DRYAD.77R3P</identifier>
  <creators>
      <creator>
         <creatorName>Dubuc Messier, Gabrielle</creatorName>
      </creator>
      <creator>
         <creatorName>Garant, Dany</creatorName>
      </creator>
      <creator>
         <creatorName>Bergeron, Patrick</creatorName>
      </creator>
      <creator>
         <creatorName>R&#233;ale, Denis</creatorName>
      </creator>
  </creators>
  <titles>
      <title>Data from: Environmental conditions affect spatial genetic structures and dispersal patterns in a solitary rodent</title>
  </titles>
  <publisher>Dryad Digital Repository</publisher>
  <publicationYear>2012</publicationYear>
  <subjects>
      <subject>context-dependent dispersal</subject>
      <subject>spatial genetic structure</subject>
      <subject>natal dispersal</subject>
      <subject>environmental variability</subject>
      <subject>eastern chipmunks</subject>
      <subject>Tamias striatus</subject>
  </subjects>
  <resourceType resourceTypeGeneral="Dataset">DataPackage</resourceType>
  <alternateIdentifiers>
      <alternateIdentifier alternateIdentifierType="citation">Dubuc Messier G, Garant D, Bergeron P, R&#233;ale D (2012) Environmental conditions affect spatial genetic structures and dispersal patterns in a solitary rodent. Molecular Ecology 21(21): 5363&#8211;5373.</alternateIdentifier>
  </alternateIdentifiers>
  <relatedIdentifiers>
      <relatedIdentifier relationType="HasPart" relatedIdentifierType="DOI">10.5061/DRYAD.77R3P/1</relatedIdentifier>
      <relatedIdentifier relationType="IsReferencedBy" relatedIdentifierType="DOI">10.1111/MEC.12022</relatedIdentifier>
      <relatedIdentifier relationType="IsReferencedBy" relatedIdentifierType="DOI"/>
  </relatedIdentifiers>
  <rights>http://creativecommons.org/publicdomain/zero/1.0/</rights>
</resource></payload></oai_datacite></metadata></record>
