<record xmlns="http://www.openarchives.org/OAI/2.0/" xmlns:xsi="http://www.w3.org/2001/XMLSchema-instance"><header><identifier>oai:oai.datacite.org:1199825</identifier><datestamp>2015-10-02T15:00:01Z</datestamp><setSpec>CDL</setSpec><setSpec>CDL.DRYAD</setSpec></header><metadata><oai_datacite xmlns="http://schema.datacite.org/oai/oai-1.0/" xsi:schemaLocation="http://schema.datacite.org/oai/oai-1.0/ http://schema.datacite.org/oai/oai-1.0/oai.xsd"><isReferenceQuality>false</isReferenceQuality><schemaVersion>2.2</schemaVersion><datacentreSymbol>CDL.DRYAD</datacentreSymbol><payload><resource xmlns="http://datacite.org/schema/kernel-2.2" xmlns:dryad="http://purl.org/dryad/terms/" xmlns:dim="http://www.dspace.org/xmlns/dspace/dim" xmlns:dspace="http://www.dspace.org/xmlns/dspace/dim" xmlns:mets="http://www.loc.gov/METS/" xmlns:xsi="http://www.w3.org/2001/XMLSchema-instance" metadataVersionNumber="1" lastMetadataUpdate="2006-05-04" xsi:schemaLocation="http://datacite.org/schema/kernel-2.2 http://schema.datacite.org/meta/kernel-2.2/metadata.xsd">
  <identifier identifierType="DOI">10.5061/DRYAD.VF1MS</identifier>
  <creators>
      <creator>
         <creatorName>Colombo, Marco</creatorName>
      </creator>
      <creator>
         <creatorName>Diepeveen, Eveline T.</creatorName>
      </creator>
      <creator>
         <creatorName>Muschick, Moritz</creatorName>
      </creator>
      <creator>
         <creatorName>Santos, M. Emilia</creatorName>
      </creator>
      <creator>
         <creatorName>Indermaur, Adrian</creatorName>
      </creator>
      <creator>
         <creatorName>Boileau, Nicolas</creatorName>
      </creator>
      <creator>
         <creatorName>Barluenga, Marta</creatorName>
      </creator>
      <creator>
         <creatorName>Salzburger, Walter</creatorName>
      </creator>
  </creators>
  <titles>
      <title>Data from: The ecological and genetic basis of convergent thick-lipped phenotypes in cichlid fishes</title>
  </titles>
  <publisher>Dryad Digital Repository</publisher>
  <publicationYear>2012</publicationYear>
  <subjects>
      <subject>adaptive radiation</subject>
      <subject>ecological genomics</subject>
      <subject>convergent evolution</subject>
      <subject>cichlid species flocks</subject>
      <subject>RNAseq</subject>
      <subject>East Africa</subject>
  </subjects>
  <resourceType resourceTypeGeneral="Dataset">DataPackage</resourceType>
  <alternateIdentifiers>
      <alternateIdentifier alternateIdentifierType="citation">Colombo M, Diepeveen E, Muschick M, Santos E, Indermaur A, Boileau N, Barluenga M, Salzburger W (2012) The ecological and genetic basis of convergent thick-lipped phenotypes in cichlid fishes. Molecular Ecology 22(3): 670&#8211;684.</alternateIdentifier>
  </alternateIdentifiers>
  <relatedIdentifiers>
      <relatedIdentifier relationType="HasPart" relatedIdentifierType="DOI">10.5061/DRYAD.VF1MS/1</relatedIdentifier>
      <relatedIdentifier relationType="HasPart" relatedIdentifierType="DOI">10.5061/DRYAD.VF1MS/2</relatedIdentifier>
      <relatedIdentifier relationType="HasPart" relatedIdentifierType="DOI">10.5061/DRYAD.VF1MS/3</relatedIdentifier>
      <relatedIdentifier relationType="HasPart" relatedIdentifierType="DOI">10.5061/DRYAD.VF1MS/4</relatedIdentifier>
      <relatedIdentifier relationType="HasPart" relatedIdentifierType="DOI">10.5061/DRYAD.VF1MS/5</relatedIdentifier>
      <relatedIdentifier relationType="IsReferencedBy" relatedIdentifierType="DOI">10.1111/MEC.12029</relatedIdentifier>
      <relatedIdentifier relationType="IsReferencedBy" relatedIdentifierType="DOI"/>
  </relatedIdentifiers>
  <rights>http://creativecommons.org/publicdomain/zero/1.0/</rights>
</resource></payload></oai_datacite></metadata></record>
