<record xmlns="http://www.openarchives.org/OAI/2.0/" xmlns:xsi="http://www.w3.org/2001/XMLSchema-instance"><header><identifier>oai:oai.datacite.org:1199941</identifier><datestamp>2015-08-20T18:36:53Z</datestamp><setSpec>CDL</setSpec><setSpec>CDL.DRYAD</setSpec></header><metadata><oai_datacite xmlns="http://schema.datacite.org/oai/oai-1.0/" xsi:schemaLocation="http://schema.datacite.org/oai/oai-1.0/ http://schema.datacite.org/oai/oai-1.0/oai.xsd"><isReferenceQuality>false</isReferenceQuality><schemaVersion>2.2</schemaVersion><datacentreSymbol>CDL.DRYAD</datacentreSymbol><payload><resource xmlns="http://datacite.org/schema/kernel-2.2" xmlns:dryad="http://purl.org/dryad/terms/" xmlns:dim="http://www.dspace.org/xmlns/dspace/dim" xmlns:dspace="http://www.dspace.org/xmlns/dspace/dim" xmlns:mets="http://www.loc.gov/METS/" xmlns:xsi="http://www.w3.org/2001/XMLSchema-instance" metadataVersionNumber="1" lastMetadataUpdate="2006-05-04" xsi:schemaLocation="http://datacite.org/schema/kernel-2.2 http://schema.datacite.org/meta/kernel-2.2/metadata.xsd">
  <identifier identifierType="DOI">10.5061/DRYAD.3R4J45D2/5</identifier>
  <creators>
      <creator>
         <creatorName>Wheat, Christopher W.</creatorName>
      </creator>
      <creator>
         <creatorName>Wahlberg, Niklas</creatorName>
      </creator>
  </creators>
  <titles>
      <title>FigS1 v2</title>
  </titles>
  <publisher>Dryad Digital Repository</publisher>
  <publicationYear>2015</publicationYear>
  <subjects>
      <subject>phylogenomics</subject>
      <subject>Cambrian explosion</subject>
      <subject>Timing of Divergence</subject>
      <subject>Bayesian relaxed clock</subject>
      <subject>macroevolution</subject>
      <subject>genomic model systems</subject>
      <subject>comparative genomics</subject>
      <subject>arthropod</subject>
  </subjects>
  <dates>
      <date dateType="Accepted">2012-09-04</date>
  </dates>
  <resourceType resourceTypeGeneral="Dataset">DataFile</resourceType>
  <relatedIdentifiers>
      <relatedIdentifier relationType="IsPartOf" relatedIdentifierType="DOI">10.5061/DRYAD.3R4J45D2.2</relatedIdentifier>
  </relatedIdentifiers>
  <sizes>
      <size>6512066 bytes</size>
  </sizes>
  <rights>http://creativecommons.org/publicdomain/zero/1.0/</rights>
  <descriptions>
      <description descriptionType="Other">Figure S1. Schematic of the &#8216;short fuse&#8217; Cambrian explosion simulation analyses. Using all branch lengths &lt; 520 Ma identical to our Observed Tree (panel A) for a subset of taxa necessary to include all of our calibration points, branch lengths of basal lineages &gt; 520 Ma were modified to conform to a &#8216;short fuse&#8217; Cambrian explosion event at 540 to 530 Ma (panel B). Branch lengths of this resulting tree were then modified at different levels of autocorrelated rate variation (panel C). For no rate variation among branches, the coefficient of variation (CoV) among branch rates is 0 (and there is only 1 tree). For each of the higher levels of rate variation, 10 different realizations of autocorrelated branch length manipulation were generated (with some examples shown in panel C). Each of these trees was then used as a template for generating simulated DNA datasets and then analyzed using BEAST and the same parameters as our observed data. Histograms of the distribution of posterior estimates for the age of the Arthropoda are show, for the three different levels of CoV shown in panel C, with posterior values pooled among replicates.</description>
  </descriptions>
</resource></payload></oai_datacite></metadata></record>
