<record xmlns="http://www.openarchives.org/OAI/2.0/" xmlns:xsi="http://www.w3.org/2001/XMLSchema-instance"><header><identifier>oai:oai.datacite.org:1199585</identifier><datestamp>2015-10-26T20:10:12Z</datestamp><setSpec>CDL</setSpec><setSpec>CDL.DRYAD</setSpec></header><metadata><oai_datacite xmlns="http://schema.datacite.org/oai/oai-1.0/" xsi:schemaLocation="http://schema.datacite.org/oai/oai-1.0/ http://schema.datacite.org/oai/oai-1.0/oai.xsd"><isReferenceQuality>false</isReferenceQuality><schemaVersion>2.2</schemaVersion><datacentreSymbol>CDL.DRYAD</datacentreSymbol><payload><resource xmlns="http://datacite.org/schema/kernel-2.2" xmlns:dryad="http://purl.org/dryad/terms/" xmlns:dim="http://www.dspace.org/xmlns/dspace/dim" xmlns:dspace="http://www.dspace.org/xmlns/dspace/dim" xmlns:mets="http://www.loc.gov/METS/" xmlns:xsi="http://www.w3.org/2001/XMLSchema-instance" metadataVersionNumber="1" lastMetadataUpdate="2006-05-04" xsi:schemaLocation="http://datacite.org/schema/kernel-2.2 http://schema.datacite.org/meta/kernel-2.2/metadata.xsd">
  <identifier identifierType="DOI">10.5061/DRYAD.78NT1</identifier>
  <creators>
      <creator>
         <creatorName>McClain, Craig R.</creatorName>
      </creator>
      <creator>
         <creatorName>Allen, Andrew P.</creatorName>
      </creator>
      <creator>
         <creatorName>Tittensor, Derek P.</creatorName>
      </creator>
      <creator>
         <creatorName>Rex, Michael A.</creatorName>
      </creator>
  </creators>
  <titles>
      <title>Data from: The energetics of life on the deep seafloor</title>
  </titles>
  <publisher>Dryad Digital Repository</publisher>
  <publicationYear>2012</publicationYear>
  <subjects>
      <subject>body size</subject>
      <subject>temperature</subject>
      <subject>food</subject>
      <subject>metabolism</subject>
      <subject>diversity</subject>
      <subject>standing stock</subject>
      <subject>biomass</subject>
      <subject>growth</subject>
      <subject>lifespan</subject>
      <subject>energetics</subject>
      <subject>deep sea</subject>
      <subject>marine</subject>
      <subject>Global</subject>
      <subject>Atlantic Ocean</subject>
      <subject>Modern</subject>
      <subject>Metazoa</subject>
      <subject>Gastropoda</subject>
      <subject>Bivalvia</subject>
  </subjects>
  <resourceType resourceTypeGeneral="Dataset">DataPackage</resourceType>
  <alternateIdentifiers>
      <alternateIdentifier alternateIdentifierType="citation">McClain CR, Allen AP, Tittensor DP, Rex MA (2012) The energetics of life on the deep seafloor. Proceedings of the National Academy of Sciences of the United States of America 109(38): 15366&#8211;15371.</alternateIdentifier>
  </alternateIdentifiers>
  <relatedIdentifiers>
      <relatedIdentifier relationType="HasPart" relatedIdentifierType="DOI">10.5061/DRYAD.78NT1/1</relatedIdentifier>
      <relatedIdentifier relationType="HasPart" relatedIdentifierType="DOI">10.5061/DRYAD.78NT1/2</relatedIdentifier>
      <relatedIdentifier relationType="HasPart" relatedIdentifierType="DOI">10.5061/DRYAD.78NT1/3</relatedIdentifier>
      <relatedIdentifier relationType="HasPart" relatedIdentifierType="DOI">10.5061/DRYAD.78NT1/4</relatedIdentifier>
      <relatedIdentifier relationType="HasPart" relatedIdentifierType="DOI">10.5061/DRYAD.78NT1/5</relatedIdentifier>
      <relatedIdentifier relationType="IsReferencedBy" relatedIdentifierType="DOI">10.1073/PNAS.1208976109</relatedIdentifier>
      <relatedIdentifier relationType="IsReferencedBy" relatedIdentifierType="DOI"/>
  </relatedIdentifiers>
  <rights>http://creativecommons.org/publicdomain/zero/1.0/</rights>
</resource></payload></oai_datacite></metadata></record>
