<record xmlns="http://www.openarchives.org/OAI/2.0/" xmlns:xsi="http://www.w3.org/2001/XMLSchema-instance"><header><identifier>oai:oai.datacite.org:1199467</identifier><datestamp>2014-05-29T22:00:56Z</datestamp><setSpec>CDL</setSpec><setSpec>CDL.DRYAD</setSpec></header><metadata><oai_datacite xmlns="http://schema.datacite.org/oai/oai-1.0/" xsi:schemaLocation="http://schema.datacite.org/oai/oai-1.0/ http://schema.datacite.org/oai/oai-1.0/oai.xsd"><isReferenceQuality>false</isReferenceQuality><schemaVersion>2.2</schemaVersion><datacentreSymbol>CDL.DRYAD</datacentreSymbol><payload><resource xmlns="http://datacite.org/schema/kernel-2.2" xmlns:dryad="http://purl.org/dryad/terms/" xmlns:dim="http://www.dspace.org/xmlns/dspace/dim" xmlns:dspace="http://www.dspace.org/xmlns/dspace/dim" xmlns:mets="http://www.loc.gov/METS/" xmlns:xsi="http://www.w3.org/2001/XMLSchema-instance" metadataVersionNumber="1" lastMetadataUpdate="2006-05-04" xsi:schemaLocation="http://datacite.org/schema/kernel-2.2 http://schema.datacite.org/meta/kernel-2.2/metadata.xsd">
  <identifier identifierType="DOI">10.5061/DRYAD.B4783</identifier>
  <creators>
      <creator>
         <creatorName>Metcalf, Jessica L.</creatorName>
      </creator>
      <creator>
         <creatorName>Love Stowell, Sierra L.</creatorName>
      </creator>
      <creator>
         <creatorName>Kennedy, Christopher M.</creatorName>
      </creator>
      <creator>
         <creatorName>Rogers, Kevin B.</creatorName>
      </creator>
      <creator>
         <creatorName>McDonald, Daniel</creatorName>
      </creator>
      <creator>
         <creatorName>Keepers, Kyle</creatorName>
      </creator>
      <creator>
         <creatorName>Epp, Janet</creatorName>
      </creator>
      <creator>
         <creatorName>Cooper, Alan</creatorName>
      </creator>
      <creator>
         <creatorName>Austin, Jeremy J.</creatorName>
      </creator>
      <creator>
         <creatorName>Martin, Andrew P.</creatorName>
      </creator>
  </creators>
  <titles>
      <title>Data from: Historical stocking data and 19th century DNA reveal human-induced changes to native diversity and distribution of cutthroat trout</title>
  </titles>
  <publisher>Dryad Digital Repository</publisher>
  <publicationYear>2012</publicationYear>
  <subjects>
      <subject>Conservation Genetics</subject>
      <subject>historic records</subject>
      <subject>Phylogeography</subject>
      <subject>ancient DNA</subject>
      <subject>greenback cutthroat trout</subject>
      <subject>Colorado</subject>
      <subject>USA</subject>
      <subject>historic (150 years)</subject>
      <subject>Oncorhynchus clarkii stomias</subject>
      <subject>Oncorhynchus clarkii</subject>
  </subjects>
  <resourceType resourceTypeGeneral="Dataset">DataPackage</resourceType>
  <alternateIdentifiers>
      <alternateIdentifier alternateIdentifierType="citation">Metcalf JL, Love Stowell SL, Kennedy CM, Rogers KB, McDonald D, Keepers K, Epp J, Cooper A, Austin JJ, Martin AP (2012) Historical stocking data and 19th century DNA reveal human-induced changes to native diversity and distribution of cutthroat trout. Molecular Ecology 21(21): 5194&#8211;5207.</alternateIdentifier>
  </alternateIdentifiers>
  <relatedIdentifiers>
      <relatedIdentifier relationType="HasPart" relatedIdentifierType="DOI">10.5061/DRYAD.B4783/1</relatedIdentifier>
      <relatedIdentifier relationType="HasPart" relatedIdentifierType="DOI">10.5061/DRYAD.B4783/2</relatedIdentifier>
      <relatedIdentifier relationType="HasPart" relatedIdentifierType="DOI">10.5061/DRYAD.B4783/3</relatedIdentifier>
      <relatedIdentifier relationType="HasPart" relatedIdentifierType="DOI">10.5061/DRYAD.B4783/4</relatedIdentifier>
      <relatedIdentifier relationType="HasPart" relatedIdentifierType="DOI">10.5061/DRYAD.B4783/5</relatedIdentifier>
      <relatedIdentifier relationType="HasPart" relatedIdentifierType="DOI">10.5061/DRYAD.B4783/6</relatedIdentifier>
      <relatedIdentifier relationType="HasPart" relatedIdentifierType="DOI">10.5061/DRYAD.B4783/7</relatedIdentifier>
      <relatedIdentifier relationType="IsReferencedBy" relatedIdentifierType="DOI">10.1111/MEC.12028</relatedIdentifier>
      <relatedIdentifier relationType="IsReferencedBy" relatedIdentifierType="DOI"/>
  </relatedIdentifiers>
  <rights>http://creativecommons.org/publicdomain/zero/1.0/</rights>
</resource></payload></oai_datacite></metadata></record>
