<record xmlns="http://www.openarchives.org/OAI/2.0/" xmlns:xsi="http://www.w3.org/2001/XMLSchema-instance"><header><identifier>oai:oai.datacite.org:1199832</identifier><datestamp>2015-10-13T17:48:13Z</datestamp><setSpec>CDL</setSpec><setSpec>CDL.DRYAD</setSpec></header><metadata><oai_datacite xmlns="http://schema.datacite.org/oai/oai-1.0/" xsi:schemaLocation="http://schema.datacite.org/oai/oai-1.0/ http://schema.datacite.org/oai/oai-1.0/oai.xsd"><isReferenceQuality>false</isReferenceQuality><schemaVersion>2.2</schemaVersion><datacentreSymbol>CDL.DRYAD</datacentreSymbol><payload><resource xmlns="http://datacite.org/schema/kernel-2.2" xmlns:dryad="http://purl.org/dryad/terms/" xmlns:dim="http://www.dspace.org/xmlns/dspace/dim" xmlns:dspace="http://www.dspace.org/xmlns/dspace/dim" xmlns:mets="http://www.loc.gov/METS/" xmlns:xsi="http://www.w3.org/2001/XMLSchema-instance" metadataVersionNumber="1" lastMetadataUpdate="2006-05-04" xsi:schemaLocation="http://datacite.org/schema/kernel-2.2 http://schema.datacite.org/meta/kernel-2.2/metadata.xsd">
  <identifier identifierType="DOI">10.5061/DRYAD.KG45V</identifier>
  <creators>
      <creator>
         <creatorName>Heuvel, Joost van den</creatorName>
      </creator>
      <creator>
         <creatorName>Saastamoinen, Marjo</creatorName>
      </creator>
      <creator>
         <creatorName>Brakefield, Paul M.</creatorName>
      </creator>
      <creator>
         <creatorName>Kirkwood, Thomas B. L.</creatorName>
      </creator>
      <creator>
         <creatorName>Zwaan, Bas J.</creatorName>
      </creator>
      <creator>
         <creatorName>Shanley, Daryl P.</creatorName>
      </creator>
  </creators>
  <titles>
      <title>Data from: The predictive adaptive response: modeling the life history evolution of the butterfly, Bicyclus anynana, in seasonal environments.</title>
  </titles>
  <publisher>Dryad Digital Repository</publisher>
  <publicationYear>2012</publicationYear>
  <subjects>
      <subject>Ecology: evolutionary</subject>
      <subject>Evolution: physiological</subject>
      <subject>Life history</subject>
      <subject>Modeling: individual based</subject>
      <subject>Modeling: stochastic spatial</subject>
      <subject>Phenotypic plasticity</subject>
      <subject>Polymorphism</subject>
      <subject>Resource allocation</subject>
      <subject>Theory</subject>
      <subject>Trade offs</subject>
      <subject>Bicyclus anynana</subject>
  </subjects>
  <resourceType resourceTypeGeneral="Dataset">DataPackage</resourceType>
  <alternateIdentifiers>
      <alternateIdentifier alternateIdentifierType="citation">Heuvel Jvd, Saastamoinen M, Brakefield PM, Kirkwood TBL, Zwaan BJ, Shanley DP (2013) The predictive adaptive response: modeling the life history evolution of the butterfly, Bicyclus anynana, in seasonal environments. The American Naturalist 181(2): E28-E42.</alternateIdentifier>
  </alternateIdentifiers>
  <relatedIdentifiers>
      <relatedIdentifier relationType="HasPart" relatedIdentifierType="DOI">10.5061/DRYAD.KG45V/1</relatedIdentifier>
      <relatedIdentifier relationType="HasPart" relatedIdentifierType="DOI">10.5061/DRYAD.KG45V/2</relatedIdentifier>
      <relatedIdentifier relationType="HasPart" relatedIdentifierType="DOI">10.5061/DRYAD.KG45V/3</relatedIdentifier>
      <relatedIdentifier relationType="HasPart" relatedIdentifierType="DOI">10.5061/DRYAD.KG45V/4</relatedIdentifier>
      <relatedIdentifier relationType="HasPart" relatedIdentifierType="DOI">10.5061/DRYAD.KG45V/5</relatedIdentifier>
      <relatedIdentifier relationType="HasPart" relatedIdentifierType="DOI">10.5061/DRYAD.KG45V/6</relatedIdentifier>
      <relatedIdentifier relationType="HasPart" relatedIdentifierType="DOI">10.5061/DRYAD.KG45V/7</relatedIdentifier>
      <relatedIdentifier relationType="HasPart" relatedIdentifierType="DOI">10.5061/DRYAD.KG45V/8</relatedIdentifier>
      <relatedIdentifier relationType="IsReferencedBy" relatedIdentifierType="DOI">10.1086/668818</relatedIdentifier>
      <relatedIdentifier relationType="IsReferencedBy" relatedIdentifierType="DOI"/>
  </relatedIdentifiers>
  <rights>http://creativecommons.org/publicdomain/zero/1.0/</rights>
</resource></payload></oai_datacite></metadata></record>
