<record xmlns="http://www.openarchives.org/OAI/2.0/" xmlns:xsi="http://www.w3.org/2001/XMLSchema-instance"><header><identifier>oai:oai.datacite.org:1199465</identifier><datestamp>2014-05-29T22:01:34Z</datestamp><setSpec>CDL</setSpec><setSpec>CDL.DRYAD</setSpec></header><metadata><oai_datacite xmlns="http://schema.datacite.org/oai/oai-1.0/" xsi:schemaLocation="http://schema.datacite.org/oai/oai-1.0/ http://schema.datacite.org/oai/oai-1.0/oai.xsd"><isReferenceQuality>false</isReferenceQuality><schemaVersion>2.2</schemaVersion><datacentreSymbol>CDL.DRYAD</datacentreSymbol><payload><resource xmlns="http://datacite.org/schema/kernel-2.2" xmlns:dryad="http://purl.org/dryad/terms/" xmlns:dim="http://www.dspace.org/xmlns/dspace/dim" xmlns:dspace="http://www.dspace.org/xmlns/dspace/dim" xmlns:mets="http://www.loc.gov/METS/" xmlns:xsi="http://www.w3.org/2001/XMLSchema-instance" metadataVersionNumber="1" lastMetadataUpdate="2006-05-04" xsi:schemaLocation="http://datacite.org/schema/kernel-2.2 http://schema.datacite.org/meta/kernel-2.2/metadata.xsd">
  <identifier identifierType="DOI">10.5061/DRYAD.4298P/1</identifier>
  <creators>
      <creator>
         <creatorName>Pekkala, N.</creatorName>
      </creator>
      <creator>
         <creatorName>Knott, K. E.</creatorName>
      </creator>
      <creator>
         <creatorName>Kotiaho, J. S.</creatorName>
      </creator>
      <creator>
         <creatorName>Nissinen, K.</creatorName>
      </creator>
      <creator>
         <creatorName>Puurtinen, M.</creatorName>
      </creator>
  </creators>
  <titles>
      <title>Offspring data</title>
  </titles>
  <publisher>Dryad Digital Repository</publisher>
  <publicationYear>2012</publicationYear>
  <subjects>
      <subject>Population genetics</subject>
      <subject>Ecological genetics</subject>
      <subject>Natural selection</subject>
      <subject>Conservation genetics</subject>
      <subject>Inbreeding</subject>
      <subject>Hybridization</subject>
      <subject>Genetic rescue</subject>
      <subject>Drosophila littoralis</subject>
  </subjects>
  <dates>
      <date dateType="Accepted">2012-08-20</date>
  </dates>
  <resourceType resourceTypeGeneral="Dataset">DataFile</resourceType>
  <relatedIdentifiers>
      <relatedIdentifier relationType="IsPartOf" relatedIdentifierType="DOI">10.5061/DRYAD.4298P</relatedIdentifier>
  </relatedIdentifiers>
  <rights>http://creativecommons.org/publicdomain/zero/1.0/</rights>
  <descriptions>
      <description descriptionType="Other"/>
  </descriptions>
</resource></payload></oai_datacite></metadata></record>
