<record xmlns="http://www.openarchives.org/OAI/2.0/" xmlns:xsi="http://www.w3.org/2001/XMLSchema-instance"><header><identifier>oai:oai.datacite.org:1199828</identifier><datestamp>2014-05-29T22:09:52Z</datestamp><setSpec>CDL</setSpec><setSpec>CDL.DRYAD</setSpec></header><metadata><oai_datacite xmlns="http://schema.datacite.org/oai/oai-1.0/" xsi:schemaLocation="http://schema.datacite.org/oai/oai-1.0/ http://schema.datacite.org/oai/oai-1.0/oai.xsd"><isReferenceQuality>false</isReferenceQuality><schemaVersion>2.2</schemaVersion><datacentreSymbol>CDL.DRYAD</datacentreSymbol><payload><resource xmlns="http://datacite.org/schema/kernel-2.2" xmlns:dryad="http://purl.org/dryad/terms/" xmlns:dim="http://www.dspace.org/xmlns/dspace/dim" xmlns:dspace="http://www.dspace.org/xmlns/dspace/dim" xmlns:mets="http://www.loc.gov/METS/" xmlns:xsi="http://www.w3.org/2001/XMLSchema-instance" metadataVersionNumber="1" lastMetadataUpdate="2006-05-04" xsi:schemaLocation="http://datacite.org/schema/kernel-2.2 http://schema.datacite.org/meta/kernel-2.2/metadata.xsd">
  <identifier identifierType="DOI">10.5061/DRYAD.VF1MS/3</identifier>
  <creators>
      <creator>
         <creatorName>Colombo, Marco</creatorName>
      </creator>
      <creator>
         <creatorName>Diepeveen, Eveline T.</creatorName>
      </creator>
      <creator>
         <creatorName>Muschick, Moritz</creatorName>
      </creator>
      <creator>
         <creatorName>Santos, M. Emilia</creatorName>
      </creator>
      <creator>
         <creatorName>Indermaur, Adrian</creatorName>
      </creator>
      <creator>
         <creatorName>Boileau, Nicolas</creatorName>
      </creator>
      <creator>
         <creatorName>Barluenga, Marta</creatorName>
      </creator>
      <creator>
         <creatorName>Salzburger, Walter</creatorName>
      </creator>
  </creators>
  <titles>
      <title>qPCR2</title>
  </titles>
  <publisher>Dryad Digital Repository</publisher>
  <publicationYear>2012</publicationYear>
  <subjects>
      <subject>adaptive radiation</subject>
      <subject>ecological genomics</subject>
      <subject>convergent evolution</subject>
      <subject>cichlid species flocks</subject>
      <subject>RNAseq</subject>
      <subject>East Africa</subject>
  </subjects>
  <dates>
      <date dateType="Accepted">2012-10-11</date>
  </dates>
  <resourceType resourceTypeGeneral="Dataset">DataFile</resourceType>
  <relatedIdentifiers>
      <relatedIdentifier relationType="IsPartOf" relatedIdentifierType="DOI">10.5061/DRYAD.VF1MS</relatedIdentifier>
  </relatedIdentifiers>
  <rights>http://creativecommons.org/publicdomain/zero/1.0/</rights>
  <descriptions>
      <description descriptionType="Other"/>
  </descriptions>
</resource></payload></oai_datacite></metadata></record>
