<record xmlns="http://www.openarchives.org/OAI/2.0/" xmlns:xsi="http://www.w3.org/2001/XMLSchema-instance"><header><identifier>oai:oai.datacite.org:1199842</identifier><datestamp>2015-10-26T20:25:21Z</datestamp><setSpec>CDL</setSpec><setSpec>CDL.DRYAD</setSpec></header><metadata><oai_datacite xmlns="http://schema.datacite.org/oai/oai-1.0/" xsi:schemaLocation="http://schema.datacite.org/oai/oai-1.0/ http://schema.datacite.org/oai/oai-1.0/oai.xsd"><isReferenceQuality>false</isReferenceQuality><schemaVersion>2.2</schemaVersion><datacentreSymbol>CDL.DRYAD</datacentreSymbol><payload><resource xmlns="http://datacite.org/schema/kernel-2.2" xmlns:dryad="http://purl.org/dryad/terms/" xmlns:dim="http://www.dspace.org/xmlns/dspace/dim" xmlns:dspace="http://www.dspace.org/xmlns/dspace/dim" xmlns:mets="http://www.loc.gov/METS/" xmlns:xsi="http://www.w3.org/2001/XMLSchema-instance" metadataVersionNumber="1" lastMetadataUpdate="2006-05-04" xsi:schemaLocation="http://datacite.org/schema/kernel-2.2 http://schema.datacite.org/meta/kernel-2.2/metadata.xsd">
  <identifier identifierType="DOI">10.5061/DRYAD.7B87B/1</identifier>
  <creators>
      <creator>
         <creatorName>Ronikier, Michal</creatorName>
      </creator>
      <creator>
         <creatorName>Schneeweiss, Gerald M.</creatorName>
      </creator>
      <creator>
         <creatorName>Sch&#246;nswetter, Peter</creatorName>
      </creator>
  </creators>
  <titles>
      <title>Plastid DNA sequence alignment (non-coding regions rpl32-trnL and rps12-rpl20) of Ranunculus glacialis s.l.</title>
  </titles>
  <publisher>Dryad Digital Repository</publisher>
  <publicationYear>2012</publicationYear>
  <subjects>
      <subject>Arctic</subject>
      <subject>disjunction</subject>
      <subject>Climate Change</subject>
      <subject>European Alpine System</subject>
      <subject>migration</subject>
      <subject>refugia</subject>
      <subject>phylogeography</subject>
      <subject>Europe</subject>
      <subject>European Alpine System</subject>
      <subject>north-Atlantic Arctic</subject>
      <subject>Beringia</subject>
      <subject>Alaska</subject>
      <subject>Quaternary</subject>
      <subject>Ranunculus glacialis</subject>
      <subject>Ranunculus camissonis</subject>
  </subjects>
  <dates>
      <date dateType="Accepted">2012-08-22</date>
  </dates>
  <resourceType resourceTypeGeneral="Dataset">DataFile</resourceType>
  <relatedIdentifiers>
      <relatedIdentifier relationType="IsPartOf" relatedIdentifierType="DOI">10.5061/DRYAD.7B87B</relatedIdentifier>
  </relatedIdentifiers>
  <sizes>
      <size>316112 bytes</size>
  </sizes>
  <rights>http://creativecommons.org/publicdomain/zero/1.0/</rights>
  <descriptions>
      <description descriptionType="Other">The file contains the alignment of sequences used for the BEAST analysis of plastid DNA variation (concatenated sequences of non-coding regions rpl32-trnL and rps12-rpl20)in Ranunculus glacialis s.l.</description>
  </descriptions>
</resource></payload></oai_datacite></metadata></record>
