<record xmlns="http://www.openarchives.org/OAI/2.0/" xmlns:xsi="http://www.w3.org/2001/XMLSchema-instance"><header><identifier>oai:oai.datacite.org:1199841</identifier><datestamp>2015-10-26T20:25:05Z</datestamp><setSpec>CDL</setSpec><setSpec>CDL.DRYAD</setSpec></header><metadata><oai_datacite xmlns="http://schema.datacite.org/oai/oai-1.0/" xsi:schemaLocation="http://schema.datacite.org/oai/oai-1.0/ http://schema.datacite.org/oai/oai-1.0/oai.xsd"><isReferenceQuality>false</isReferenceQuality><schemaVersion>2.2</schemaVersion><datacentreSymbol>CDL.DRYAD</datacentreSymbol><payload><resource xmlns="http://datacite.org/schema/kernel-2.2" xmlns:dryad="http://purl.org/dryad/terms/" xmlns:dim="http://www.dspace.org/xmlns/dspace/dim" xmlns:dspace="http://www.dspace.org/xmlns/dspace/dim" xmlns:mets="http://www.loc.gov/METS/" xmlns:xsi="http://www.w3.org/2001/XMLSchema-instance" metadataVersionNumber="1" lastMetadataUpdate="2006-05-04" xsi:schemaLocation="http://datacite.org/schema/kernel-2.2 http://schema.datacite.org/meta/kernel-2.2/metadata.xsd">
  <identifier identifierType="DOI">10.5061/DRYAD.7B87B</identifier>
  <creators>
      <creator>
         <creatorName>Ronikier, Michal</creatorName>
      </creator>
      <creator>
         <creatorName>Schneeweiss, Gerald M.</creatorName>
      </creator>
      <creator>
         <creatorName>Sch&#246;nswetter, Peter</creatorName>
      </creator>
  </creators>
  <titles>
      <title>Data from: The extreme disjunction between Beringia and Europe in Ranunculus glacialis s. l. (Ranunculaceae) does not coincide with the deepest genetic split &#8211; a story of the importance of temperate mountain ranges in arctic-alpine phylogeography</title>
  </titles>
  <publisher>Dryad Digital Repository</publisher>
  <publicationYear>2012</publicationYear>
  <subjects>
      <subject>Arctic</subject>
      <subject>disjunction</subject>
      <subject>Climate Change</subject>
      <subject>European Alpine System</subject>
      <subject>migration</subject>
      <subject>refugia</subject>
      <subject>phylogeography</subject>
      <subject>Europe</subject>
      <subject>European Alpine System</subject>
      <subject>north-Atlantic Arctic</subject>
      <subject>Beringia</subject>
      <subject>Alaska</subject>
      <subject>Quaternary</subject>
      <subject>Ranunculus glacialis</subject>
      <subject>Ranunculus camissonis</subject>
  </subjects>
  <resourceType resourceTypeGeneral="Dataset">DataPackage</resourceType>
  <alternateIdentifiers>
      <alternateIdentifier alternateIdentifierType="citation">Ronikier M, Schneeweiss GM, Sch&#246;nswetter P (2012) The extreme disjunction between Beringia and Europe in Ranunculus glacialis s. l. (Ranunculaceae) does not coincide with the deepest genetic split &#8211; a story of the importance of temperate mountain ranges in arctic-alpine phylogeography.  Molecular Ecology 21(22): 5561&#8211;5578.</alternateIdentifier>
  </alternateIdentifiers>
  <relatedIdentifiers>
      <relatedIdentifier relationType="HasPart" relatedIdentifierType="DOI">10.5061/DRYAD.7B87B/1</relatedIdentifier>
      <relatedIdentifier relationType="HasPart" relatedIdentifierType="DOI">10.5061/DRYAD.7B87B/2</relatedIdentifier>
      <relatedIdentifier relationType="IsReferencedBy" relatedIdentifierType="DOI">10.1111/MEC.12030</relatedIdentifier>
      <relatedIdentifier relationType="IsReferencedBy" relatedIdentifierType="DOI"/>
  </relatedIdentifiers>
  <rights>http://creativecommons.org/publicdomain/zero/1.0/</rights>
</resource></payload></oai_datacite></metadata></record>
