<record xmlns="http://www.openarchives.org/OAI/2.0/" xmlns:xsi="http://www.w3.org/2001/XMLSchema-instance"><header><identifier>oai:oai.datacite.org:1199748</identifier><datestamp>2015-03-03T18:19:43Z</datestamp><setSpec>CDL</setSpec><setSpec>CDL.DRYAD</setSpec></header><metadata><oai_datacite xmlns="http://schema.datacite.org/oai/oai-1.0/" xsi:schemaLocation="http://schema.datacite.org/oai/oai-1.0/ http://schema.datacite.org/oai/oai-1.0/oai.xsd"><isReferenceQuality>false</isReferenceQuality><schemaVersion>2.2</schemaVersion><datacentreSymbol>CDL.DRYAD</datacentreSymbol><payload><resource xmlns="http://datacite.org/schema/kernel-2.2" xmlns:dryad="http://purl.org/dryad/terms/" xmlns:dim="http://www.dspace.org/xmlns/dspace/dim" xmlns:dspace="http://www.dspace.org/xmlns/dspace/dim" xmlns:mets="http://www.loc.gov/METS/" xmlns:xsi="http://www.w3.org/2001/XMLSchema-instance" metadataVersionNumber="1" lastMetadataUpdate="2006-05-04" xsi:schemaLocation="http://datacite.org/schema/kernel-2.2 http://schema.datacite.org/meta/kernel-2.2/metadata.xsd">
  <identifier identifierType="DOI">10.5061/DRYAD.D1C18/1</identifier>
  <creators>
      <creator>
         <creatorName>Fr&#233;d&#233;rich, Bruno</creatorName>
      </creator>
      <creator>
         <creatorName>Sorenson, Laurie</creatorName>
      </creator>
      <creator>
         <creatorName>Santini, Francesco</creatorName>
      </creator>
      <creator>
         <creatorName>Slater, Graham J.</creatorName>
      </creator>
      <creator>
         <creatorName>Alfaro, Michael E.</creatorName>
      </creator>
  </creators>
  <titles>
      <title>TableS1</title>
  </titles>
  <publisher>Dryad Digital Repository</publisher>
  <publicationYear>2015</publicationYear>
  <subjects>
      <subject>Phylogeny</subject>
      <subject>ecomorphological data</subject>
  </subjects>
  <dates>
      <date dateType="Accepted">2012-08-22</date>
  </dates>
  <resourceType resourceTypeGeneral="Dataset">DataFile</resourceType>
  <relatedIdentifiers>
      <relatedIdentifier relationType="IsPartOf" relatedIdentifierType="DOI">10.5061/DRYAD.D1C18.2</relatedIdentifier>
  </relatedIdentifiers>
  <sizes>
      <size>99840 bytes</size>
  </sizes>
  <rights>At the request of the author, this item is embargoed until the associated article is published.</rights>
  <descriptions>
      <description descriptionType="Other">List of studied species, with their ecological classifications (diet and farming behaviors) and their maximum standard length (SL). The origin of dissected specimens and Genbank number are also provided.</description>
  </descriptions>
</resource></payload></oai_datacite></metadata></record>
