<record xmlns="http://www.openarchives.org/OAI/2.0/" xmlns:xsi="http://www.w3.org/2001/XMLSchema-instance"><header><identifier>oai:oai.datacite.org:1199744</identifier><datestamp>2015-10-12T19:54:28Z</datestamp><setSpec>CDL</setSpec><setSpec>CDL.DRYAD</setSpec></header><metadata><oai_datacite xmlns="http://schema.datacite.org/oai/oai-1.0/" xsi:schemaLocation="http://schema.datacite.org/oai/oai-1.0/ http://schema.datacite.org/oai/oai-1.0/oai.xsd"><isReferenceQuality>false</isReferenceQuality><schemaVersion>2.2</schemaVersion><datacentreSymbol>CDL.DRYAD</datacentreSymbol><payload><resource xmlns="http://datacite.org/schema/kernel-2.2" xmlns:dryad="http://purl.org/dryad/terms/" xmlns:dim="http://www.dspace.org/xmlns/dspace/dim" xmlns:dspace="http://www.dspace.org/xmlns/dspace/dim" xmlns:mets="http://www.loc.gov/METS/" xmlns:xsi="http://www.w3.org/2001/XMLSchema-instance" metadataVersionNumber="1" lastMetadataUpdate="2006-05-04" xsi:schemaLocation="http://datacite.org/schema/kernel-2.2 http://schema.datacite.org/meta/kernel-2.2/metadata.xsd">
  <identifier identifierType="DOI">10.5061/DRYAD.N17D2</identifier>
  <creators>
      <creator>
         <creatorName>Igawa, Takeshi</creatorName>
      </creator>
      <creator>
         <creatorName>Oumi, Shohei</creatorName>
      </creator>
      <creator>
         <creatorName>Katsuren, Seiki</creatorName>
      </creator>
      <creator>
         <creatorName>Sumida, Masayuki</creatorName>
      </creator>
  </creators>
  <titles>
      <title>Data from: Population structure and landscape genetics of two endangered frog species of Genus Odorrana: different scenarios on two islands</title>
  </titles>
  <publisher>Dryad Digital Repository</publisher>
  <publicationYear>2012</publicationYear>
  <subjects>
      <subject>population genetics</subject>
      <subject>ecological niche modeling</subject>
      <subject>cost path analysis</subject>
      <subject>gene flow</subject>
      <subject>microsatellite</subject>
      <subject>endangered species</subject>
      <subject>Okinawa</subject>
      <subject>Amami</subject>
      <subject>Japan</subject>
      <subject>Odorrana ishikawae</subject>
      <subject>Odorrana splendida</subject>
  </subjects>
  <resourceType resourceTypeGeneral="Dataset">DataPackage</resourceType>
  <alternateIdentifiers>
      <alternateIdentifier alternateIdentifierType="citation">Igawa T, Oumi S, Katsuren S, Sumida M (2012)  Population structure and landscape genetics of two endangered frog species of Genus Odorrana: different scenarios on two islands. Heredity 110: 45-56.</alternateIdentifier>
  </alternateIdentifiers>
  <relatedIdentifiers>
      <relatedIdentifier relationType="HasPart" relatedIdentifierType="DOI">10.5061/DRYAD.N17D2/1</relatedIdentifier>
      <relatedIdentifier relationType="IsReferencedBy" relatedIdentifierType="DOI">10.1038/HDY.2012.59</relatedIdentifier>
      <relatedIdentifier relationType="IsReferencedBy" relatedIdentifierType="DOI"/>
  </relatedIdentifiers>
  <rights>http://creativecommons.org/publicdomain/zero/1.0/</rights>
</resource></payload></oai_datacite></metadata></record>
