<record xmlns="http://www.openarchives.org/OAI/2.0/" xmlns:xsi="http://www.w3.org/2001/XMLSchema-instance"><header><identifier>oai:oai.datacite.org:1199468</identifier><datestamp>2014-05-29T22:00:47Z</datestamp><setSpec>CDL</setSpec><setSpec>CDL.DRYAD</setSpec></header><metadata><oai_datacite xmlns="http://schema.datacite.org/oai/oai-1.0/" xsi:schemaLocation="http://schema.datacite.org/oai/oai-1.0/ http://schema.datacite.org/oai/oai-1.0/oai.xsd"><isReferenceQuality>false</isReferenceQuality><schemaVersion>2.2</schemaVersion><datacentreSymbol>CDL.DRYAD</datacentreSymbol><payload><resource xmlns="http://datacite.org/schema/kernel-2.2" xmlns:dryad="http://purl.org/dryad/terms/" xmlns:dim="http://www.dspace.org/xmlns/dspace/dim" xmlns:dspace="http://www.dspace.org/xmlns/dspace/dim" xmlns:mets="http://www.loc.gov/METS/" xmlns:xsi="http://www.w3.org/2001/XMLSchema-instance" metadataVersionNumber="1" lastMetadataUpdate="2006-05-04" xsi:schemaLocation="http://datacite.org/schema/kernel-2.2 http://schema.datacite.org/meta/kernel-2.2/metadata.xsd">
  <identifier identifierType="DOI">10.5061/DRYAD.B4783/1</identifier>
  <creators>
      <creator>
         <creatorName>Metcalf, Jessica L.</creatorName>
      </creator>
      <creator>
         <creatorName>Love Stowell, Sierra L.</creatorName>
      </creator>
      <creator>
         <creatorName>Kennedy, Christopher M.</creatorName>
      </creator>
      <creator>
         <creatorName>Rogers, Kevin B.</creatorName>
      </creator>
      <creator>
         <creatorName>McDonald, Daniel</creatorName>
      </creator>
      <creator>
         <creatorName>Keepers, Kyle</creatorName>
      </creator>
      <creator>
         <creatorName>Epp, Janet</creatorName>
      </creator>
      <creator>
         <creatorName>Cooper, Alan</creatorName>
      </creator>
      <creator>
         <creatorName>Austin, Jeremy J.</creatorName>
      </creator>
      <creator>
         <creatorName>Martin, Andrew P.</creatorName>
      </creator>
  </creators>
  <titles>
      <title>Museum_sample_Table</title>
  </titles>
  <publisher>Dryad Digital Repository</publisher>
  <publicationYear>2012</publicationYear>
  <subjects>
      <subject>Conservation Genetics</subject>
      <subject>historic records</subject>
      <subject>Phylogeography</subject>
      <subject>ancient DNA</subject>
      <subject>greenback cutthroat trout</subject>
      <subject>Colorado</subject>
      <subject>USA</subject>
      <subject>historic (150 years)</subject>
      <subject>Oncorhynchus clarkii stomias</subject>
      <subject>Oncorhynchus clarkii</subject>
  </subjects>
  <dates>
      <date dateType="Accepted">2012-08-20</date>
  </dates>
  <resourceType resourceTypeGeneral="Dataset">DataFile</resourceType>
  <relatedIdentifiers>
      <relatedIdentifier relationType="IsPartOf" relatedIdentifierType="DOI">10.5061/DRYAD.B4783</relatedIdentifier>
  </relatedIdentifiers>
  <rights>http://creativecommons.org/publicdomain/zero/1.0/</rights>
  <descriptions>
      <description descriptionType="Other"/>
  </descriptions>
</resource></payload></oai_datacite></metadata></record>
