<record xmlns="http://www.openarchives.org/OAI/2.0/" xmlns:xsi="http://www.w3.org/2001/XMLSchema-instance"><header><identifier>oai:oai.datacite.org:1200131</identifier><datestamp>2015-10-05T06:31:05Z</datestamp><setSpec>CDL</setSpec><setSpec>CDL.DRYAD</setSpec></header><metadata><oai_datacite xmlns="http://schema.datacite.org/oai/oai-1.0/" xsi:schemaLocation="http://schema.datacite.org/oai/oai-1.0/ http://schema.datacite.org/oai/oai-1.0/oai.xsd"><isReferenceQuality>false</isReferenceQuality><schemaVersion>2.2</schemaVersion><datacentreSymbol>CDL.DRYAD</datacentreSymbol><payload><resource xmlns="http://datacite.org/schema/kernel-2.2" xmlns:dryad="http://purl.org/dryad/terms/" xmlns:dim="http://www.dspace.org/xmlns/dspace/dim" xmlns:dspace="http://www.dspace.org/xmlns/dspace/dim" xmlns:mets="http://www.loc.gov/METS/" xmlns:xsi="http://www.w3.org/2001/XMLSchema-instance" metadataVersionNumber="1" lastMetadataUpdate="2006-05-04" xsi:schemaLocation="http://datacite.org/schema/kernel-2.2 http://schema.datacite.org/meta/kernel-2.2/metadata.xsd">
  <identifier identifierType="DOI">10.5061/DRYAD.VC86N/3</identifier>
  <creators>
      <creator>
         <creatorName>Stopher, Katie V.</creatorName>
      </creator>
      <creator>
         <creatorName>Nussey, Daniel H.</creatorName>
      </creator>
      <creator>
         <creatorName>Clutton-Brock, Tim H.</creatorName>
      </creator>
      <creator>
         <creatorName>Guinness, Fiona</creatorName>
      </creator>
      <creator>
         <creatorName>Morris, Alison</creatorName>
      </creator>
      <creator>
         <creatorName>Pemberton, Josephine M.</creatorName>
      </creator>
  </creators>
  <titles>
      <title>Male Rut Data</title>
  </titles>
  <publisher>Dryad Digital Repository</publisher>
  <publicationYear>2012</publicationYear>
  <subjects>
      <subject>Genetic structure</subject>
      <subject>Philopatry</subject>
      <subject>Relatedness</subject>
      <subject>Dispersal</subject>
      <subject>Inbreeding avoidance</subject>
      <subject>Cervus elaphus</subject>
  </subjects>
  <dates>
      <date dateType="Accepted">2012-10-05</date>
  </dates>
  <resourceType resourceTypeGeneral="Dataset">DataFile</resourceType>
  <relatedIdentifiers>
      <relatedIdentifier relationType="IsPartOf" relatedIdentifierType="DOI">10.5061/DRYAD.VC86N</relatedIdentifier>
  </relatedIdentifiers>
  <sizes>
      <size>744 bytes</size>
      <size>4527814 bytes</size>
  </sizes>
  <rights>http://creativecommons.org/publicdomain/zero/1.0/</rights>
  <descriptions>
      <description descriptionType="Other">Male rut data, from observations. Please see ReadMe file.</description>
  </descriptions>
</resource></payload></oai_datacite></metadata></record>
