<record xmlns="http://www.openarchives.org/OAI/2.0/" xmlns:xsi="http://www.w3.org/2001/XMLSchema-instance"><header><identifier>oai:oai.datacite.org:1200345</identifier><datestamp>2015-10-26T16:09:47Z</datestamp><setSpec>CDL</setSpec><setSpec>CDL.DRYAD</setSpec></header><metadata><oai_datacite xmlns="http://schema.datacite.org/oai/oai-1.0/" xsi:schemaLocation="http://schema.datacite.org/oai/oai-1.0/ http://schema.datacite.org/oai/oai-1.0/oai.xsd"><isReferenceQuality>false</isReferenceQuality><schemaVersion>2.2</schemaVersion><datacentreSymbol>CDL.DRYAD</datacentreSymbol><payload><resource xmlns="http://datacite.org/schema/kernel-2.2" xmlns:dryad="http://purl.org/dryad/terms/" xmlns:dim="http://www.dspace.org/xmlns/dspace/dim" xmlns:dspace="http://www.dspace.org/xmlns/dspace/dim" xmlns:mets="http://www.loc.gov/METS/" xmlns:xsi="http://www.w3.org/2001/XMLSchema-instance" metadataVersionNumber="1" lastMetadataUpdate="2006-05-04" xsi:schemaLocation="http://datacite.org/schema/kernel-2.2 http://schema.datacite.org/meta/kernel-2.2/metadata.xsd">
  <identifier identifierType="DOI">10.5061/DRYAD.CN72P</identifier>
  <creators>
      <creator>
         <creatorName>Dunn, Peter O.</creatorName>
      </creator>
      <creator>
         <creatorName>Bollmer, Jennifer L.</creatorName>
      </creator>
      <creator>
         <creatorName>Freeman-Gallant, Corey R.</creatorName>
      </creator>
      <creator>
         <creatorName>Whittingham, Linda A.</creatorName>
      </creator>
  </creators>
  <titles>
      <title>Data from: MHC variation is related to a sexually selected ornament, survival and parasite resistance in common yellowthroats</title>
  </titles>
  <publisher>Dryad Digital Repository</publisher>
  <publicationYear>2012</publicationYear>
  <subjects>
      <subject>Behavior</subject>
      <subject>Selection - Sexual</subject>
      <subject>Parasitism</subject>
      <subject>Genetic Variation</subject>
      <subject>Wisconsin</subject>
      <subject>USA</subject>
      <subject>Geothlypis trichas</subject>
  </subjects>
  <resourceType resourceTypeGeneral="Dataset">DataPackage</resourceType>
  <alternateIdentifiers>
      <alternateIdentifier alternateIdentifierType="citation">Dunn PO, Bollmer JL, Freeman-Gallant CR, Whittingham LA (2012) Data from: MHC variation is related to a sexually selected ornament, survival and parasite resistance in common yellowthroats. Evolution 67(3): 679&#8211;687.</alternateIdentifier>
  </alternateIdentifiers>
  <relatedIdentifiers>
      <relatedIdentifier relationType="HasPart" relatedIdentifierType="DOI">10.5061/DRYAD.CN72P/1</relatedIdentifier>
      <relatedIdentifier relationType="IsReferencedBy" relatedIdentifierType="DOI">10.1111/J.1558-5646.2012.01799.X</relatedIdentifier>
      <relatedIdentifier relationType="IsReferencedBy" relatedIdentifierType="DOI"/>
  </relatedIdentifiers>
  <rights>http://creativecommons.org/publicdomain/zero/1.0/</rights>
</resource></payload></oai_datacite></metadata></record>
