<record xmlns="http://www.openarchives.org/OAI/2.0/" xmlns:xsi="http://www.w3.org/2001/XMLSchema-instance"><header><identifier>oai:oai.datacite.org:1200138</identifier><datestamp>2014-05-30T00:19:12Z</datestamp><setSpec>CDL</setSpec><setSpec>CDL.DRYAD</setSpec></header><metadata><oai_datacite xmlns="http://schema.datacite.org/oai/oai-1.0/" xsi:schemaLocation="http://schema.datacite.org/oai/oai-1.0/ http://schema.datacite.org/oai/oai-1.0/oai.xsd"><isReferenceQuality>false</isReferenceQuality><schemaVersion>2.2</schemaVersion><datacentreSymbol>CDL.DRYAD</datacentreSymbol><payload><resource xmlns="http://datacite.org/schema/kernel-2.2" xmlns:dryad="http://purl.org/dryad/terms/" xmlns:dim="http://www.dspace.org/xmlns/dspace/dim" xmlns:dspace="http://www.dspace.org/xmlns/dspace/dim" xmlns:mets="http://www.loc.gov/METS/" xmlns:xsi="http://www.w3.org/2001/XMLSchema-instance" metadataVersionNumber="1" lastMetadataUpdate="2006-05-04" xsi:schemaLocation="http://datacite.org/schema/kernel-2.2 http://schema.datacite.org/meta/kernel-2.2/metadata.xsd">
  <identifier identifierType="DOI">10.5061/DRYAD.12J03</identifier>
  <creators>
      <creator>
         <creatorName>Roche, Daniel P.</creatorName>
      </creator>
      <creator>
         <creatorName>McGhee, Katie E.</creatorName>
      </creator>
      <creator>
         <creatorName>Bell, Alison M.</creatorName>
      </creator>
  </creators>
  <titles>
      <title>Data from: Maternal predator-exposure has life-long consequences for offspring learning in threespined sticklebacks</title>
  </titles>
  <publisher>Dryad Digital Repository</publisher>
  <publicationYear>2012</publicationYear>
  <subjects>
      <subject>behavioural plasticity</subject>
      <subject>colour association</subject>
      <subject>discrimination learning</subject>
      <subject>maternal effects</subject>
      <subject>maternal stress</subject>
      <subject>transgenerational plasticity</subject>
      <subject>threespined stickleback</subject>
      <subject>California</subject>
      <subject>present</subject>
      <subject>Gasterosteus aculeatus</subject>
  </subjects>
  <resourceType resourceTypeGeneral="Dataset">DataPackage</resourceType>
  <alternateIdentifiers>
      <alternateIdentifier alternateIdentifierType="citation">Roche DP, McGhee KE, Bell AM (2012) Maternal predator-exposure has life-long consequences for offspring learning in threespined sticklebacks. Biology Letters 8(6): 932-935.</alternateIdentifier>
  </alternateIdentifiers>
  <relatedIdentifiers>
      <relatedIdentifier relationType="HasPart" relatedIdentifierType="DOI">10.5061/DRYAD.12J03/1</relatedIdentifier>
      <relatedIdentifier relationType="IsReferencedBy" relatedIdentifierType="DOI">10.1098/RSBL.2012.0685</relatedIdentifier>
      <relatedIdentifier relationType="IsReferencedBy" relatedIdentifierType="DOI"/>
  </relatedIdentifiers>
  <rights>http://creativecommons.org/publicdomain/zero/1.0/</rights>
</resource></payload></oai_datacite></metadata></record>
