<record xmlns="http://www.openarchives.org/OAI/2.0/" xmlns:xsi="http://www.w3.org/2001/XMLSchema-instance"><header><identifier>oai:oai.datacite.org:1200150</identifier><datestamp>2015-10-19T21:24:08Z</datestamp><setSpec>CDL</setSpec><setSpec>CDL.DRYAD</setSpec></header><metadata><oai_datacite xmlns="http://schema.datacite.org/oai/oai-1.0/" xsi:schemaLocation="http://schema.datacite.org/oai/oai-1.0/ http://schema.datacite.org/oai/oai-1.0/oai.xsd"><isReferenceQuality>false</isReferenceQuality><schemaVersion>2.2</schemaVersion><datacentreSymbol>CDL.DRYAD</datacentreSymbol><payload><resource xmlns="http://datacite.org/schema/kernel-2.2" xmlns:dryad="http://purl.org/dryad/terms/" xmlns:dim="http://www.dspace.org/xmlns/dspace/dim" xmlns:dspace="http://www.dspace.org/xmlns/dspace/dim" xmlns:mets="http://www.loc.gov/METS/" xmlns:xsi="http://www.w3.org/2001/XMLSchema-instance" metadataVersionNumber="1" lastMetadataUpdate="2006-05-04" xsi:schemaLocation="http://datacite.org/schema/kernel-2.2 http://schema.datacite.org/meta/kernel-2.2/metadata.xsd">
  <identifier identifierType="DOI">10.5061/DRYAD.FK11B</identifier>
  <creators>
      <creator>
         <creatorName>Moreira, Xoaqu&#237;n</creatorName>
      </creator>
      <creator>
         <creatorName>Mooney, Kailen A.</creatorName>
      </creator>
      <creator>
         <creatorName>Zas, Rafael</creatorName>
      </creator>
      <creator>
         <creatorName>Sampedro, Luis</creatorName>
      </creator>
  </creators>
  <titles>
      <title>Data from: Bottom-up effects of host-plant species diversity and top-down effects of ants interactively increase plant performance</title>
  </titles>
  <publisher>Dryad Digital Repository</publisher>
  <publicationYear>2012</publicationYear>
  <subjects>
      <subject>bottom-up effects</subject>
      <subject>arthropod community structure</subject>
      <subject>multi-trophic interactions</subject>
      <subject>plant diversity</subject>
      <subject>top-down effects</subject>
      <subject>plant-aphid-ant mutualism</subject>
      <subject>aphid predators</subject>
      <subject>plant productivity</subject>
      <subject>Galicia</subject>
      <subject>Northwest Spain</subject>
      <subject>Spain</subject>
      <subject>Southern Europe</subject>
      <subject>Pinus pinaster</subject>
      <subject>Pinus radiata</subject>
      <subject>Pinus sylvestris</subject>
      <subject>Pinus pinea</subject>
      <subject>Lasius grandis</subject>
      <subject>Pissodes castaneus</subject>
      <subject>Stictocephala bisonia</subject>
      <subject>Leucaspis pini</subject>
      <subject>Pentatoma rufipes</subject>
      <subject>Dolichovespula media</subject>
      <subject>Adalia bipunctata</subject>
      <subject>Coccinella septempunctata</subject>
      <subject>Cinara maritimae</subject>
      <subject>Cinara pini</subject>
  </subjects>
  <resourceType resourceTypeGeneral="Dataset">DataPackage</resourceType>
  <alternateIdentifiers>
      <alternateIdentifier alternateIdentifierType="citation">Moreira X, Mooney KA, Zas R, Sampedro L (2012) Bottom-up effects of host-plant species diversity and top-down effects of ants interactively increase plant performance.Proceedings of the Royal Society B 279(1746): 4464-4472.</alternateIdentifier>
  </alternateIdentifiers>
  <relatedIdentifiers>
      <relatedIdentifier relationType="HasPart" relatedIdentifierType="DOI">10.5061/DRYAD.FK11B/1</relatedIdentifier>
      <relatedIdentifier relationType="IsReferencedBy" relatedIdentifierType="DOI">10.1098/RSPB.2012.0893</relatedIdentifier>
      <relatedIdentifier relationType="IsReferencedBy" relatedIdentifierType="DOI"/>
  </relatedIdentifiers>
  <rights>http://creativecommons.org/publicdomain/zero/1.0/</rights>
</resource></payload></oai_datacite></metadata></record>
