<record xmlns="http://www.openarchives.org/OAI/2.0/" xmlns:xsi="http://www.w3.org/2001/XMLSchema-instance"><header><identifier>oai:oai.datacite.org:1200352</identifier><datestamp>2014-05-29T22:10:04Z</datestamp><setSpec>CDL</setSpec><setSpec>CDL.DRYAD</setSpec></header><metadata><oai_datacite xmlns="http://schema.datacite.org/oai/oai-1.0/" xsi:schemaLocation="http://schema.datacite.org/oai/oai-1.0/ http://schema.datacite.org/oai/oai-1.0/oai.xsd"><isReferenceQuality>false</isReferenceQuality><schemaVersion>2.2</schemaVersion><datacentreSymbol>CDL.DRYAD</datacentreSymbol><payload><resource xmlns="http://datacite.org/schema/kernel-2.2" xmlns:dryad="http://purl.org/dryad/terms/" xmlns:dim="http://www.dspace.org/xmlns/dspace/dim" xmlns:dspace="http://www.dspace.org/xmlns/dspace/dim" xmlns:mets="http://www.loc.gov/METS/" xmlns:xsi="http://www.w3.org/2001/XMLSchema-instance" metadataVersionNumber="1" lastMetadataUpdate="2006-05-04" xsi:schemaLocation="http://datacite.org/schema/kernel-2.2 http://schema.datacite.org/meta/kernel-2.2/metadata.xsd">
  <identifier identifierType="DOI">10.5061/DRYAD.D3623/1</identifier>
  <creators>
      <creator>
         <creatorName>Maestre, Fernando T.</creatorName>
      </creator>
  </creators>
  <titles>
      <title>Data from a greenhouse experiment aiming to test the effects of the heterogeneity and availability of water and nutrientes on plant community attributes</title>
  </titles>
  <publisher>Dryad Digital Repository</publisher>
  <publicationYear>2012</publicationYear>
  <subjects>
      <subject>competition</subject>
      <subject>global change</subject>
      <subject>microcosm</subject>
      <subject>plant assemblages</subject>
      <subject>resource availability</subject>
      <subject>resource heterogeneity</subject>
      <subject>Duke University Phytotron</subject>
      <subject>Durham</subject>
      <subject>North Carolina</subject>
      <subject>USA</subject>
      <subject>Holocene</subject>
      <subject>Trifolium repens</subject>
      <subject>Anthoxantum odoratum</subject>
      <subject>Holcus lanatus</subject>
      <subject>Lolium perenne</subject>
      <subject>Plantago lanceolata</subject>
  </subjects>
  <dates>
      <date dateType="Accepted">2012-08-27</date>
  </dates>
  <resourceType resourceTypeGeneral="Dataset">DataFile</resourceType>
  <relatedIdentifiers>
      <relatedIdentifier relationType="IsPartOf" relatedIdentifierType="DOI">10.5061/DRYAD.D3623</relatedIdentifier>
  </relatedIdentifiers>
  <rights>http://creativecommons.org/publicdomain/zero/1.0/</rights>
  <descriptions>
      <description descriptionType="Other"/>
  </descriptions>
</resource></payload></oai_datacite></metadata></record>
