<record xmlns="http://www.openarchives.org/OAI/2.0/" xmlns:xsi="http://www.w3.org/2001/XMLSchema-instance"><header><identifier>oai:oai.datacite.org:1200341</identifier><datestamp>2014-05-30T01:54:09Z</datestamp><setSpec>CDL</setSpec><setSpec>CDL.DRYAD</setSpec></header><metadata><oai_datacite xmlns="http://schema.datacite.org/oai/oai-1.0/" xsi:schemaLocation="http://schema.datacite.org/oai/oai-1.0/ http://schema.datacite.org/oai/oai-1.0/oai.xsd"><isReferenceQuality>false</isReferenceQuality><schemaVersion>2.2</schemaVersion><datacentreSymbol>CDL.DRYAD</datacentreSymbol><payload><resource xmlns="http://datacite.org/schema/kernel-2.2" xmlns:dryad="http://purl.org/dryad/terms/" xmlns:dim="http://www.dspace.org/xmlns/dspace/dim" xmlns:dspace="http://www.dspace.org/xmlns/dspace/dim" xmlns:mets="http://www.loc.gov/METS/" xmlns:xsi="http://www.w3.org/2001/XMLSchema-instance" metadataVersionNumber="1" lastMetadataUpdate="2006-05-04" xsi:schemaLocation="http://datacite.org/schema/kernel-2.2 http://schema.datacite.org/meta/kernel-2.2/metadata.xsd">
  <identifier identifierType="DOI">10.5061/DRYAD.CS16K/1</identifier>
  <creators>
      <creator>
         <creatorName>Archer, Catharine Ruth</creatorName>
      </creator>
      <creator>
         <creatorName>Sakaluk, Scott K.</creatorName>
      </creator>
      <creator>
         <creatorName>Selman, Colin</creatorName>
      </creator>
      <creator>
         <creatorName>Royle, Nick</creatorName>
      </creator>
      <creator>
         <creatorName>Hunt, John</creatorName>
      </creator>
  </creators>
  <titles>
      <title>Data_DryadAnnotated_Archer</title>
  </titles>
  <publisher>Dryad Digital Repository</publisher>
  <publicationYear>2012</publicationYear>
  <subjects>
      <subject>Life-History Evolution</subject>
      <subject>Senescence</subject>
      <subject>Selection - Sexual</subject>
      <subject>Physiology</subject>
      <subject>Quantitative Genetics</subject>
      <subject>Trade-Offs</subject>
      <subject>Gryllodes sigillatus</subject>
  </subjects>
  <dates>
      <date dateType="Accepted">2012-08-27</date>
  </dates>
  <resourceType resourceTypeGeneral="Dataset">DataFile</resourceType>
  <relatedIdentifiers>
      <relatedIdentifier relationType="IsPartOf" relatedIdentifierType="DOI">10.5061/DRYAD.CS16K</relatedIdentifier>
  </relatedIdentifiers>
  <rights>http://creativecommons.org/publicdomain/zero/1.0/</rights>
  <descriptions>
      <description descriptionType="Other"/>
  </descriptions>
</resource></payload></oai_datacite></metadata></record>
